ད་ལྟ,འདས་པ,མ་འོངས,སྐུལ་ཚིག,TDC,PH,GT,KN
ཀེར,ཀེར༼ད༽,ཀེར,ཀེར༼ད༽,,,GT,
ཀེར,ཀེར,ཀེར,,TDC,,,
ཀེར,ཀེར,ཀེར,ཀེར,PH,,,
ཀོང,བཀོངས,བཀོང,ཀོངས,,,GT,
ཀྲོང,བཀྲོངས,བཀྲོང,ཀྲོངས,,,,KN
ཀླུབ,ཀླུབས,ཀླུབ,ཀླུབས,,,GT,
ཀླུབ,བཀླུབས,བཀླུབ,ཀླུབས,TDC,PH,GT,KN
ཀློག,བཀླགས,བཀླག,ཀློགས,TDC,PH,GT,KN
དཀའ,དཀའ,དཀའ,,TDC,PH,,
དཀུ,དཀུ,དཀུ,,TDC,PH,,
དཀྱུ,དཀྱུས,དཀྱུ,དཀྱུས,TDC,PH,GT,
དཀྱུ,དཀྱུས,དཀྱུ,བཀྱུས,,,,KN
དཀྲི,དཀྲིས,དཀྲི,དཀྲིས,TDC,PH,GT,KN
དཀྲིག,དཀྲིགས,དཀྲིག,དཀྲིགས,TDC,PH,GT,KN
དཀྲུག,དཀྲུགས,དཀྲུག,དཀྲུགས,TDC,PH,GT,KN
དཀྲུམ,དཀྲུམས,དཀྲུམ,དཀྲུམས,TDC,PH,GT,
དཀྲོག,དཀྲོགས,དཀྲོག,དཀྲོགས,TDC,PH,GT,KN
དཀྲོལ,དཀྲོལ༼ད༽,དཀྲོལ,དཀྲོལ༼ད༽,,,GT,
དཀྲོལ,དཀྲོལ,དཀྲོལ,དཀྲོལ,TDC,PH,,KN
དཀྲོས,བཀྲོས,བཀྲོས,དཀྲོས,,,GT,
བཀན,བཀན༼ད༽,བཀན,བཀན༼ད༽,,,GT,
བཀན,བཀན,བཀན,བཀན,TDC,PH,,KN
བཀུ,བཀུས,བཀུ,བཀུས,TDC,PH,,KN
བཀུར,བཀུར,བཀུར,བཀུར,TDC,PH,,KN
བཀོང,བཀོང,བཀོང,བཀོང,TDC,PH,,
བཀོང,བཀོངས,བཀོང,བཀོང,,,,KN
བཀོན,བཀོན,བཀོན,བཀོན,,,,KN
བཀོལ,བཀོལ,བཀོལ,བཀོལ,,,,KN
བཀོལ,བཀོལ,བཀོལ,ཁོལ,TDC,PH,,
བཀྱོན,བཀྱོན༼ད༽,བཀྱོན,བཀྱོན༼ད༽,,,GT,
བཀྱོན,བཀྱོན,བཀྱོན,བཀྱོན,TDC,PH,,KN
བཀྲབ,བཀྲབས,བཀྲབ,བཀྲོབས,TDC,PH,,KN
བཀྲམ,བཀྲམས,བཀྲམ,,TDC,,,
བཀྲལ,བཀྲལ,བཀྲལ,བཀྲོལ,TDC,PH,,
བཀྲི,བཀྲིས,བཀྲི,བཀྲིས,TDC,PH,,KN
བཀྲེས,བཀྲེས,བཀྲེས,,TDC,PH,,
བཀྲེས,བཀྲེས,བཀྲེས,བཀྲེས,,,GT,
རྐམ,བརྐམ,བརྐམ,,,PH,,
རྐམ,བརྐམས,བརྐམ,རྐམས,,,GT,
རྐུ,བརྐུས,བརྐུ,རྐུས,TDC,PH,GT,KN
རྐོ,བརྐོས,བརྐོ,རྐོས,TDC,PH,GT,KN
རྐོན,བརྐོན༼ད༽,བརྐོན,རྐོན༼ད༽,,,GT,
རྐྱལ,རྐྱལ,རྐྱལ,རྐྱོལ,TDC,PH,,KN
རྐྱོང,བརྐྱངས,བརྐྱང,རྐྱོངས,TDC,PH,GT,KN
ལྐུག,ལྐུགས,ལྐུག,ལྐུགས,,PH,GT,
ལྐུགས,ལྐུགས,ལྐུགས,,TDC,,,
སྐམ,བསྐམས,བསྐམ,སྐམས,,,GT,
སྐུ༼སྐུད༽,བསྐུས,བསྐུ,སྐུས,,,GT,
སྐུག,བསྐུགས,བསྐུག,སྐུགས,TDC,PH,,KN
སྐུང,བསྐུངས,བསྐུང,སྐུངས,TDC,PH,GT,KN
སྐུད,བསྐུས,སྐུ,སྐུས,,,,KN
སྐུད,བསྐུས,བསྐུ,སྐུས,TDC,PH,,
སྐུམ,བསྐུམས,བསྐུམ,སྐུམས,TDC,PH,GT,KN
སྐུར,བསྐུར༼ད༽,བསྐུར,སྐུར༼ད༽,,,GT,
སྐུར,བསྐུར,བསྐུར,སྐུར,TDC,PH,,KN
སྐུལ,བསྐུལ༼ད༽,བསྐུལ,སྐུལ༼ད༽,,,GT,
སྐུལ,བསྐུལ,བསྐུལ,སྐུལ,TDC,PH,,KN
སྐེམ,བསྐམས,བསྐམ,སྐོམས,TDC,PH,,KN
སྐེམ༼སྐམ༽,བསྐམས,བསྐམ,སྐེམས༼སྐམས༽,,,GT,
སྐོ,བསྐོས,བསྐོ,སྐོས,TDC,PH,GT,KN
སྐོང,བསྐངས,བསྐང,སྐོངས,TDC,PH,GT,KN
སྐོང,བསྐོངས,བསྐོང,སྐོངས,TDC,PH,,
སྐོན,བསྐོན༼ད༽,བསྐོན,སྐོན༼ད༽,,,GT,
སྐོན,བསྐོན,སྐོན,སྐོན,,,,KN
སྐོན,བསྐོན,བསྐོན,སྐོན,TDC,PH,,
སྐོམ,སྐོམས,སྐོམ,,TDC,PH,,
སྐོར,བསྐོར༼ད༽,བསྐོར,སྐོར༼ད༽,,,GT,
སྐོར,བསྐོར,སྐོར,སྐོར,,,,KN
སྐོར,བསྐོར,བསྐོར,སྐོར,TDC,PH,,
སྐོལ,བསྐོལ༼ད༽,བསྐོལ,སྐོལ༼ད༽,,,GT,
སྐོལ,བསྐོལ,བསྐོལ,སྐོལ,TDC,PH,,
སྐྱ,བསྐྱས,བསྐྱ,སྐྱས,,,GT,
སྐྱ,བསྐྱས,བསྐྱ,སྐྱོས,TDC,PH,,
སྐྱད,བསྐྱད,བསྐྱད,སྐྱད,,,GT,
སྐྱི,བསྐྱིས,བསྐྱི,སྐྱིས,TDC,PH,GT,KN
སྐྱིག,བསྐྱིགས,བསྐྱིག,སྐྱིགས,,,GT,
སྐྱིན,བསྐྱིན༼ད༽,བསྐྱིན,སྐྱིན༼ད༽,,,GT,
སྐྱིལ,བསྐྱིལ༼ད༽,བསྐྱིལ,སྐྱིལ༼ད༽,,,GT,
སྐྱིལ,བསྐྱིལ,བསྐྱིལ,སྐྱིལ,TDC,PH,,KN
སྐྱུག,སྐྱུགས,སྐྱུག,སྐྱུགས,,,GT,
སྐྱུག,བསྐྱུགས,བསྐྱུག,སྐྱུགས,TDC,PH,GT,KN
སྐྱུང,བསྐྱུངས,བསྐྱུང,སྐྱུངས,TDC,PH,GT,KN
སྐྱུད,བསྐྱུད,བསྐྱུད,,TDC,,,
སྐྱུད,བསྐྱུད,བསྐྱུད,སྐྱུད,,PH,GT,KN
སྐྱུར,བསྐྱུར༼ད༽,བསྐྱུར,སྐྱུར༼ད༽,,,GT,
སྐྱུར,བསྐྱུར,བསྐྱུར,སྐྱུར,TDC,PH,,KN
སྐྱེ,སྐྱེས,སྐྱེ,,TDC,,,KN
སྐྱེ,སྐྱེས,སྐྱེ,སྐྱེས,,PH,GT,
སྐྱེང,སྐྱེངས,སྐྱེང,སྐྱེངས,,,GT,
སྐྱེང,བསྐྱེངས,བསྐྱེང,སྐྱེངས,,,GT,
སྐྱེངས,སྐྱེངས,སྐྱེངས,,TDC,PH,,
སྐྱེད,བསྐྱེད,བསྐྱེད,སྐྱེད,TDC,PH,GT,KN
སྐྱེལ,བསྐྱལ༼ད༽,བསྐལ,སྐྱོལ༼ད༽༼སྐྱོལ༽,,,GT,
སྐྱེལ,བསྐྱལ,བསྐྱལ,སྐྱོལ,TDC,PH,,KN
སྐྱོ,སྐྱོ,སྐྱོ,,TDC,PH,,
སྐྱོ,སྐྱོ,སྐྱོ,སྐྱོ,,,GT,
སྐྱོག,བསྐྱོགས,བསྐྱོག,སྐྱོགས,TDC,PH,GT,
སྐྱོང,བསྐྱངས,བསྐྱང,སྐྱོངས,TDC,PH,GT,KN
སྐྱོད,བསྐྱོད,བསྐྱོད,,TDC,,,
སྐྱོད,བསྐྱོད,བསྐྱོད,སྐྱོད,TDC,PH,GT,KN
སྐྱོན,སྐྱོན༼ད༽,སྐྱོན,སྐྱོན༼ད༽,,,GT,
སྐྱོན,བསྐྱོན༼ད༽,བསྐྱོན,སྐྱོན༼ད༽,,,GT,
སྐྱོན,བསྐྱོན,བསྐྱོན,སྐྱོན,TDC,PH,,KN
སྐྱོབ,བསྐྱབས,བསྐྱབ,སྐྱོབས,TDC,PH,GT,KN
སྐྱོམ,བསྐྱམས,བསྐྱམ,སྐྱོམས,TDC,PH,GT,KN
སྐྱོར,བསྐྱར༼ད༽,བསྐྱར,སྐྱོར༼ད༽,,,GT,
སྐྱོར,བསྐྱར,བསྐྱར,སྐྱོར,TDC,PH,,KN
སྐྱོར,བསྐྱོར༼ད༽,བསྐྱོར,སྐྱོར༼ད༽,,,GT,
སྐྱོར,བསྐྱོར,བསྐྱོར,སྐྱོར,TDC,PH,,
སྐྲག,སྐྲག,སྐྲག,,TDC,,,
སྐྲག,སྐྲགས,སྒྲག,སྐྲགས,,PH,GT,
སྐྲང,སྐྲངས,སྐྲང,,TDC,,,KN
སྐྲང,སྐྲངས,སྐྲང,སྐྲངས,,PH,GT,
སྐྲང,བསྐྲངས,བསྐྲང,སྐྲངས,,,GT,
སྐྲབ,བསྐྲབས,བསྐྲབ,སྐྲབས,,PH,GT,
སྐྲུ,བསྐྲུས,བསྐྲུ,སྐྲུས,TDC,PH,GT,KN
སྐྲུན,བསྐྲུན༼ད༽,བསྐྲུན,སྐྲུན༼ད༽,,,GT,
སྐྲུན,བསྐྲུན,བསྐྲུན,སྐྲུན,TDC,PH,,KN
སྐྲོག,བསྐྲོགས,བསྐྲོག,སྐྲོགས,TDC,PH,,
སྐྲོད,བསྐྲད,བསྐྲད,སྐྲོད,TDC,PH,GT,KN
སྐྲོལ,བསྐྲོལ༼ད༽,བསྐྲོལ,སྐྲོལ༼ད༽,,,GT,
བརྐམ,བརྐམ,བརྐམ,,TDC,PH,,
བསྐལ,བསྐལ,བསྐལ,,TDC,PH,,
ཁུག,ཁུགས,ཁུག,,TDC,PH,,
ཁེག,ཁེགས,ཁེག,,TDC,PH,,
ཁེང,ཁེངས,ཁེང,,TDC,,,KN
ཁེང,ཁེངས,ཁེང,ཁེངས,,PH,GT,
ཁེབས,ཁེབས,ཁེབས,,TDC,PH,,
ཁོམ,ཁོམ,ཁོམ,,TDC,PH,,
ཁྱག,ཁྱག,ཁྱག,ཁྱག,TDC,PH,,
ཁྱག,ཁྱགས,ཁྱག,ཁྱགས,TDC,PH,GT,
ཁྱབ,ཁྱབ,ཁྱབ,,TDC,,,
ཁྱབ,ཁྱབ,ཁྱབ,ཁྱབ,,PH,GT,KN
ཁྱུར,འཁྱུར༼ད༽,འཁྱུར,ཁྱུར༼ད༽,,,GT,
ཁྱོག,ཁྱོག,ཁྱོག,,TDC,PH,,
ཁྲེམས,ཁྲེམས,ཁྲེམས,,TDC,PH,,
ཁྲེལ,ཁྲེལ,ཁྲེལ,,TDC,PH,,
ཁྲོ,ཁྲོས,ཁྲོ,,TDC,PH,,
ཁྲོ,ཁྲོས,ཁྲོ,ཁྲོས,,,GT,KN
མཁས,མཁས,མཁས,,TDC,,,
མཁས,མཁས,མཁས,མཁས,,PH,GT,KN
མཁོ,མཁོ,མཁོ,,TDC,,,
མཁོ,མཁོ,མཁོ,མཁོ,,PH,GT,
མཁྱུད,མཁྱུད,མཁྱུད,མཁྱུད,TDC,PH,GT,KN
མཁྱེན,མཁྱེན༼ད༽,མཁྱེན,མཁྱེན༼ད༽,,,GT,
མཁྱེན,མཁྱེན,མཁྱེན,མཁྱེན,TDC,PH,,KN
འཁང,འཁངས,འཁང,,TDC,,,
འཁང,འཁངས,འཁང,འཁངས,,PH,GT,KN
འཁམ,འཁམས,འཁམ,འཁམས,,PH,GT,
འཁམས,འཁམས,འཁམས,,TDC,,,
འཁར,འཁར༼ད༽,འཁར,འཁར༼ད༽,,,GT,
འཁར,འཁར,འཁར,,TDC,,,
འཁར,འཁར,འཁར,འཁར,,PH,,
འཁལ,བཀལ,བཀལ,ཁོལ,,,,KN
འཁལ,བཀལ,བཀལ,འཁལ,,PH,,
འཁལ,བཀལ,བཀལ,འཁལ༼ད༽,,,GT,
འཁལ,བཀལ,བཀལ,འཁོལ,TDC,,,
འཁུ,འཁུ,འཁུ,,TDC,,,
འཁུ,འཁུ,འཁུ,འཁུ,,PH,GT,
འཁུ,འཁུས,འཁུ,འཁུ,,,,KN
འཁུགས,ཁུག,འཁུག,ཁུགས,,,GT,
འཁུན,ཁུན༼ད༽,ཁུན,འཁུན༼ད༽,,,GT,
འཁུན,འཁུན,འཁུན,,TDC,PH,,KN
འཁུམ,ཁུམས,ཁུམ,ཁུམས,,,GT,
འཁུམ,འཁུམས,འཁུམ,,TDC,,,
འཁུམ,འཁུམས,འཁུམ,འཁུམས,,PH,GT,
འཁུམས,འཁུམས,འཁུམས,འཁུམས,,,,KN
འཁུར,བཀུར༼ད༽,བཀུར,ཁུར༼ད༽,,,GT,
འཁུར,ཁུར,འཁུར,ཁུར,TDC,PH,,KN
འཁུལ,འཁུལ༼ད༽,འཁུལ,འཁུལ༼ད༽,,,GT,
འཁུལ,འཁུལ,འཁུལ,,TDC,,,
འཁུལ,འཁུལ,འཁུལ,འཁུལ,,PH,,
འཁུས,བཀུས,བཀུ,ཁུས,,,GT,
འཁེང,འཁེངས,འཁེང,,TDC,PH,,
འཁེབ,ཁེབས,འཁེབ,ཁེབས,,PH,,
འཁེབས,ཁེབ,འཁེབ,ཁེབས,,,GT,
འཁེལ༼ད༽,ཁེལ,འཁེལ,ཁེལ༼ད༽,,,GT,
འཁེལ,ཁེལ,འཁེལ,,TDC,,,
འཁེལ,ཁེལ,འཁེལ,ཁེལ,,PH,,
འཁོད,ཁོད,འཁོད,ཁོད,,,GT,
འཁོད,འཁོད,འཁོད,,TDC,,,
འཁོད,འཁོད,འཁོད,ཁོད,,PH,,
འཁོད,འཁོད,འཁོད,འཁོད,,,,KN
འཁོན༼ད༽,བཀོན༼ད༽,བཀོན,ཁོན༼ད༽,,,GT,
འཁོན,ཁོན,འཁོན,ཁོན༼ད༽,,,GT,
འཁོན,འཁོན,འཁོན,,TDC,PH,,
འཁོན,འཁོན,འཁོན,འཁོན,,,,KN
འཁོབ,འཁོབ,འཁོབ,,TDC,PH,,
འཁོམས,ཁོམ,འཁོམ,ཁོམས,,,GT,
འཁོར,འཁོར༼ད༽,འཁོར,འཁོར༼ད༽,,,GT,
འཁོར,འཁོར,འཁོར,,TDC,,,
འཁོར,འཁོར,འཁོར,འཁོར,,PH,,
འཁོལ༼ད༽,བཀོལ༼ད༽,བཀོལ,ཁོལ༼ད༽,,,GT,
འཁོལ,བཀོལ,བཀོལ,ཁོལ,TDC,PH,,
འཁོལ,ཁོལ,འཁོལ,,TDC,PH,,
འཁོལ,ཁོལ,འཁོལ,ཁོལ༼ད༽,,,GT,
འཁྱག,འཁྱགས,འཁྱག,,TDC,,,
འཁྱག,འཁྱགས,འཁྱག,འཁྱགས,,PH,GT,
འཁྱམ,འཁྱམས,འཁྱམ,འཁྱམས,,,GT,
འཁྱམ,འཁྱམས,འཁྱམ,འཁྱོམས,TDC,PH,,KN
འཁྱར༼ད༽,ཁྱར,འཁྱར,འཁྱར༼ད༽,,,GT,
འཁྱར,འཁྱར,འཁྱར,,TDC,PH,,
འཁྱར,འཁྱར,འཁྱར,འཁྱར,,,,KN
འཁྱལ༼ད༽,ཁྱལ,འཁྱལ,ཁྱལ༼ད༽,,,GT,
འཁྱལ,བཀྱལ༼ད༽,བཀྱལ,འཁྱལ༼ད༽,,,GT,
འཁྱལ,འཁྱལ,འཁྱལ,,TDC,PH,,
འཁྱིག,བཀྱིགས,བཀྱིག,ཁྱིགས,TDC,,,KN
འཁྱིག,བཀྱིགས,བཀྱིག,འཁྱིགས,,PH,GT,
འཁྱིམས,འཁྱིམས,འཁྱིམས,,,,,KN
འཁྱིར༼ད༽,ཁྱིར,འཁྱིར,ཁྱིར༼ད༽,,,GT,
འཁྱིར,འཁྱིར,འཁྱིར,,TDC,PH,,
འཁྱིར,འཁྱིར,འཁྱིར,འཁྱིར,,,,KN
འཁྱིལ༼ད༽,ཁྱིལ,འཁྱིལ,ཁྱིལ༼ད༽,,,GT,
འཁྱིལ,འཁྱིལ,འཁྱིལ,,TDC,PH,,KN
འཁྱུག,འཁྱུགས,འཁྱུག,,TDC,PH,,
འཁྱུག,འཁྱུགས,འཁྱུག,འཁྱུག,,,,KN
འཁྱུགས,ཁྱུག,འཁྱུག,ཁྱུགས,,,GT,
འཁྱུད,ཁྱུད,འཁྱུད,ཁྱུད,,,GT,
འཁྱུད,ཁྱུད༼འཁྱུད༽,འཁྱུད,ཁྱུད,,PH,,
འཁྱུད,འཁྱུད,འཁྱུད,འཁྱུད,TDC,,,KN
འཁྱུར,འཁྱུར,འཁྱུར,,TDC,PH,,
འཁྱུས,ཁྱུས,འཁྱུ,ཁྱུས,,,GT,
འཁྱུས,འཁྱུས,འཁྱུས,,TDC,PH,,
འཁྱེར,ཁྱེར,འཁྱེར,ཁྱེར,TDC,PH,,KN
འཁྱེར,ཁྱེར༼ད༽,ཁྱེར,འཁྱེར༼ད༽,,,GT,
འཁྱོག,འཁྱོགས,འཁྱོག,,TDC,PH,,
འཁྱོག,འཁྱོགས,འཁྱོག,འཁྱོགས,,,GT,
འཁྱོང,འཁྱོངས,འཁྱོང,,TDC,PH,,
འཁྱོང,འཁྱོངས,འཁྱོང,འཁྱོངས,,,,KN
འཁྱོངས,ཁྱོང,འཁྱོང,ཁྱོངས,,,GT,
འཁྱོམ,འཁྱོམས,འཁྱོམ,,TDC,PH,,KN
འཁྱོར༼ད༽,ཁྱོར,འཁྱོར,ཁོར༼ད༽,,,GT,
འཁྱོར,འཁྱོར,འཁྱོར,,TDC,PH,,
འཁྱོར,འཁྱོར,འཁྱོར,འཁྱོར,,,,KN
འཁྱོལ༼ད༽,ཁྱོལ,འཁྱོལ,ཁྱོལ༼ད༽,,,GT,
འཁྱོལ,འཁྱོལ,འཁྱོལ,,TDC,PH,,
འཁྱོལ,འཁྱོལ,འཁྱོལ,འཁྱོལ,,,,KN
འཁྲ,འཁྲས,འཁྲ,,TDC,PH,,
འཁྲ,འཁྲས,འཁྲ,འཁྲས,,,GT,KN
འཁྲབ,བཀྲབས,བཀྲབ,འཁྲབས,,,GT,
འཁྲབ,འཁྲབས,འཁྲབ,འཁྲོབས,TDC,PH,,KN
འཁྲི,འཁྲིས,འཁྲི,,TDC,PH,,
འཁྲིག,འཁྲིག,འཁྲིག,འཁྲིག,,,,KN
འཁྲིག,འཁྲིགས,འཁྲིག,ཁྲིགས,,,,KN
འཁྲིག,འཁྲིགས,འཁྲིག,འཁྲིགས,,PH,GT,
འཁྲིགས,འཁྲིགས,འཁྲིགས,,TDC,,,
འཁྲིད,བཀྲིས,བཀྲི,ཁྲིད,,,GT,
འཁྲིད,ཁྲིད,ཁྲིད,ཁྲིད,,,GT,
འཁྲིད,ཁྲིད,འཁྲིད,ཁྲིད,TDC,PH,,KN
འཁྲིལ༼ད༽,ཁྲིལ,འཁྲིལ,ཁྲིལ༼ད༽,,,GT,
འཁྲིལ,འཁྲིལ,འཁྲིལ,,TDC,PH,,
འཁྲིལ,འཁྲིལ,འཁྲིལ,འཁྲིལ,,,,KN
འཁྲུ,ཁྲུས,འཁྲུ,,,PH,,
འཁྲུ,ཁྲུས,འཁྲུ,ཁྲུས,,,GT,
འཁྲུ,འཁྲུས,འཁྲུ,,TDC,,,
འཁྲུག,འཁྲུགས,འཁྲུག,,TDC,PH,,KN
འཁྲུག,འཁྲུགས,འཁྲུག,འཁྲུགས,,,GT,
འཁྲུང,འཁྲུངས,འཁྲུང,,TDC,PH,,KN
འཁྲུང,འཁྲུངས,འཁྲུང,འཁྲུངས,,,GT,
འཁྲུད,བཀྲུས,བཀྲུ,ཁྲུས,TDC,PH,GT,KN
འཁྲུལ,འཁྲུལ༼ད༽,འཁྲུལ,འཁྲུལ༼ད༽,,,GT,
འཁྲུལ,འཁྲུལ,འཁྲུལ,,TDC,PH,,KN
འཁྲེན༼ད༽,ཁྲེན,འཁྲེན,ཁྲེན༼ད༽,,,GT,
འཁྲེན,ཁྲེན,འཁྲེན,,,PH,,
འཁྲེན,འཁྲེན,འཁྲེན,འཁྲེན,,,,KN
འཁྲེབ,འཁྲེབས,འཁྲེབ,,TDC,PH,,
འཁྲེལ༼ད༽,ཁྲེལ,འཁྲེལ,ཁྲེལ༼ད༽,,,GT,
འཁྲོག,འཁྲོགས,འཁྲོག,,TDC,PH,,
འཁྲོལ,འཁྲོལ༼ད༽,འཁྲོལ,འཁྲོལ༼ད༽,,,GT,
འཁྲོལ,འཁྲོལ,འཁྲོལ,,TDC,PH,,
གང,གང,གང,,TDC,PH,,
གབ,གབ,གབ,,,PH,,
གབ,གབ,གབ,གོབ,TDC,,,
གལ,གལ༼ད༽,གལ,གལ༼ད༽,,,GT,
གུག,གུག,གུག,,TDC,PH,,
གུད,གུད,གུདཔ,,TDC,PH,,
གུས,གུས,གུས,,TDC,PH,,
གུས,གུས,གུས,གུས,,,GT,
གོ,གོ,གོ,,TDC,PH,,KN
གོ,གོ,གོ,གོ,,,GT,
གོག,གོག,གོག,,TDC,PH,,
གོག,གོག,གོག,གོག,,,GT,
གོད,གོད,གོད,,TDC,PH,,
གོན,གོན༼ད༽,གོན,གོན༼ད༽,,,GT,
གོམས,གོམས,གོམས,,TDC,PH,,KN
གོམས,གོམས,གོམས,གོམས,,,GT,
གོལ,གོལ,གོལ,,TDC,PH,,
གྱར,གྱར,གྱར,,TDC,PH,,
གྱེར,གྱེར,གྱེར,གྱེར,TDC,PH,,
གྱོན,གྱོན,གྱོན,གྱོན,TDC,PH,,KN
གྲག,གྲག,གྲག,,TDC,PH,,
གྲག,གྲག,གྲག,གྲག,,,GT,
གྲགས,གྲགས,གྲགས,,TDC,PH,,KN
གྲགས,གྲགས,གྲགས,གྲགས,,,GT,
གྲབས,གྲབས,གྲབས,གྲབས,,,,KN
གྲམ,གྲམ,གྲམ,,TDC,PH,,
གྲིམ,གྲིམ,གྲིམ,,TDC,,,
གྲིམ,གྲིམས,གྲིམ,,,PH,,
གྲུག,གྲུགས,གྲུག,,TDC,PH,,KN
གྲུམ,གྲུམས,གྲུམ,,TDC,,,
གྲོལ,གྲོལ,གྲོལ,,TDC,,,
གྲོལ,གྲོལ,གྲོལ,གྲོལ,,,,KN
གླ,གླས,གླ,གླས,TDC,,GT,
གླ,གླས,གླ,གློས,TDC,,,KN
གླན,གླན༼ད༽,གླན,གླན༼ད༽,,,GT,
གླན,གླན,གླན,གློན,,,,KN
གླལ,གླལ༼ད༽,གླལ,གླལ༼ད༽,,,GT,
གླལ,གླལ,གླལ,,TDC,,,
གླེང,གླེངས,གླེང,གླེངས,TDC,,GT,KN
གླེབ,གླེབས,གླེབ,གླེབས,TDC,,GT,KN
གླེམ,གླེམས,གླེམ,གླེམས,,,GT,
གློད,གློད,གློད,གློད,TDC,,GT,KN
གློན,གླན,གླན,གློན,TDC,,,KN
དགའ,དགའ,དགའ,,TDC,,,KN
དགའ,དགའ,དགའ,དགའ,,PH,GT,
དགར,བཀར,དགར,ཁོར,TDC,,,KN
དགར,བཀར,དགར,དགར༼ད༽,,,GT,
དགས,བཀས,དགས,དགས,,,GT,
དགུ,དགུ,དགུ,,TDC,,,
དགུ,དགུ,དགུ,དགུ,,,GT,
དགེས,དགེས,དགེས,དགེས,,,GT,
དགོགས,བཀོག,དགོག,ཁོག,,,GT,
དགོགས,གོགས,དགོག,གོགས,,,GT,
དགོངས,དགོངས,དགོངས,དགོངས,TDC,PH,GT,KN
དགོད,བགད,བགད,དགོད,TDC,,GT,KN
དགོས,དགོས,དགོས,,TDC,,,
དགོས,དགོས,དགོས,དགོས,,PH,GT,
དགྱེ,གྱེ,དགྱེ,དགྱེ,,,GT,
དགྱེ,དགྱེ,དགྱེ,,TDC,,,
དགྱེད,དགྱེད,དགྱེད,,TDC,,,
དགྱེར,བགྱེར༼ད༽,བགྱེར,དགྱེར༼ད༽,,,GT,
དགྱེར,བགྱེར,བགྱེར,དགྱེར,,PH,,
དགྱེས,དགྱེས,དགྱེས,,TDC,,,
དགྱེས,དགྱེས,དགྱེས,དགྱེས,,PH,GT,KN
དགྲད,དགྲད,དགྲད,གྲད,,,,KN
དགྲོང,བཀྲོངས,བཀྲོང,དགྲོངས,,,GT,
དགྲོང,བཀྲོངས,དགྲོང,དགྲོངས,TDC,,,
བགག,བགགས,བགག,བགོགས,TDC,,,
བགམ,བགམ,བགམ,བགོམ,TDC,,,KN
བགམ,བགམས,བགམ,བགམས,,,GT,
བགོ,བགོས,བགོ,བགོས,TDC,PH,GT,
བགོད,བགོས,བགོ,བགོད,,,GT,
བགོད,བགོས,བགོ,བགོས,TDC,,,KN
བགོར,བགོར,བགོར,བགོར,TDC,,,
བགྱང,བགྱངས,བགྱང,བགྱོངས,TDC,,,
བགྱིད,བགྱིས,བགྱི,གྱིས,TDC,PH,GT,KN
བགྲང,བགྲངས,བགྲང,བགྲོངས,TDC,PH,,
བགྲད,བགྲད,བགྲད,དགྲོད,,,,KN
བགྲད,བགྲད,བགྲད,བགྲོད,TDC,,,
བགྲིལ,བགྲིལ,བགྲིལ,བགྲིལ,TDC,,,KN
བགྲུ,བགྲུས,བགྲུ,བགྲུས,TDC,,,KN
བགྲུང,བགྲུངས,བགྲུང,བགྲུངས,TDC,,,KN
བགྲུད,བགྲུས,བགྲུ,བགྲུད,,,GT,
བགྲེ,བགྲེས,བགྲེ,བགྲེས,,,GT,
བགྲེས,བགྲེས,བགྲེས,,TDC,,,
བགྲོ,བགྲོད,བགྲོ,བགྲོད,,,,KN
བགྲོ,བགྲོས,བགྲོ,བགྲོས,TDC,,GT,
བགྲོང,བགྲང,བགྲང,བགྲངས,,,,KN
བགྲོད,བགྲོད,བགྲོད,བགྲོད,TDC,PH,,KN
བགྲོད༼འགྲོད༽,བགྲོད,བགྲོད,བགྲོད,,,GT,
མགར,མགར,མགར,མགོར,TDC,,,
མགུ,མགུ,མགུ,,TDC,,,KN
མགུ,མགུ,མགུ,མགུ,,,GT,
འགག,འགགས,འགག,,TDC,PH,,
འགག,འགགས,འགག,འགགས,,,GT,
འགང,གང,འགང,གང,,,GT,
འགད,བཀད,དགད,ཁོད,TDC,,,
འགབས,གབ,འགབ,གབས,,,GT,
འགམ,བགམ,དགམ,འགམས,,,GT,
འགམ,འགམས,འགམ,འགོམས,TDC,,,KN
འགལ,འགལ༼ད༽,འགལ,འགལ༼ད༽,,,GT,
འགལ,འགལ,འགལ,,TDC,,,KN
འགལ,འགལ,འགལ,འགལ,,PH,,
འགས,བཀས,དགས,ཁོས,TDC,PH,,KN
འགས,གས,འགས,,TDC,PH,,
འགས,གས,འགས,གས,,,GT,
འགུག,གུག,འགུག,གུགས,,,GT,
འགུགས,བཀུག,དགུག,ཁུག,TDC,,,KN
འགུགས,བཀུག,དགུག,ཁུགས,,PH,GT,
འགུད,གུད,གུད,གུད,,,GT,
འགུམ,གུམ,འགུམ,,TDC,,,
འགུམ,གུམ,འགུམ,གུམས,,PH,GT,
འགུམས,བཀུམ,དགུམ,འགུམས,,,GT,
འགུམས,བཀུམས,དགུམ,ཁུམས,TDC,,,KN
འགུལ,འགུལ༼ད༽,འགུལ,འགུལ༼ད༽,,,GT,
འགུལ,འགུལ,འགུལ,,TDC,PH,,KN
འགེངས,བཀང,དགང,ཁེང,,,,KN
འགེངས,བཀང,དགང,ཁོང,TDC,,,
འགེངས,བཀང,དགང,འགེངས,,PH,,
འགེངས༼འགེང༽,བཀང,དགང,འགེངས,,,GT,
འགེབས,བཀབ,དགབ,ཁོབ,TDC,PH,,KN
འགེབས༼འགེབ༽,བཀབ,དགབ,ཁོབ,,,GT,
འགེམས,འགེམས,འགེམས,འགེམས,TDC,,,
འགེལ,བཀལ,དགལ,ཁོལ,TDC,,,KN
འགེལ,བཀལ,དགལ,འགེལ༼ད༽,,,GT,
འགེལ,བཀལ,དགལ,འགེལ༼ཁོལ༽,,PH,,
འགོ,གོས,འགོ,,TDC,,,
འགོ,འགོས,འགོ,,,,,KN
འགོ,འགོས,འགོ,འགོས,,,GT,
འགོག,བཀག,དགག,ཁོག,TDC,PH,,KN
འགོག,བཀག,དགག,ཁོགས,,,GT,
འགོག,བཀོག,དགོག,ཁོག,TDC,,,KN
འགོག,བགོགས༼བཀག༽,བགག,ཁོགས,,,GT,
འགོག,འགགས,འགག,,,,,KN
འགོང,འགོངས,འགོང,འགོངས,,,GT,
འགོད,བཀོད,དགོད,ཁོད,TDC,,,KN
འགོད,བཀོད,དགོད,འགོད,,,GT,
འགོད,བཀོད,དགོད,འགོད༼ཁོད༽,,PH,,
འགོམ,བགོམས,བགོམ,གོམས,,,GT,
འགོམ,བགོམས,བགོམ,བགོམས,TDC,PH,,
འགོམ,བགོམས,བགོམ,འགོམས,,,,KN
འགོར,བགོར༼ད༽,བགོར,འགོར༼ད༽,,,GT,
འགོར,འགོར༼ད༽,འགོར,འགོར༼ད༽,,,GT,
འགོར,འགོར,འགོར,འགོར,,,,KN
འགོལ༼ད༽,གོལ,འགོལ,གོལ༼ད༽,,,GT,
འགྱག,གྱགས,གྱག,འགྱགས,,,GT,
འགྱང,འགྱངས,འགྱང,,TDC,,,
འགྱང,འགྱངས,འགྱང,འགྱངས,,PH,GT,KN
འགྱངས,བགྱངས,བགྱང,འགྱངས,,,GT,
འགྱས,གྱས,གྱ,གྱོས,,,GT,
འགྱིང,འགྱིངས,འགྱིང,འགྱིངས,TDC,,GT,KN
འགྱུ,འགྱུས,འགྱུ,,TDC,,,
འགྱུ,འགྱུས,འགྱུ,འགྱུས,,,GT,
འགྱུར༼ད༽,གྱུར,འགྱུར,གྱུར༼ད༽,,,GT,
འགྱུར,གྱུར,འགྱུར,,TDC,,,
འགྱུར,གྱུར,འགྱུར,གྱུར,,PH,,KN
འགྱུར,འགྱུར,འགྱུར,,TDC,,,
འགྱེད,བཀྱེ,དགྱེད,འགྱེད,,,GT,
འགྱེད,བཀྱེས,བཀྱེ,ཁྱེས,TDC,PH,,KN
འགྱེར༼ད༽,གྱེར,འགྱེར,གྱེར༼ད༽,,,GT,
འགྱེར,གྱེར,འགྱེར,གྱེར,,PH,,
འགྱེལ,འགྱེལ༼ད༽,འགྱེལ,འགྱེལ༼ད༽,,,GT,
འགྱེལ,འགྱེལ,འགྱེལ,,TDC,PH,,KN
འགྱེས,གྱེས,འགྱེ,གྱེད,,,GT,
འགྱེས,གྱེས,འགྱེས,,TDC,PH,,
འགྱེས,གྱེས,འགྱེས,གྱེས,,,,KN
འགྱོག,བཀྱགས,བཀྱག,ཁྱོག,TDC,,,
འགྱོགས,བཀྱགས,འགྱོགས,ཁྱོག,,,,KN
འགྱོད,འགྱོད,འགྱོད,,TDC,,,
འགྱོད,འགྱོད,འགྱོད,འགྱོད,,,GT,KN
འགྲང,འགྲངས,འགྲང,,TDC,,,KN
འགྲང,འགྲངས,འགྲང,འགྲངས,,,GT,
འགྲད,བགྲད,བགྲད,འགྲད,,,GT,
འགྲན,འགྲན༼ད༽,འགྲན,འགྲན༼ད༽,,,GT,
འགྲན,འགྲན,འགྲན,འགྲན,TDC,,,KN
འགྲམས,གྲམ,འགྲམ,གྲམས,,,GT,
འགྲམས,འགྲམས,འགྲམས,,TDC,,,
འགྲས,འགྲས,འགྲས,,TDC,,,
འགྲས,འགྲས,འགྲས,འགྲས,,,GT,KN
འགྲིག,འགྲིགས,འགྲིག,,TDC,,,
འགྲིག,འགྲིགས,འགྲིག,གྲིགས,,,,KN
འགྲིག,འགྲིགས,འགྲིག,འགྲིགས,,PH,GT,
འགྲིབ,འགྲིབ,འགྲིབ,,TDC,,,
འགྲིབ,འགྲིབས,འགྲིབ,འགྲིབས,,PH,GT,KN
འགྲིམ,འགྲིམས,འགྲིམ,,,PH,,
འགྲིམ,འགྲིམས,འགྲིམ,འགྲིམས,TDC,,GT,KN
འགྲིལ༼ད༽,གྲིལ,འགྲིལ,གྲིལ༼ད༽,,,GT,
འགྲིལ,འགྲིམས,འགྲིལ,འགྲིམས,,,,KN
འགྲིལ,འགྲིལ,འགྲིལ,,TDC,PH,,
འགྲུང,བགྲུངས,བགྲུང,འགྲུངས,,,GT,
འགྲུབ,གྲུབ,འགྲུབ,,TDC,,,KN
འགྲུབ,གྲུབ,འགྲུབ,གྲུབས,,PH,,
འགྲུབ༼འགྲུབས༽,གྲུབ,འགྲུབ,གྲུབས,,,GT,
འགྲུམས,གྲུམ,འགྲུམ,གྲུམས,,,GT,
འགྲུལ,འགྲུལ༼ད༽,འགྲུལ,འགྲུལ༼ད༽,,,GT,
འགྲུལ,འགྲུལ,འགྲུལ,,TDC,,,
འགྲུས,འགྲུས,འགྲུས,འགྲུས,TDC,,,KN
འགྲེ,འགྲེས,འགྲེ,,TDC,,,KN
འགྲེ,འགྲེས,འགྲེ,འགྲེས,,PH,GT,
འགྲེང,འགྲེངས,འགྲེང,འགྲེངས,TDC,PH,GT,KN
འགྲེད,འགྲེད,འགྲེད,,,,,KN
འགྲེམས,བཀྲམ,དགྲམ,ཁྲེམས,,,GT,
འགྲེམས,བཀྲམ,དགྲམ,ཁྲོམས,TDC,,,KN
འགྲེལ,བཀྲལ༼ད༽,བཀྲལ,འགྲེལ༼ད༽,,,GT,
འགྲེལ,བཀྲལ,དགྲོལ,ཁྲོལ,TDC,PH,,KN
འགྲོ,ཕྱིན༼ད༽༼ཕྱིན༽,འགྲོ,སོང,,,GT,
འགྲོ,ཕྱིན,འགྲོ,སོང,TDC,PH,,KN
འགྲོགས,འགྲོགས,འགྲོགས,འགྲོགས,TDC,PH,,KN
འགྲོགས༼འགྲོག༽,འགྲོགས,འགྲོགས༼འགྲོག༽,འགྲོགས,,,GT,
འགྲོངས,གྲོང,འགྲོང,གྲོངས,,,GT,
འགྲོངས,གྲོངས,འགྲོངས,,TDC,,,
འགྲོལ༼ད༽,གྲོལ,འགྲོལ,གྲོལ༼ད༽,,,GT,
འགྲོལ,བཀྲོལ,དགྲོལ,ཁྲོལ༼ད༽,,,GT,
འགྲོལ,བཀྲོལ,དགྲོལ,ཁྲོལ,TDC,,,KN
འགྲོལ,གྲོལ,འགྲོལ,གྲོལ,,PH,,
རྒ,རྒས,རྒ,,TDC,PH,,
རྒད༼རྒ༽,རྒས,རྒ,རྒས,,,GT,
རྒལ,བརྒལ༼ད༽,བརྒལ,རྒོལ༼ད༽,,,GT,
རྒལ,བརྒལ,བརྒལ,རྒོལ,TDC,PH,,KN
རྒུད,རྒུད,རྒུད,,TDC,,,KN
རྒུད,རྒུད,རྒུད,རྒུད,,PH,GT,
རྒོད,རྒོད,རྒོད,རྒོད,,PH,GT,
རྒོལ,བརྒལ༼ད༽,བརྒལ,རྒོལ༼ད༽,,,GT,
རྒོལ,བརྒལ,རྒལ,རྒོལ,,,,KN
རྒོལ,བརྒལ,བརྒལ,རྒོལ,TDC,PH,,
རྒྱ,རྒྱས,རྒྱ,,TDC,,,
རྒྱ,རྒྱས,རྒྱ,རྒྱས,,PH,,
རྒྱག,རྒྱག,རྒྱག,རྒྱག,,,GT,
རྒྱག,བརྒྱབ,རྒྱག,,TDC,,,
རྒྱག,བརྒྱབ,བརྒྱག,རྒྱོབ,TDC,PH,,KN
རྒྱགས,རྒྱགས,རྒྱགས,,TDC,,,
རྒྱགས,རྒྱགས,རྒྱགས,རྒྱགས,,,GT,
རྒྱགས,བརྒྱགས,བརྒྱག,,TDC,,,
རྒྱགས,བརྒྱགས,བརྒྱག,རྒྱགས,,,GT,
རྒྱགས,བརྒྱགས,བརྒྱག,རྒྱོགས,,,,KN
རྒྱང,བརྒངས,བརྒང,རྒྱངས,,,GT,
རྒྱན,བརྒྱན༼ད༽,བརྒྱན,རྒྱན༼ད༽,,,GT,
རྒྱན,བརྒྱན,བརྒྱན,རྒྱན,TDC,PH,,KN
རྒྱབ,བརྒྱབས,བརྒྱབ,རྒྱབས༼རྒྱོབ༽,,,GT,
རྒྱལ,རྒྱལ༼ད༽,རྒྱལ,རྒྱལ༼ད༽,,,GT,
རྒྱལ,རྒྱལ,རྒྱལ,,TDC,,,
རྒྱལ,རྒྱལ,རྒྱལ,རྒྱལ,,PH,,KN
རྒྱལ,བརྒྱལ༼ད༽,བརྒྱལ,རྒྱལ༼ད༽,,,GT,
རྒྱས,རྒྱས,རྒྱས,རྒྱས,,,GT,KN
རྒྱུ,རྒྱུ,རྒྱུ,,TDC,,,KN
རྒྱུ,བརྒྱུས,བརྒྱུ,རྒྱུས,,,GT,
རྒྱུག,རྒྱུག,རྒྱུག,རྒྱུག,,,GT,
རྒྱུག,རྒྱུགས,རྒྱུག,རྒྱུགས,TDC,PH,,
རྒྱུག,བརྒྱུགས,བརྒྱུག,རྒྱུག,,,GT,
རྒྱུག,བརྒྱུགས,བརྒྱུག,རྒྱུགས,TDC,PH,,KN
རྒྱུད,བརྒྱུད,བརྒྱུད,རྒྱུད,,,GT,
རྒྱུད,བརྒྱུས,བརྒྱུ,རྒྱུས,TDC,,,KN
རྒྱོ,རྒྱོས,རྒྱོ,རྒྱོས,,,,KN
རྒྱོ,བརྒྱོས,བརྒྱོ,རྒྱོས,,,GT,
རྒྱོང,བརྒྱངས,བརྒྱང,རྒྱོངས,TDC,,GT,KN
སྒག,བསྒགས,བསྒག,སྒོགས,TDC,,,
སྒང,བསྒངས,བསྒང,སྒངས,,,GT,
སྒབ,བསྒབ,བསྒབ,སྒོབ,TDC,,,
སྒར,བསྒར༼ད༽,བསྒར,སྒོར༼ད༽,,,GT,
སྒར,བསྒར,བསྒར,སྒོར,TDC,,,
སྒར,བསྒར,བསྒར,བསྒོར,,,,KN
སྒུག,བསྒུགས,བསྒུག,སྒུགས,TDC,,GT,KN
སྒུང,བསྒྱིངས,བསྒྱིང,སྒྱིངས,,,GT,
སྒུར,བསྒུར༼ད༽,བསྒུར,སྒུར༼ད༽,,,GT,
སྒུར,བསྒུར,བསྒུར,སྒུར,TDC,,,KN
སྒུལ,བསྒུལ༼ད༽,བསྒུལ,སྒུལ༼ད༽,,,GT,
སྒུལ,བསྒུལ,བསྒུལ,སྒུལ,TDC,PH,,KN
སྒོ,བསྒོས,བསྒོ,སྒོས,TDC,PH,GT,KN
སྒོག,བསྒགས,བསྒག,སྒོགས,TDC,,GT,KN
སྒོང,བསྒོངས,བསྒོང,སྒོངས,TDC,,GT,KN
སྒོབ,བསྒབས,བསྒབ,སྒོབས,,,GT,
སྒོམ,བསྒོམས,བསྒོམ,སྒོམས,TDC,PH,GT,KN
སྒྱང,བསྒྱངས,བསྒྱང,སྒྱོངས,,,,KN
སྒྱིང,བསྒྱིངས,བསྒྱིང,སྒྱིངས,,,,KN
སྒྱུར,བསྒྱུར༼ད༽,བསྒྱུར,སྒྱུར༼ད༽,,,GT,
སྒྱུར,བསྒྱུར,བསྒྱུར,སྒྱུར,TDC,PH,,KN
སྒྱེལ,བསྒྱུར,བསྒྱེལ,སྒྱུར,,,,KN
སྒྱེལ,བསྒྱེལ༼ད༽,བསྒྱེལ,སྒྱེལ༼ད༽,,,GT,
སྒྱེལ,བསྒྱེལ,བསྒྱེལ,སྒྱེལ,TDC,PH,,
སྒྲང,བསྒྲངས,བསྒྲང,སྒྲོངས,,,GT,
སྒྲད,བསྒྲད,བསྒྲད,སྒྲད,,,GT,
སྒྲིག,བསྒྲིགས,བསྒྲིག,སྒྲིགས,TDC,PH,GT,KN
སྒྲིན,བསྒྲིན༼ད༽,བསྒྲིན,སྒྲིན༼ད༽,,,GT,
སྒྲིན,བསྒྲིན,བསྒྲིན,སྒྲིན,TDC,,,KN
སྒྲིབ,བསྒྲིབས,བསྒྲིབ,སྒྲིབས,TDC,PH,GT,KN
སྒྲིམ,བསྒྲིམས,བསྒྲིམ,སྒྲིམས,TDC,PH,GT,KN
སྒྲིལ,བསྒྲིལ༼ད༽,བསྒྲིལ,སྒྲིལ༼ད༽,,,GT,
སྒྲིལ,བསྒྲིལ,བསྒྲིལ,སྒྲིལ,TDC,PH,,KN
སྒྲུག,བསྒྲུགས,བསྒྲུག,སྒྲུགས,TDC,,GT,KN
སྒྲུང,བསྒྲུངས,བསྒྲུང,སྒྲུངས,TDC,,GT,
སྒྲུན,བསྒྲུན༼ད༽,བསྒྲུན,སྒྲུན༼ད༽,,,GT,
སྒྲུན,བསྒྲུན,བསྒྲུན,སྒྲུན,TDC,,,KN
སྒྲུབ,བསྒྲུབས,བསྒྲུབ,སྒྲུབས,TDC,PH,GT,KN
སྒྲེ,བསྒྲེས,བསྒྲེ,སྒྲེས,TDC,,GT,KN
སྒྲེག,སྒྲེག,སྒྲེག,,,,,KN
སྒྲེང,བསྒྲེངས,བསྒྲེང,སྒྲེངས,TDC,PH,GT,KN
སྒྲོག,བསྒྲགས,བསྒྲག,སྒྲོགས,TDC,,GT,KN
སྒྲོག,བསྒྲོགས,བསྒྲོག,སྒྲོགས,TDC,,GT,
སྒྲོགས,བསྒྲོགས,བསྒྲོག,སྒྲོགས,,PH,,
སྒྲོང,བསྒྲངས,བསྒྲང,སྒྲོངས,TDC,,,KN
སྒྲོད,བསྒྲོད,བསྒྲོད,སྒྲོད,TDC,,,
སྒྲོན,བསྒྲོན༼ད༽,བསྒྲོན,སྒྲོན༼ད༽,,,GT,
སྒྲོན,བསྒྲོན,བསྒྲོན,སྒྲོན,TDC,,,KN
སྒྲོལ,བསྒྲལ༼ད༽,བསྒྲལ,སྒྲོལ༼ད༽,,,GT,
སྒྲོལ,བསྒྲལ,བསྒྲལ,སྒྲོལ,TDC,PH,,KN
བརྒྱལ,བརྒྱལ,བརྒྱལ,,TDC,,,KN
བརྒྱུད,བརྒྱུད,བརྒྱུད,,TDC,,,
བརྒྱུད,བརྒྱུད,བརྒྱུད,བརྒྱུད,,,,KN
བསྒྱིངས,བསྒྱིངས,བསྒྱིངས,,TDC,,,
བསྒྲད,བསྒྲད,བསྒྲད,བསྒྲོད,TDC,,,
ངར,ངར༼ད༽,ངར,ངར༼ད༽,,,GT,
ངར,ངར,ངར,,TDC,,,
ངལ,ངལ༼ད༽,ངལ,ངལ༼ད༽,,,GT,
ངལ,ངལ,ངལ,,TDC,,,KN
ངལ,ངལ,ངལ,ངལ,,PH,,
ངུ,ངལ,ངུ,,,,,KN
ངུ,ངུས,ངུ,ངུས,TDC,,GT,
ངུར,ངུར,ངུར,,TDC,,,
ངེར,ངེར,ངེར,,TDC,,,
ངེས,ངེས,ངེས,,TDC,,,
ངེས,ངེས,ངེས,ངེས,,PH,GT,KN
ངོམ,ངོམས,ངོམ,ངོམས,TDC,PH,GT,KN
ངོམས,ངོམས,ངོམས,,TDC,,,
དངང,དངངས,དངང,དངངས,,,GT,
དངངས,དངངས,དངངས,,TDC,,,KN
དངར,དངར༼ད༽,དངར,དངར༼ད༽,,,GT,
དངར,དངར,དངར,,TDC,,,
དངར,དངར,དངར,དངར,,,,KN
མངག,མངགས,མངག,མངོགས,TDC,,GT,KN
མངའ,མངའ,མངའ,,,PH,,
མངའ,མངའ,མངའ,མངའ,,,GT,
མངོན,མངོན༼ད༽,མངོན,མངོན༼ད༽,,,GT,
མངོན,མངོན,མངོན,,TDC,,,
མངོན,མངོན,མངོན,མངོན,,PH,,KN
རྔ,བརྔས,བརྔ,རྔས,,,GT,
རྔ,བརྔས,བརྔ,རྔོས,TDC,PH,,KN
རྔག,བརྔབས,བརྔབ,རྔབས,,,GT,
རྔན,བརྔན༼ད༽,བརྔན,རྔན༼ད༽,,,GT,
རྔན,བརྔན,བརྔན,རྔོན,TDC,,,KN
རྔབ,བརྔབས,བརྔབ,,TDC,,,
རྔམ,བརྔམས,བརྔམ,,TDC,,,
རྔམ,བརྔམས,བརྔམ,རྔམས,,PH,GT,
རྔུབ,བརྔུབས,བརྔུབ,རྔུབས,TDC,,GT,KN
རྔུལ,རྔུལ༼ད༽,རྔུལ,རྔུལ༼ད༽,,,GT,
རྔུལ,རྔུལ,རྔུལ,,TDC,,,KN
རྔུལ,བརྔུལ༼ད༽,བརྔུལ,རྔུལ༼ད༽,,,GT,
རྔོ,བརྔོས,བརྔོ,རྔོས,TDC,,GT,KN
རྔོད,བརྔོད,བརྔོད,རྔོད,TDC,,GT,
རྔོད,བརྔོས,བརྔོད,རྔོས,TDC,,,
རྔོན,བརྔོན༼ད༽,བརྔོན,རྔོན༼ད༽,,,GT,
རྔོན,བརྔོན,བརྔོན,རྔོན,TDC,,,KN
སྔང,སྔངས,སྔང,སྔངས,,,GT,
སྔལ,བསྔལ,བསྔལ,སྔལ,,PH,,
སྔས,བསྔས,བསྔས,སྔས,,,GT,
སྔོ,བསྔོས,བསྔོ,,TDC,,,
སྔོ,བསྔོས,བསྔོ,སྔོས,TDC,PH,GT,KN
སྔོག,བསྔོགས,བསྔོག,སྔོགས,TDC,,GT,KN
བསྔགས,བསྔགས,བསྔགས,བསྔགས,TDC,PH,GT,KN
གཅི,གཅིས,གཅི,གཅིས,TDC,,,KN
གཅི,གཅིས༼བཅིས༽,གཅི༼བཅི༽,གཅི༼གཅིས༽,,,GT,
གཅིར,གཅིར,གཅིར,གཅིར,TDC,,,
གཅུ,གཅུས,གཅུ,གཅུས,TDC,,,KN
གཅུད,གཅུས,གཅུ,འཆུས,,,GT,
གཅུར,གཅུར,གཅུར,ཆུར,,,,KN
གཅུར,བཅུར,བཅུར,ཆུར,TDC,,,
གཅེམ,བཅེམས,བཅེམ,གཅེམས,,,GT,
གཅེར,བཅར༼ད༽,བཅར,གཅེར༼ད༽,,,GT,
གཅེས,གཅེས,གཅེས,,TDC,PH,,
གཅེས,གཅེས,གཅེས,གཅེས,TDC,PH,GT,KN
གཅོག,བཅག,གཅག,ཆོག,TDC,PH,,
གཅོག,བཅག,གཅག,ཆོགས,,,GT,KN
གཅོད,བཅད,གཅད,ཆོད,TDC,PH,GT,KN
གཅོམ,གཅོམས,གཅོམ,ཅོམས,,,,KN
གཅོམ,བཅམ,གཅམ,གཅོམས,,,GT,
གཅོམ,བཅམས,བཅམ,གཅོམས,TDC,,,
གཅོར,བཅར,གཅར,གཅོར༼ད༽,,,GT,
གཅོར,བཅར,གཅར,གཅོར,TDC,,,KN
གཅོལ,གཅོལ,གཅོལ,གཅོལ,TDC,,,
བཅིར,བཅིར,བཅིར,བཅིར,,,,KN
བཅེམ,བཅེམས,བཅེམ,བཅེམས,TDC,,,KN
བཅེར,བཅེར,བཅེར,,TDC,,,
ལྕིགས,ལྕིགས,ལྕིགས,,TDC,,,
ལྕེབ,ལྕེབས,ལྕེབ,ལྕེབས,TDC,,,KN
ལྕོགས,ལྕོགས,ལྕོགས,,TDC,,,
ལྕོགས,ལྕོགས,ལྕོགས,ལྕོགས,,,GT,
ཆ,ཆས,ཆ,ཆས,,,GT,
ཆག,ཆག,ཆག,,TDC,PH,,
ཆགས,ཆགས,ཆགས,,TDC,,,KN
ཆགས,ཆགས,ཆགས,ཆགས,,PH,GT,
ཆས,ཆས,ཆས,,TDC,PH,,
ཆས,ཆས,ཆས,ཆས,,,,KN
ཆུག,ཆུགས,ཆུག,ཆུགས,,PH,GT,
ཆུད,ཆུད,ཆུད,,TDC,PH,,
ཆུབ,ཆུབ,ཆུབ,,TDC,,,
ཆེས,ཆེས,ཆེས,,TDC,,,
ཆོག,ཆོག,ཆོག,,TDC,,,
ཆོག,ཆོག,ཆོག,ཆོག,,PH,GT,
ཆོད,ཆོད,ཆོད,ཆོད,,PH,GT,
ཆོམ,ཆོམ,ཆོམ,,TDC,PH,,
མཆི,མཆིས,མཆི,,TDC,PH,,KN
མཆི,མཆིས,མཆི,མཆིས,,,GT,
མཆིད,མཆིད,མཆིད,མཆིད,,,,KN
མཆིས,མཆིས,མཆིས,,,,,KN
མཆིས,མཆིས,མཆིས,མཆིས,,PH,GT,
མཆེད,མཆེད,མཆེད,,TDC,,,KN
མཆེད,མཆེད,མཆེད,མཆེད,,PH,GT,
མཆོང,མཆོངས,མཆོང,མཆོངས,TDC,,GT,KN
མཆོད,མཆོད,མཆོད,མཆོད,TDC,PH,GT,
མཆོར,མཆོར,མཆོར,མཆོར,,,,KN
འཆག,བཅགས,གཅག,ཆོགས,TDC,PH,,KN
འཆག,བཅགས,བཅག,ཆོགས,,,GT,
འཆག,ཆག,འཆག,ཆག,,,GT,
འཆགས,བཤགས,གཤགས,འཆགས,,,GT,
འཆགས,བཤགས,བཤག,བཤོགས,TDC,PH,,KN
འཆང,བཅངས,བཅང,ཆོངས,TDC,PH,GT,KN
འཆད,ཆད,འཆད,,TDC,,,KN
འཆད,ཆད,འཆད,ཆད,,PH,GT,
འཆད,བཤད,བཤད,ཤོད,TDC,PH,GT,KN
འཆབ,བཅབས,བཅབ,འཆབས,,,GT,
འཆབ,བཅབས,བཅབ,འཆོབས,TDC,,,
འཆམ,འཆམས,འཆམ,འཆམས,,,GT,
འཆམ,འཆམས,འཆམ,འཆོམས,,,,KN
འཆམ,འཆམས,འཆམས,,,PH,,
འཆམས,འཆམས,འཆམས,,TDC,,,
འཆམས,འཆམས,འཆམས,འཆོམས,TDC,PH,,
འཆའ,བཅས,བཅའ,འཆོས,TDC,PH,,
འཆའ,བཅས,བཅའ,,TDC,PH,,
འཆའ,བཅས,བཅའ,འཆའ,,,GT,
འཆའ,བཅས,བཅའ,འཆོས,,,,KN
འཆའ,འཆོས,འཆའ,འཆོས,TDC,PH,,
འཆར༼ད༽,ཤར,འཆར,ཤར༼ད༽,,,GT,
འཆར,ཤར,འཆར,,TDC,PH,,KN
འཆལ༼ད༽,ཆལ,འཆལ,ཆལ༼ད༽,,,GT,
འཆལ,ཆལ,འཆལ,ཆལ,,PH,,
འཆལ,འཆལ,འཆལ,,TDC,,,KN
འཆི,ཤི,འཆི,,TDC,,,KN
འཆི,ཤི,འཆི,ཤི,,PH,GT,
འཆིང,བཅིངས,བཅིང,ཆིངས,TDC,PH,,KN
འཆིང,ཆིངས༼ཆིང༽,འཆིང,ཆིངས,,,GT,
འཆིངས,བཅིངས,བཅིང,ཆིངས,,,GT,
འཆིབ,བཅིབས,བཅིབ,ཆིབས,TDC,PH,GT,KN
འཆིར༼ད༽,བཅིར,གཅིར,ཆིར༼ད༽,,,GT,
འཆིར,བཅིར,བཅིར,ཆིར,TDC,,,
འཆིར,ཆིར,བཆིར,ཆིར༼ད༽,,,GT,
འཆུ,བཅུས,བཅུ,ཆུས,TDC,,GT,KN
འཆུ,འཆུས,འཆུ,འཆུས,,,GT,
འཆུག,འཆུགས,འཆུག,འཆུགས,,PH,GT,
འཆུད,ཆུད,འཆུད,ཆུད,,,GT,
འཆུན༼ད༽,ཆུན,འཆུན,ཆུན༼ད༽,,,GT,
འཆུན,ཆུན,འཆུན,,TDC,,,
འཆུམ,འཆུམས,འཆུམ,,TDC,,,
འཆུམ,འཆུམས,འཆུམ,འཆུམས,,,,KN
འཆུམས,ཆུམ,འཆུམ,ཆུམས,TDC,,GT,
འཆུར༼ད༽,ཆུར,འཆུར,ཆུར༼ད༽,,,GT,
འཆུས,འཆུས,འཆུས,,TDC,PH,,
འཆེ,ཆེས,འཆེ,ཆེས,,,GT,
འཆེ,འཆེས,འཆེ,འཆེས,TDC,,,KN
འཆེམ,ཆེམས,ཆེམ,ཆེམས,,,GT,
འཆེར,འཅེར༼ད༽,བཅེར,འཆེར༼ད༽,,,GT,
འཆེལ,ཆེལ༼ད༽,ཆེལ,འཆེལ༼ད༽,,,GT,
འཆེལ,ཆེལ,ཆེལ,,,PH,,
འཆེལ,འཆེལ,འཆེལ,འཆེལ,,,,KN
འཆེས,ཆེས,འཆེས,ཆེས,,,GT,
འཆོམ,འཆམས༼ཆམས༽,འཆམ,འཆོམས,,,GT,
འཆོར,ཤོར,འཆོར,,TDC,PH,,KN
འཆོར༼ཤོར༽,ཤོར༼ད༽,ཤོར,འཆོར༼ད༽༼ཤོར༼ད༽༽,,,GT,
འཆོལ༼ད༽,ཆོལ,འཆོལ,ཆོལ༼ད༽,,,GT,
འཆོལ,བཅོལ༼ད༽,བཅོལ,ཆོལ༼ད༽,,,GT,
འཆོལ,བཅོལ,བཅོལ,ཆོལ,TDC,PH,,KN
འཆོལ,ཆོལ,འཆོལ,ཆོལ,,PH,,
འཆོལ,འཆོལ,འཆོལ,,TDC,,,
འཆོས,བཅོས,བཅོ,ཆོས,,,GT,
འཆོས,བཅོས,བཅོས,ཆོས,TDC,PH,,KN
འཆོས,བཟོས,བཟོ,ཆོས,,,GT,
མཇལ,མཇལ༼ད༽,མཇལ,མཇལ༼ད༽,,,GT,
མཇལ,མཇལ,མཇལ,མཇལ,,PH,,
མཇལ,མཇལ,མཇལ,མཇོལ,TDC,,,KN
མཇེད,མཇེད,མཇེད,,,PH,,
མཇེད,མཇེད,མཇེད,མཇེད,,,GT,
འཇག,འཇགས,འཇག,འཇགས,,,GT,
འཇགས,གཅགས,གཅག,འཇགས,,,GT,
འཇགས,འཇགས,འཇགས,,TDC,,,
འཇང,འཇང,འཇང,,TDC,,,
འཇབ,འཇབས,འཇབ,འཇོབས,TDC,,,
འཇའ,འཇས,འཇའ,,TDC,,,
འཇར,འཇར༼ད༽,འཇར,འཇར༼ད༽,,,GT,
འཇར,འཇར,འཇར,,TDC,,,
འཇལ,བཅལ,གཞལ,འཇལ༼ད༽,,,GT,
འཇལ,བཅལ,གཞལ,འཇལ,,PH,,
འཇལ,བཅལ,གཞལ,འཇོལ,TDC,,,KN
འཇིག,ཞིག,འཇིག,,TDC,,,
འཇིག,ཞིག,འཇིག,ཞིགས,,PH,,
འཇིག,བཤིག,གཞིག,ཤིགས,,PH,GT,
འཇིག,བཤིག,བཤིག,ཤིག,TDC,,,
འཇིགས,འཇིགས,འཇིགས,,TDC,,,KN
འཇིགས,འཇིགས,འཇིགས,འཇིགས,TDC,PH,GT,
འཇིབ,གཞིབས,གཞིབ,འཇིབས,TDC,,,
འཇིབ,བཞིབས,གཞིབ,འཇིབས,,,,KN
འཇིལ,བཅིལ,གཞིལ,ཆིལ,TDC,,,KN
འཇིལ,བཅིལ,གཞིལ,འཇིལ༼ད༽,,,GT,
འཇིལ,འཇིལ,འཇིལ,,TDC,,,
འཇུ,འཇུས,འཇུ,འཇུས,TDC,,,KN
འཇུ,ཞུ,འཇུ,,TDC,,,
འཇུག,བཅུག,གཞུག,ཆུག,TDC,PH,GT,
འཇུག,བཅུག,གཞུག,ཆུགས,,,,KN
འཇུག,ཞུགས,འཇུག,ཞུགས,TDC,PH,,
འཇུག,ཞུགས,གཞུག,,,,,KN
འཇུན,བཅུན,གཅུན,གཅུན༼ད༽,,,GT,
འཇུན,བཅུན,གཅུན,ཆུན,TDC,,,KN
འཇུམ,བཅུམ,གཅུམ,འཇུམས,,,GT,
འཇུམ,བཅུམ,གཞུམ,ཆུམ,TDC,,,
འཇུམ༼འཇུམས༽,བཅུམ,གཞུམ,ཆུམ,,PH,,
འཇུར,བཅུར,གཅུར,ཆུར,TDC,PH,,
འཇུར,བཅུར,གཅུར,འཇུར༼ད༽,,,GT,
འཇེབས,འཇེབས,འཇེབས,,TDC,,,
འཇོ,བཞོས,བཞོ,འཇོས,TDC,,,
འཇོ,བཞོས,བཞོ,ཞོས,,,,KN
འཇོག,བཞག,གཞག,ཞོག,TDC,PH,,KN
འཇོག,བཞོགས,གཞོག,ཞོགས,TDC,,,
འཇོང,འཇངས,འཇང,འཇོངས,TDC,,,
འཇོམས,བཅོམ,གཞོམ,ཆོམ,TDC,PH,,
འཇོམས,བཅོམ,གཞོམ,ཆོམས,,,GT,KN
འཇོལ,འཇོལ,འཇོལ,,TDC,,,
རྗིད,རྗིད,རྗིད,རྗིད,,,GT,
རྗུད,རྗུད,རྗུད,རྗུད,,,GT,
རྗེ,བརྗེས,བརྗེ,རྗེས,TDC,PH,,KN
རྗེད,རྗེད,རྗེད,རྗེད,,,GT,
རྗེད,བརྗེད,བརྗེད,རྗེད,TDC,PH,,KN
རྗོད,བརྗོད,བརྗོད,རྗོད,TDC,PH,GT,KN
བརྗིད,བརྗིད,བརྗིད,,TDC,,,
བརྗིད,བརྗིད,བརྗིད,བརྗིད,TDC,PH,GT,
བརྗེ,བརྗེས,བརྗེ,བརྗེས,,,GT,
བརྗེད,བརྗེད,བརྗེད,,TDC,PH,,KN
བརྗེད,བརྗེད,བརྗེད,བརྗེད,,,GT,
ཉ,ཉ,ཉ,,TDC,,,
ཉན,ཉན༼ད༽,ཉན,ཉོན༼ད༽,,,GT,
ཉན,མཉན,མཉན,ཉོན,TDC,PH,,KN
ཉམས,ཉམས,ཉམས,,TDC,PH,,KN
ཉམས,ཉམས,ཉམས,ཉམས,,,GT,
ཉར,ཉར༼ད༽,ཉར,ཉར༼ད༽,,,GT,
ཉར,ཉར,ཉར,ཉོར,TDC,,,KN
ཉལ,ཉལ༼ད༽,ཉལ,ཉོལ༼ད༽,,,GT,
ཉལ,ཉལ,ཉལ,ཉོལ,TDC,,,KN
ཉིལ,ཉིལ༼ད༽,ཉིལ,ཉིལ༼ད༽,,,GT,
ཉིལ,ཉིལ,ཉིལ,,TDC,,,
ཉུག,ཉུགས,ཉུག,ཉུགས,TDC,PH,GT,KN
ཉུལ,ཉུལ༼ད༽,ཉུལ,ཉུལ༼ད༽,,,GT,
ཉུལ,ཉུལ,ཉུལ,ཉུལ,TDC,,,
ཉེ,ཉེ,ཉེ,,,PH,,
ཉེ,ཉེ,ཉེ,ཉེ,,,GT,
ཉེད,ཉེད,ཉེད,ཉེད,TDC,,,
ཉེན,ཉེན༼ད༽,ཉེན,ཉེན༼ད༽,,,GT,
ཉེན,ཉེན,ཉེན,,TDC,,,
ཉེས,ཉེས,ཉེས,,TDC,PH,,
ཉེས,ཉེས,ཉེས,ཉེས,,,GT,KN
ཉོ,ཉོས,ཉོ,ཉོས,TDC,PH,GT,KN
ཉོག,ཉོགས,ཉོག,ཉོགས,,PH,GT,
ཉོབ,ཉོབ,ཉོབ,,TDC,,,
ཉོབ,ཉོབ༼ཉོབས༽,ཉོབ,ཉོབ༼ཉོབས༽,,,GT,
ཉོར,ཉོར༼ད༽,ཉོར,ཉོར༼ད༽,,,GT,
གཉིད,གཉིད,གཉིད,,TDC,,,
གཉུལ,གཉུལ༼ད༽,གཉུལ,གཉུལ༼ད༽,,,GT,
གཉུལ,གཉུལ,གཉུལ,གཉུལ,TDC,,,KN
གཉེག,གཉགས,གཉག,གཉེགས,,,GT,
གཉེར,གཉེར༼ད༽,གཉེར,གཉེར༼ད༽,,,GT,
གཉེར,གཉེར,གཉེར,གཉེར,TDC,PH,,KN
གཉོག,གཉགས,གཉག,གཉོགས,TDC,,,KN
མཉན,མཉན༼ད༽,མཉན,མཉན༼ད༽,,,GT,
མཉན,མཉན,མཉན,མཉན,,PH,,
མཉམ,མཉམ,ཉམ,,,,,KN
མཉམ,མཉམ,མཉམ,མཉམ,,,GT,
མཉེད,མཉེས,མཉེ,མཉེས,TDC,,,KN
མཉེལ,མཉེལ༼ད༽,མཉེལ,མཉེལ༼ད༽,,,GT,
མཉེལ,མཉེལ,མཉེལ,,TDC,,,KN
མཉེས,མཉེས,མཉེས,,TDC,PH,,
མཉེས,མཉེས,མཉེས,མཉེས,,,GT,KN
རྙ,བརྙས,བརྙ,རྙོས,TDC,PH,GT,
རྙན,བརྙན༼ད༽,བརྙན,རྙན༼ད༽,,,GT,
རྙན,བརྙན,བརྙན,རྙོན,TDC,,,
རྙས,བརྙས,བརྙས,རྙས,,PH,GT,
རྙིང,བརྙིངས,བརྙིང,རྙིངས,,,GT,
རྙིད,རྙིད,རྙིད,,TDC,,,KN
རྙེད,རྙེད,རྙེད,,TDC,,,KN
རྙེད,བརྙེས,བརྙེད,རྙེས,,PH,GT,
རྙོག,བརྙོགས,བརྙོག,,,PH,,
རྙོག,བརྙོགས,བརྙོག,རྙོགས,,,GT,
རྙོང,བརྙངས,བརྙང,རྙོངས,TDC,,GT,KN
རྙོང,བརྙོངས,བརྙོང,རྙོངས,,,GT,
རྙོབ,རྙོབ,རྙོབ,,TDC,,,
རྙོབ,བརྙབས,བརྙབ,རྙོབས,,,GT,
སྙག,བསྙགས,བསྙག,སྙགས,,PH,GT,
སྙད,བསྙད,བསྙད,སྙད,,,GT,
སྙམ,སྙམ,སྙམ,,TDC,,,KN
སྙམ,སྙམ,སྙམ,སྙམ,,,GT,
སྙམ,སྙམས,སྙམ,,,PH,,
སྙལ༼ད༽,བསྙལ༼ད༽,བསྙལ,སྙལ༼ད༽,,,GT,
སྙིག,བསྙིགས,བསྙིག,སྙིགས,TDC,,GT,KN
སྙིལ,བསྙིལ༼ད༽,བསྙིལ,སྙིལ༼ད༽,,,GT,
སྙིལ,བསྙིལ,བསྙིལ,སྙིལ,TDC,,,
སྙིལ,བསྙིལ༼ད༽,བསྙིལ,སྙིལ,,,,KN
སྙུག,བསྙུགས,བསྙུག,སྙུགས,TDC,,GT,KN
སྙུང,བསྙུངས,བསྙུང,,TDC,,,
སྙུང,བསྙུངས,བསྙུང,སྙུངས,TDC,,GT,KN
སྙུན,བསྙུན༼ད༽,བསྙུན,སྙུན༼ད༽,,,GT,
སྙུན,བསྙུན,བསྙུན,,TDC,,,
སྙུན,བསྙུན༼ད༽,བསྙུན,,,,,KN
སྙུལ,བསྙུལ༼ད༽,བསྙུལ,སྙུལ༼ད༽,,,GT,
སྙེ,བསྙེས,བསྙེ,སྙེས,TDC,,GT,KN
སྙེག,བསྙེགས,བསྙེག,སྙེགས,TDC,PH,GT,KN
སྙེང,བསྙེངས,བསྙེང,,TDC,,,
སྙེང,བསྙེངས,བསྙེང,སྙེངས,,,GT,
སྙེན,བསྙེན༼ད༽,བསྙེན,སྙེན༼ད༽,,,GT,
སྙེན,བསྙེན,བསྙེན,སྙེན,TDC,,,
སྙེན,བསྙེན༼ད༽,བསྙེན,སྙེན,,,,KN
སྙེམ,བསྙམས,བསྙེམ,སྙེམས,,,,KN
སྙེམ,བསྙེམས,བསྙེམ,,TDC,,,
སྙེམས,བསྙེམས,བསྙེམ,སྙེམས,,,GT,
སྙེར,བསྙེར༼ད༽,བསྙེར,སྙེར༼ད༽,,,GT,
སྙེར,བསྙེར,བསྙེར,སྙེར,TDC,,,
སྙེར,བསྙེར༼ད༽,བསྙེར,སྙེར,,,,KN
སྙེལ,བསྙེལ༼ད༽,བསྙེལ,སྙེལ༼ད༽,,,GT,
སྙོག,བསྙགས,བསྙག,སྙོགས,TDC,,,
སྙོག,བསྙོགས,བསྙོག,སྙོགས,TDC,,,KN
སྙོད,བསྙད,བསྙད,སྙོད,TDC,PH,,KN
སྙོད,བསྙོད,བསྙོད,སྙོད,TDC,,GT,KN
སྙོན,བསྙོན༼ད༽,བསྙོན,སྙོན༼ད༽,,,GT,
སྙོན,བསྙོན,བསྙོན,སྙོན,TDC,PH,,
སྙོན,བསྙོན༼ད༽,བསྙོན,སྙོན,,,,KN
སྙོབ,བསྙབས,བསྙབ,སྙོབས,TDC,,GT,
སྙོབ,བསྙབས,བསྙམ,སྙོབས,,,,KN
སྙོམ,བསྙམས,བསྙབ,སྙོམས,,,,KN
སྙོམ,བསྙམས,བསྙམ,སྙོམས,TDC,PH,,
སྙོམས,བསྙམས,བསྙམ,སྙོམས,,,GT,
སྙོར,བསྙོར༼ད༽,བསྙོར,སྙོར༼ད༽,,,GT,
སྙོར,བསྙོར,བསྙོར,སྙོར,TDC,,,KN
སྙོལ,བསྙལ༼ད༽,བསྙལ,སྙོལ༼ད༽,,,GT,
སྙོལ,བསྙལ,བསྙལ,སྙོལ,TDC,,,
སྙོལ,བསྙལ༼ད༽,བསྙལ,སྙོལ,,,,KN
བརྙས,བརྙས,བརྙས,བརྙས,TDC,,,KN
བརྙེས,བརྙེས,རྙེས,བརྙེས,,,,KN
བརྙེས,བརྙེས,བརྙེས,,TDC,,,
བརྙོག,བརྙོགས,བརྙོག,,TDC,,,
བསྙེལ,བསྙེལ,བསྙེལ,,TDC,,,KN
གཏམ,གཏམས,གཏམ,གཏོམས,TDC,,,KN
གཏམ,གཏམས,གཏམ༼གདམས༽,གཏམས,,,GT,
གཏམ,བཏམས,བཏམ,གཏོམས,TDC,,,
གཏམས,གཏམས,གཏམས,གཏོམས,TDC,,,
གཏར,གཏར༼ད༽,གཏར,གཏར༼ད༽,,,GT,
གཏར,གཏར,གཏར,གཏོར,TDC,,,KN
གཏིག,བཏིགས,བཏིག,གཏིགས,TDC,,,KN
གཏིགས,བཏིག,བཏིག,གཏིགས,TDC,,GT,
གཏིབ,གཏིབས,གཏིབ,གཏིབས,TDC,PH,,KN
གཏིབས,གཏིབ,གཏིབ,གཏིབས,,,GT,
གཏུག,གཏུགས,གཏུག,གཏུགས,TDC,,,KN
གཏུགས,གཏུག,གཏུག,གཏུགས,,,GT,
གཏུགས,གཏུགས,གཏུགས,,TDC,PH,,
གཏུབ,གཏུགས,གཏུབ,གཏུགས,,,,KN
གཏུབ,གཏུབས,གཏུབ,གཏུབས,TDC,,,
གཏུམ,བཏུམས,གཏུམ,ཐུམས,TDC,,,
གཏུལ,གཏུལ,གཏུལ,གཏུལ,TDC,,,
གཏོག,གཏོག,གཏོག,གཏོག,,,GT,
གཏོག,གཏོགས,གཏོག,གཏོགས,TDC,,,KN
གཏོགས,གཏོགས,གཏོགས,,TDC,,,
གཏོགས,གཏོགས,གཏོགས,གཏོགས,,PH,GT,KN
གཏོང,བཏང,གཏང,ཐོང,TDC,,,KN
གཏོང,བཏང,གཏང,ཐོང༼ཐོངས༽,,PH,,
གཏོད,གཏད,གཏད,གཏོད,TDC,PH,,KN
གཏོད,བཏོད,གཏོད,གཏོད,TDC,,GT,KN
གཏོར,གཏོར,གཏོར,གཏོར,TDC,,,KN
གཏོལ,བཏོལ༼ད༽,བཏོལ,གཏོལ༼ད༽,,,GT,
རྟབ,བརྟབས,བརྟབ,,TDC,,,
རྟབ,བརྟབས,བརྟབ,རྟབས,,,GT,
རྟུན,བརྟུན༼ད༽,བརྟུན,རྟུན༼ད༽,,,GT,
རྟུན,བརྟུན,བརྟུན,རྟུན,,,,KN
རྟུལ,བརྟུལ༼ད༽,བརྟུལ,རྟུལ༼ད༽,,,GT,
རྟུལ,བརྟུལ,བརྟུལ,རྟུལ,TDC,PH,,KN
རྟེན,བརྟེན༼ད༽,བརྟེན,རྟེན༼ད༽,,,GT,
རྟེན,བརྟེན,བརྟེན,རྟེན,TDC,PH,,KN
རྟོག,བརྟགས,བརྟག,རྟགས,,,GT,
རྟོག,བརྟགས,བརྟག,རྟགས༼རྟོགས༽,,PH,,
རྟོག,བརྟགས,བརྟག,རྟོགས,TDC,,,KN
རྟོགས,རྟོགས,རྟོགས,,TDC,,,
རྟོགས,རྟོགས,རྟོགས,རྟོགས,,PH,GT,KN
རྟོད,བརྟོད,བརྟོད,རྟོད,TDC,,GT,KN
རྟོན,བརྟན༼ད༽,བརྟོན༼བརྟན༽,རྟོན༼ད༽,,,GT,
རྟོན,བརྟན,བརྟན,རྟོན,TDC,,,KN
རྟོན,བརྟན,བརྟན༼བརྟོན༽,རྟོན,,PH,,
རྟོལ,བརྟོལ༼ད༽,བརྟོལ,རྟོལ༼ད༽,,,GT,
རྟོལ,བརྟོལ,བརྟོལ,,TDC,,,
རྟོལ,བརྟོལ,བརྟོལ,རྟོལ,TDC,,,KN
ལྟ,བལྟས,བལྟ,ལྟོས,TDC,,GT,KN
ལྟ,བལྟས,བལྟ,ལྟོས༼ལྟས༽,,PH,,
ལྟབ༼ལྟེབ༽,བལྟབས,བལྟབ,ལྟབས༼ལྟེབས༽,,,GT,
ལྟམ,བལྟམས,བལྟམ,ལྟམས,,,GT,
ལྟམ,བལྟམས,བལྟམ,ལྟོམས,,,,KN
ལྟུང,ལྟུངས,ལྟུང,,TDC,PH,,KN
ལྟུང,ལྟུངས,ལྟུང,ལྟུང,,,GT,
ལྟེབ,བལྟབས,བལྟབ,ལྟེབས,,,,KN
ལྟེབ,བལྟབས,བལྟབ,ལྟོབས,TDC,,,
ལྟེམ,ལྟེམ,ལྟེམ,,TDC,,,
ལྟོག,ལྟོགས,ལྟོག,ལྟོགས,,PH,GT,
ལྟོགས,ལྟོགས,ལྟོགས,,TDC,,,
ལྟོས,བལྟོས,ལྟོས,,TDC,PH,,
སྟང,བསྟངས,བསྟང,སྟོངས,TDC,,,
སྟད,བསྟད,བསྟད,སྟད,,,GT,
སྟར,བསྟར༼ད༽,བསྟར,སྟར༼ད༽,,,GT,
སྟར,བསྟར,བསྟར,སྟར,,,,KN
སྟར,བསྟར,བསྟར,སྟར༼སྟོར༽,,PH,,
སྟར,བསྟར,བསྟར,སྟོར,TDC,,,
སྟི,བསྟིས,བསྟི,སྟིས,TDC,,GT,
སྟིང,བསྟིངས,བསྟིང,སྟིངས,TDC,,,
སྟིབ,བསྟིབས,བསྟིབ,སྟིབས,,,GT,
སྟིམ,བསྟིམས,བསྟིམ,སྟིམས,TDC,,GT,KN
སྟིར,བསྟིར༼ད༽,བསྟིར,སྟིར༼ད༽,,,GT,
སྟུག,བསྟུགས,བསྟུག,སྟུགས,,,GT,
སྟུང,བསྟུངས,བསྟུང,སྟུངས,TDC,,GT,KN
སྟུད,བསྟུད,བསྟུད,སྟུད,TDC,,GT,
སྟུད,བསྟུད,བསྟུད,འཐུད,,,,KN
སྟུན,སྟུན༼ད༽,སྟུན,སྟུན༼ད༽,,,GT,
སྟུན,བསྟུན,བསྟུན,སྟུན,TDC,PH,,KN
སྟེན,བསྟེན༼ད༽,བསྟེན,སྟེན༼ད༽,,,GT,
སྟེན,བསྟེན,བསྟེན,སྟེན,TDC,PH,,KN
སྟེར,སྟེར,སྟེར,སྟེར,TDC,PH,,KN
སྟེར,བསྟེར༼ད༽,བསྟེར,སྟེར༼ད༽,,,GT,
སྟོང,སྟོངས,སྟོང,,TDC,,,
སྟོང,སྟོངས,སྟོང,སྟོངས,,PH,GT,KN
སྟོངས,བསྟོངས,བསྟོང,སྟོངས,,,GT,
སྟོད,བསྟད,བསྟད,སྟོད,TDC,,,KN
སྟོན,བསྟན༼ད༽,བསྟན,སྟོན༼ད༽,,,GT,
སྟོན,བསྟན,བསྟན,སྟོན,TDC,PH,,KN
སྟོབ,བསྟབས,བསྟབ,སྟོབས,TDC,PH,GT,KN
སྟོར,སྟོར,སྟོར,,TDC,,,
སྟོར,བསྟར,བསྟར,སྟོར,TDC,PH,,
སྟོར,བསྟོར༼ད༽,བསྟོར,སྟོར༼ད༽,,,GT,
བརྟ,བརྟས,བརྟ,,TDC,,,KN
བརྟ,བརྟས,བརྟའ,རྟས,,,GT,
བལྟམས,བལྟམས,བལྟམས,,TDC,PH,,
བསྟི,བསྟིས,བསྟི,སྟིས,,,,KN
བསྟུན,བསྟུན༼ད༽,བསྟུན,བསྟུན༼ད༽,,,GT,
བསྟོད,བསྟོད,བསྟོད,བསྟོད,TDC,PH,,KN
བསྟོད༼སྟོད༽,བསྟོད,བསྟོད,སྟོད༼བསྟོད༽,,,GT,
ཐར,ཐར༼ད༽,ཐར,ཐར༼ད༽,,,GT,
ཐར,ཐར,ཐར,,TDC,,,KN
ཐར,ཐར,ཐར,ཐར,,PH,,
ཐལ,ཐལ,ཐལ,,TDC,PH,,
ཐིག,ཐིག,ཐིག,,TDC,,,
ཐིང,ཐིངས,ཐིང,,TDC,,,
ཐིམ,ཐིམ,ཐིམ,,TDC,PH,,
ཐུག,ཐུག,ཐུག,,TDC,,,
ཐུག,ཐུག,ཐུག,ཐུག,,PH,GT,
ཐུབ,བཏུབས,བཏུབ,ཐུབ,,PH,GT,
ཐུབ,ཐུབ,ཐུབ,,TDC,,,
ཐུབ,ཐུབ,ཐུབ,ཐུབ,,PH,GT,
ཐུལ,ཐུལ,ཐུལ,,TDC,PH,,
ཐེ,ཐེ,ཐེ,,TDC,,,
ཐེ,ཐེ,ཐེ,ཐེ,,,,KN
ཐེག,ཐེག,ཐེག,,TDC,,,
ཐེག,ཐེགས,ཐེག,ཐེགས,,,GT,
ཐེགས,ཐེགས,ཐེགས,,TDC,,,
ཐེང,ཐེངས,ཐེང,,TDC,,,
ཐེབས,ཐེབས,ཐེབས,,TDC,,,
ཐེབས,ཐེབས,ཐེབས,ཐེབས,,,,KN
ཐོགས,ཐོགས,ཐོགས,,TDC,PH,,
ཐོགས,ཐོགས,ཐོགས,ཐོགས,TDC,PH,,
ཐོང,ཐོང,ཐོང,,TDC,PH,,
ཐོམས,འཐོམས,འཐོམས,,,,,KN
ཐོས,ཐོས,ཐོས,,TDC,,,KN
ཐོས,ཐོས,ཐོས,ཐོས,,PH,GT,
མཐུད,མཐུད,མཐུད,མཐུད,TDC,,GT,KN
མཐུན,མཐུན༼ད༽,མཐུན,མཐུན༼ད༽,,,GT,
མཐུན,མཐུན,མཐུན,,TDC,,,
མཐུན,མཐུན,མཐུན,མཐུན,,PH,,KN
མཐོང,མཐོང,མཐོང,,TDC,,,KN
མཐོང,མཐོང,མཐོང,མཐོང,,PH,GT,
མཐོལ,མཐོལ,མཐོལ,,TDC,,,
མཐོལ,མཐོལ,མཐོལ,མཐོལ,,,,KN
འཐག,བཏགས,བཏག,འཐོག,TDC,,,KN
འཐག,ཐག,འཐག,,TDC,PH,,
འཐད,འཐད,འཐད,,TDC,,,
འཐད,འཐད,འཐད,འཐད,,PH,GT,
འཐབ,འཐབས,འཐབ,འཐབས,,,GT,
འཐབ,འཐབས,འཐབ,འཐོབས,TDC,PH,,
འཐམ,འཐམས,འཐམ,འཐོམས,TDC,,,KN
འཐམས,ཐམས,འཐམ,ཐམས,,,GT,
འཐལ༼ད༽,ཐལ,འཐལ,ཐལ༼ད༽,,,GT,
འཐིགས,ཐིགས,འཐིག,ཐིགས,,,GT,
འཐིབས,ཐིབ,འཐིབ,ཐིབས,,,GT,
འཐིབས,འཐིབས,འཐིབས,,TDC,,,KN
འཐིབས༼འཐིབ༽,འཐིབས,འཐིབས༼འཐིབ༽,,,PH,,
འཐིམས,ཐིམ,འཐིམ,ཐིམས,,,GT,
འཐུ,བཏུས,བཏུ,ཐུས,TDC,,,KN
འཐུ,བཏུས,བཏུ,འཐུ,,,GT,
འཐུ,ཐུ,ཐུ,ཐུ,,,GT,
འཐུ,འཐུས,འཐུ,འཐུས,TDC,,GT,
འཐུང,བཏུངས,བཏུང,ཐུངས,,,GT,
འཐུང,བཏུངས,བཏུང,འཐུངས,TDC,PH,,KN
འཐུབ,གཏུབས,གཏུབ,འཐུབས,,,GT,
འཐུམ,བཏུམས,གཏུམ,ཐུམས,,,,KN
འཐུམ,ཐུམ,འཐུམ,ཐུམས,,,GT,
འཐུམས,འཐུམས,འཐུམས,,TDC,,GT,
འཐུལ༼ད༽,ཐུལ,འཐུལ,ཐུལ༼ད༽,,,GT,
འཐུལ,འཐུལ,འཐུལ,,TDC,,,
འཐུས,འཐུས,འཐུས,,TDC,,,
འཐུས,འཐུས༼ཐུས༽,འཐུས,འཐུས,,,GT,
འཐེ,ཐེ,ཐེ,ཐེས,,,GT,
འཐེང,འཐེངས,འཐེང,,TDC,,,
འཐེན,ཐེན༼ད༽,ཐེན,འཐེན༼ད༽,,,GT,
འཐེན,ཐེན,ཐེན,འཐེན,,PH,,
འཐེན,འཐེན,འཐེན,འཐེན,TDC,,,KN
འཐེབ,ཐེབས,ཐེབ,འཐེབས,,,GT,
འཐེབ,འཐེབས,འཐེབ,,,,,KN
འཐེབས,ཐེབས,འཐེབ,,,PH,,
འཐེབས,ཐེབས,འཐེབས,,,PH,,
འཐེམ,ཐེམས,འཐེམ,,TDC,,,
འཐེམས,ཐེམ,འཐེམ,ཐེམས,,,GT,
འཐོག,བཏོགས,བཏོག,འཐོགས,TDC,PH,GT,KN
འཐོག,ཐོགས,འཐོག,ཐོགས,,,GT,
འཐོགས,ཐོགས,ཐོག,ཐོགས,,,GT,
འཐོན༼ད༽,ཐོན,འཐོན,ཐོན༼ད༽,,,GT,
འཐོན,ཐོན,འཐོན,,TDC,PH,,
འཐོན,ཐོན,འཐོན,ཐོན,TDC,,,KN
འཐོབ,ཐོབ,ཐོབ,འཐོབས,,,GT,
འཐོབ,ཐོབ,འཐོབ,,TDC,,,KN
འཐོབ,ཐོབ,འཐོབ,འཐོབས,,PH,,
འཐོམས,ཐོམ,འཐོམ,ཐོམས,,,GT,
འཐོམས,འཐོམས,འཐོམས,,TDC,,,
འཐོར༼ད༽,གཏོར༼ད༽,གཏོར,གཏོར༼ད༽,,,GT,
འཐོར,ཐོར,འཐོར,ཐོར༼ད༽,,,GT,
འཐོར,འཐོར,འཐོར,,TDC,,,
འཐོལ༼ད༽,ཐོལ,འཐོལ,ཐོལ༼ད༽,,,GT,
དད,དད,དད,,TDC,,,
དད,དད,དད,དད,,PH,GT,KN
དར,དར༼ད༽,དར,དར༼ད༽,,,GT,
དར,དར,དར,,TDC,,,
དར,དར,དར,དར,,PH,,KN
དུང,དུངས,དུང,,TDC,,,
དུད,དུད,དུད,,TDC,,,
དུབ,དུབ,དུབ,,TDC,,,KN
དུར,དུར༼ད༽,དུར,དུར༼ད༽,,,GT,
དུར,འདུར,འདུར,འདུར,,,,KN
དུལ,དུལ༼ད༽,དུལ,དུལ༼ད༽,,,GT,
དོ,དོ,དོ,,TDC,,,
དོགས,དོགས,དོགས,,TDC,PH,,
དོད,དོད,དོད,,TDC,,,
དོད,དོད,དོད,དོད,,,GT,
དོན,དོན༼ད༽,དོན,དོན༼ད༽,,,GT,
དོར,དོར,དོར,དོར,,,,KN
དྭངས,དྭངས,དྭངས,,TDC,,,
དྭངས,དྭངས,དྭངས,དྭངས,,,GT,
དྭོགས,དྭོགས,དྭོགས,དྭོགས,,,GT,
དྲ,དྲས,དྲ,དྲས,,,GT,
དྲ,དྲས,དྲ,དྲོས,,,,KN
དྲག,དྲག,དྲག,,TDC,PH,,KN
དྲག,དྲག,དྲག,དྲག,,,GT,
དྲན,དྲན༼ད༽,དྲན,དྲན༼ད༽,,,GT,
དྲན,དྲན,དྲན,དྲན,TDC,,,
དྲུབ,དྲུབས,དྲུབ,དྲུབས,TDC,,,
དྲེགས,དྲེགས,དྲེགས,,TDC,,,
དྲེགས,དྲེགས,དྲེགས,དྲེགས,,,GT,
དྲོ,དྲོས,དྲོ,,TDC,,,
གདང,གདངས,གདང,གདངས,,,GT,
གདང,གདངས,གདང,གདོངས,TDC,,,KN
གདལ,གདལ༼ད༽,བདལ,གདལ༼ད༽,,,GT,
གདལ,གདལ,གདལ,,TDC,,,
གདས,གདས,གདས,གདས,TDC,,,KN
གདུ,གདུས,གདུ,གདུས,TDC,,,KN
གདུང,གདུངས,གདུང,,TDC,,,
གདུང,གདུངས,གདུང,གདུངས,,PH,GT,KN
གདེང,གདེངས,གདེང,གདེངས,TDC,,GT,KN
བདག,བདག,བདག,,TDC,,,
བདག,བདག,བདག,བདག,,,GT,
བདར,བདར༼ད༽,བདར,བདར༼ད༽,,,GT,
བདར,བདར,བདར,བདོར,TDC,,,KN
བདལ,བདལ,བདལ,བདོལ,TDC,,,
བདུག,བདུགས,བདུག,བདུགས,TDC,,GT,KN
བདུང,བདུངས,བདུང,བདུངས,TDC,,,KN
བདོ,བདོ,བདོ,,TDC,,,
བདོ,བདོ,བདོ,བདོ,,,GT,
བདོད,བདོད,བདོད,བདོད,,,,KN
མདུད,མདུད,མདུད,མདུད,TDC,PH,,KN
འདག,དག,འདག,,TDC,PH,,KN
འདག,དག,འདག,འདག༼འདགས༽,,,GT,
འདང,འདངས,འདང,,TDC,,,KN
འདམ,བཏམ,གཏམ,ཐོམ,TDC,,,
འདམ,བདམས,བདམ,འདོམས,TDC,,,
འདའ,འདས,འདའ,,TDC,PH,,KN
འདར,འདར༼ད༽,འདར,འདར,,,GT,
འདར,འདར,འདར,,TDC,,,
འདལ༼ད༽,དལ,འདལ,དལ༼ད༽,,,GT,
འདལ,དལ༼ད༽,འདལ,འདོལ༼ད༽༼འདོལ༽,,,GT,
འདལ,འདལ,འདལ,,TDC,,,
འདིང,བཏིང,གདིང,ཐིང,TDC,PH,,
འདིང,བཏིང,གདིང,ཐིངས,,,,KN
འདིང༼འདིངས༽,བཏིང,གདིང,ཐིངས,,,GT,
འདུ,འདུས,འདུ,འདུས,TDC,PH,,KN
འདུག,འདུག,འདུག,,TDC,PH,,
འདུང༼བདུང༽,བདུངས,བདུང,བདུངས,,,GT,
འདུད,བཏུད,བཏུད,འདུད,,,GT,
འདུད,བཏུད,གདུད,ཐུད,TDC,PH,,KN
འདུད,དུད,འདུད,དུད,,,GT,
འདུད,འདུས,འདུ,འདུས,,,GT,
འདུན,འདུན༼ད༽,འདུན,འདུན༼ད༽,,,GT,
འདུན,འདུན,འདུན,,TDC,,,
འདུན,འདུན,འདུན,འདུན,,PH,,
འདུམ,འདུམས,འདུམ,,TDC,PH,,
འདུར,འདུར,འདུར,,TDC,,,
འདུལ,བཏུལ,གདུམ,ཐུལ༼ད༽,,,GT,
འདུལ,བཏུལ,གདུལ,ཐུལ,TDC,PH,,KN
འདེགས,བཏེག,གདེག,ཐེག,TDC,,,
འདེགས,བཏེག,གདེག,འདེགས,,PH,,
འདེགས,བཏེགས,གདེག,ཐེགས,,,,KN
འདེགས༼འདེག༽,བཏེག,བདེག,འདེགས,,,GT,
འདེང,དེངས,དེང,འདེངས,,,GT,
འདེད,བདས,བདའ,དེད,TDC,PH,GT,KN
འདེབས,བཏབ,གདབ,ཐོབ,TDC,,,KN
འདེབས,བཏབ,གདབ,ཐོབས,,PH,GT,
འདེམ,བདམས༼གདམས༽,བདམ༼གདམ༽,འདེམས,,,GT,
འདེམས,བདམས,གདམ,འདོམས,,,,KN
འདོགས,བཏགས,གདགས,ཐོགས,TDC,PH,,KN
འདོང,དོང,འདོང,དེངས,TDC,PH,,KN
འདོངས,དོང,འདོང,དོངས,TDC,PH,,
འདོད,འདོད,དོད,,,,,KN
འདོད,འདོད,འདོད,,TDC,,,
འདོད,འདོད,འདོད,འདོད,,PH,GT,
འདོན,བཏོན,གདོན,ཐོན,TDC,PH,,KN
འདོན,བཏོན,གདོན,འདོན༼ད༽,,,GT,
འདོམ,འདོམས,འདོམ,,TDC,,,
འདོམས,གདམས,གདམ,འདོམས,TDC,PH,GT,KN
འདོར,དོར༼ད༽,དོར,འདོར༼ད༽,,,GT,
འདོར,དོར,དོར,,,PH,,
འདོར,དོར,དོར,དོར,TDC,,,KN
འདྲ,དྲས,དྲ,དྲོས,TDC,PH,,
འདྲ,འདྲ,འདྲ,,,PH,,
འདྲད,དྲད,དྲད,འདྲད,,,GT,
འདྲད,དྲེད,འདྲེད,དྲེད,,,GT,
འདྲད,འདྲད,འདྲད,འདྲོད,TDC,,,KN
འདྲལ,དྲལ༼ད༽,དྲལ,འདྲལ༼ད༽,,,GT,
འདྲལ,དྲལ,དྲལ,དྲོལ,TDC,,,KN
འདྲི,དྲིས,དྲི,དྲིས,TDC,PH,,KN
འདྲིད,དྲིད,དྲིད,འདྲིད,,,GT,
འདྲིད,བྲིད,བྲིད,བྲིད,TDC,,,
འདྲིན,བགྲངས,བགྲང,འདྲིན༼ད༽,,,GT,
འདྲིལ༼ད༽,དྲིལ,འདྲིལ,དྲིལ༼ད༽,,,GT,
འདྲིལ,དྲིལ,དྲིལ,དྲིལ,TDC,PH,,
འདྲིལ,འདྲིལ,འདྲིལ,,TDC,PH,,
འདྲིས,འདྲིས,འདྲིས,,TDC,,,KN
འདྲིས,འདྲིས,འདྲིས,འདྲིས,,,GT,
འདྲུ,དྲུས,དྲུ,འདྲུས,,,GT,
འདྲུ,དྲུས,འདྲུ,དྲུས,TDC,,,KN
འདྲུད,དྲུད,དྲུད,དྲུད,,,GT,
འདྲུད,དྲུད,འདྲུད,དྲུད,TDC,,,KN
འདྲུབ,འདྲུབས,འདྲུབ,,TDC,,,
འདྲུབ,དྲུབས,དྲུབ,དྲུབས,,,,KN
འདྲུབ,དྲུབས,དྲུབ,འདྲུབས,,,GT,
འདྲེ,འདྲེས,འདྲེ,,TDC,PH,,KN
འདྲེད,འདྲེད,འདྲེད,,TDC,,,
འདྲེན,དྲངས,དྲང,དྲོངས,TDC,PH,,
འདྲེན,དྲངས,དྲང,དྲོངས༼འདྲོན༼ད༽༽,,,GT,
འདྲེན,དྲངས,དྲངས,དྲོངས,,,,KN
འདྲེས༼འདྲེ༽,འདྲེས,འདྲེས༼འདྲེ༽,འདྲེས,,,GT,
འདྲོག,འདྲོགས,འདྲོག,,TDC,,,
འདྲོག,འདྲོགས,འདྲོག,འདྲོགས,,,GT,
འདྲོང,དྲོངས,འདྲོང,འདྲོངས,,,GT,
འདྲོང,འདྲོངས,འདྲོང,,TDC,,,
རྡར,བརྡར,བརྡར,རྡོར,TDC,PH,,KN
རྡལ,བརྡལ༼ད༽,བརྡལ,རྡལ༼ད༽,,,GT,
རྡལ,བརྡལ,བརྡལ,རྡོལ,TDC,,,KN
རྡིབ,རྡིབ,རྡིབ,,TDC,,,
རྡིབ,རྡིབས,རྡིབ,རྡིབས,,,GT,
རྡིབ,བརྡིབས,བརྡིབ,,,,,KN
རྡིབ,བརྡིབས,བརྡིབ,རྡིབས,,,GT,
རྡུག,བརྡུགས,བརྡུག,རྡུགས,,PH,GT,
རྡུགས,རྡུགས,རྡུགས,,TDC,,,
རྡུང,བརྡུངས,བརྡུང,རྡུངས,TDC,PH,GT,KN
རྡུལ,བརྡུལ༼ད༽,བརྡུལ,རྡུལ༼ད༽,,,GT,
རྡེག,བརྡེགས,བརྡེག,རྡེགས,TDC,PH,GT,KN
རྡེབ,བརྡབས,བརྡབ,རྡོབས,TDC,,,KN
རྡེབ༼རྡབ༽,བརྡབས,བརྡབ,རྡེབས,,,GT,
རྡོར༼རྡར༽,བརྡར༼ད༽,བརྡར,རྡོར༼ད༽,,,GT,
རྡོལ,རྡོལ༼ད༽,རྡོལ,རྡོལ༼ད༽,,,GT,
རྡོལ,རྡོལ,རྡོལ,,TDC,PH,,
རྡོལ,བརྡོལ༼ད༽,བརྡོལ,རྡོལ༼ད༽,,,GT,
རྡོལ,བརྡོལ,བརྡོལ,,,,,KN
རྡོས,རྡོས,རྡོས,,TDC,,,
རྡོས,རྡོས,རྡོས,རྡོས,,,GT,
ལྡག,བལྡགས,བལྡག,ལྡགས,,,GT,
ལྡག,བལྡགས,བལྡག,ལྡོགས,TDC,,,KN
ལྡང,ལྡངས,ལྡང,,TDC,,,
ལྡང,ལྡངས,ལྡང,ལྡངས,,,GT,
ལྡང,ལྡངས,ལྡང,ལྡོངས,TDC,,,
ལྡད,བལྡད,བལྡད,ལྡད,,,GT,
ལྡད,བལྡད,བལྡད,ལྡོད,TDC,,,KN
ལྡན,ལྡན,ལྡན,ལྡན,,PH,,
ལྡབ,བལྡབས,བལྡབ,ལྡབས,,,GT,
ལྡབ,བལྡབས,བལྡབ,ལྡོབས,TDC,,,
ལྡས,ལྡས,ལྡས,ལྡས,,,GT,
ལྡིང,ལྡིངས,ལྡིང,,TDC,,,
ལྡིང,ལྡིངས,ལྡིང,ལྡིང,,,,KN
ལྡིར,ལྡིར,ལྡིར,,TDC,PH,,
ལྡིར,བལྡིར,བལྡིར,ལྡིར,,,,KN
ལྡུག,ལྡུགས,ལྡུག,ལྡུགས,TDC,,GT,KN
ལྡུད,ལྡུད,ལྡུད,ལྡུད,TDC,,,KN
ལྡུར,ལྡུར,ལྡུར,,TDC,,,
ལྡེ,ལྡེས,ལྡེ,ལྡེས,TDC,,,KN
ལྡེ,བལྡེས,བལྡེ,ལྡེས,,,GT,
ལྡེག,བལྡེགས,བལྡེག,,TDC,,,
ལྡེག,བལྡེགས,བལྡེག,ལྡེགས,,,GT,
ལྡོག,ལྡོག,ལྡོག,,TDC,,,
ལྡོག,ལྡོག,ལྡོག,ལྡོག,,,,KN
ལྡོག,ལྡོགས,ལྡོག,ལྡོགས,,PH,GT,
ལྡོང,ལྡོངས,ལྡོང,ལྡོངས,,,GT,
ལྡོབ,ལྡོབས,ལྡོབ,,TDC,,,
སྡང,སྡང,སྡང,,TDC,,,
སྡང,སྡང,སྡང,སྡང,,,,KN
སྡང,སྡངས,སྡང,སྡངས,,PH,GT,
སྡམ༼སྡེམ༽,བསྡམས,བསྡམ,སྡམས༼སྡེམས༽,,,GT,
སྡར,སྡར,སྡར,,TDC,,,
སྡིག,བསྡིགས,བསྡིག,སྡིགས,TDC,PH,GT,KN
སྡུག,སྡུག,སྡུག,,,PH,,
སྡུག,སྡུག,སྡུག,སྡུག,,,,KN
སྡུད,བསྡུས,བསྡུ,སྡུས,TDC,PH,GT,KN
སྡུམ,བསྡུམ,བསྡུམ,སྡུམས,,,GT,
སྡུམ,བསྡུམས,བསྡུམ,སྡུམས,TDC,PH,,KN
སྡུར,བསྡུར༼ད༽,བསྡུར,སྡུར༼ད༽,,,GT,
སྡུར,བསྡུར,བསྡུར,སྡུར,TDC,PH,,KN
སྡེབ,བསྡེབས,བསྡེབ,སྡེབས,TDC,PH,GT,KN
སྡོ,བསྡོས,བསྡོ,སྡོས,TDC,,GT,KN
སྡོག,བསྡོགས,བསྡོག,སྡོགས,TDC,PH,GT,KN
སྡོང,བསྡོངས,བསྡོང,སྡོངས,TDC,,GT,KN
སྡོད,བསྡད,བསྡད,སྡོད,TDC,PH,GT,KN
སྡོམ,བསྡམས,བསྡམ,སྡོམས,TDC,PH,GT,KN
སྡོམ,བསྡོམས,བསྡོམ,སྡོམས,TDC,PH,GT,KN
བརྡབ,བརྡབས,བརྡབ,,TDC,PH,,
ན,ན,ན,,TDC,PH,,
ན,ན,ན,ན,,,GT,
ནབ,མནབས,མནབ,ནོབས,TDC,,,KN
ནུ,ནུད,ནུ,ནུད,,,GT,
ནུ,ནུས,ནུ,ནུས,TDC,,,KN
ནུད,ནུད,ནུད,ནུད,TDC,,GT,
ནུབ,ནུབ,ནུབ,,TDC,PH,,
ནུབ,ནུབ,ནུབ,ནུབ,,,GT,KN
ནུར,ནུར༼ད༽,ནུར,ནུར༼ད༽,,,GT,
ནུས,ནུས,ནུས,ནུས,,PH,GT,
ནེན,ནེན༼ད༽,ནེན,ནེན༼ད༽,,,GT,
ནེམ,ནེམས,ནེམ,ནེམས,,,GT,
ནེར,ནེར༼ད༽,ནེར,ནེར༼ད༽,,,GT,
ནོག,ནོགས,ནོག,ནོགས,TDC,,,
ནོགས,ནོགས,ནོགས,,TDC,,,
ནོང,ནོངས,ནོང,,TDC,,,
ནོང,ནོངས,ནོང,ནོངས,,,GT,
ནོངས,ནོངས,ནོངས,,TDC,,,
ནོད,ནོད,ནོད,,TDC,,,
ནོད,ནོས,ནོད,,,PH,,
ནོད,ནོས,ནོད,ནོས,,,GT,
ནོད,མནོས,མནོ,ནོད,,,,KN
ནོད,མནོས,མནོ,ནོས,TDC,,,
ནོན,ནོན༼ད༽,ནོན,ནོན༼ད༽,,,GT,
ནོན,ནོན,ནོན,,TDC,PH,,
ནོམ,ནོམས,ནོམ,ནོམས,,,GT,
ནོམ,མནམས,མནམ,ནོམས,TDC,,,KN
ནོར,ནོར༼ད༽,ནོར,ནོར༼ད༽,,,GT,
ནོར,ནོར,ནོར,,TDC,PH,,KN
ནོལ,ནོལ༼ད༽,ནོལ,ནོལ༼ད༽,,,GT,
གནང,གནང,གནང,གནངས,,,GT,
གནང,གནང,གནང,གནོངས,TDC,PH,,
གནས,གནས,གནས,གནས,,PH,GT,KN
གནོང,གནོངས,གནོང,,TDC,,,
གནོད,གནོད,གནོད,,TDC,,,
གནོད,གནོད,གནོད,གནོད,TDC,PH,GT,KN
གནོན,མནན༼ད༽,མནན,གནོན༼ད༽,,,GT,
གནོན,མནན,མནན,ནོན,TDC,PH,,
གནོན,མནན,མནན,གནོན,,,,KN
མནག,མནགས,མནག,མནོག,,,,KN
མནང,མནངས,མནང,མནངས,,,GT,
མནབ,མནབས,མནབ,མནབས,,,GT,
མནམ,མནམ,མནམ,,TDC,,,
མནམ,མནམས,མནམ,མནམས,,,GT,
མནར,མནར༼ད༽,མནར,མནར༼ད༽,,,GT,
མནར,མནར,མནར,,TDC,,,
མནར,མནར,མནར,མནར,,PH,,KN
མནལ,མནལ༼ད༽,མནལ,མནལ༼ད༽,,,GT,
མནལ,མནལ,མནལ,མནོལ,TDC,,,
མནོ,མནོས,མནོ,,,PH,,
མནོ,མནོས,མནོ,མནོས,,,GT,
མནོད,མནོས,མནོ,ནོས,,PH,,
མནོད,མནོས,མནོ,མནོད,,,GT,
མནོལ,མནོལ༼ད༽,མནོལ,མནོལ༼ད༽,,,GT,
མནོལ,མནོལ,མནོལ,,TDC,,,
རྣག,བརྣགས,བརྣག,རྣགས,,,GT,
རྣང,རྣངས,བརྣང,རྣངས,,,GT,
རྣན,བརྣན༼ད༽,བརྣན,རྣན༼ད༽,,,GT,
རྣན,བརྣན,བརྣན,རྣོན,,PH,,
རྣབ,བརྣབས,བརྣབ,,TDC,,,
རྣབ,བརྣབས,བརྣབ,རྣབས,,,GT,
རྣབ,བརྣབས,བརྣབ,རྣོབས,,,,KN
རྣུར,བརྣུར༼ད༽,བརྣུར,རྣུར༼ད༽,,,GT,
རྣོ,རྣོ,རྣོ,,,PH,,
རྣོག,བརྣགས,བརྣག,རྣོགས,TDC,,,KN
རྣོག,བརྣོགས,བརྣོག,རྣོགས,TDC,,GT,
རྣོང,བརྣངས,བརྣང,རྣོངས,,,,KN
རྣོན,བརྣན,བརྣན,རྣོན,,,,KN
སྣང,སྣང,སྣང,,TDC,,,KN
སྣང,སྣང,སྣང,སྣང,,PH,GT,
སྣད,བསྣད,བསྣད,,TDC,,,
སྣད,བསྣད,བསྣད,སྣད,,,GT,
སྣར,བསྣར༼ད༽,བསྣར,སྣོར༼ད༽,,,GT,
སྣར,བསྣར,བསྣར,སྣོར,TDC,,,KN
སྣུད,བསྣུད,བསྣུད,སྣུད,TDC,,,
སྣུན,བསྣུན,བསྣུན,སྣུན,TDC,PH,,KN
སྣུབ,བསྣུབས,བསྣུབ,སྣུབས,TDC,PH,,KN
སྣུར,བསྣུར,བསྣུར,སྣུར,TDC,,,KN
སྣེམ,བསྣེམས,བསྣེམ,སྣེམས,TDC,,GT,
སྣོ,བསྣོས,བསྣོ,སྣོས,TDC,,GT,KN
སྣོག,བསྣོགས,བསྣོག,སྣོགས,TDC,,,KN
སྣོན,བསྣན,བསྣན,སྣོན༼ད༽,,,GT,
སྣོན,བསྣན,བསྣན,སྣོན,TDC,PH,,KN
སྣོམ,བསྣམས,བསྣམ,སྣོམས,,PH,GT,KN
སྣོར,བསྣོར༼ད༽,བསྣོར,སྣོར༼ད༽,,,GT,
སྣོར,བསྣོར,བསྣོར,སྣོར,TDC,,,KN
སྣོལ,བསྣོལ༼ད༽,བསྣོལ,སྣོལ༼ད༽,,,GT,
སྣོལ,བསྣོལ,བསྣོལ,སྣོལ,TDC,,,KN
བརྣན,བརྣན,བརྣན,རྣོན,TDC,,,
དཔའ,དཔའ,དཔའ,དཔའ,,,GT,
དཔོག,དཔགས,དཔག,དཔོགས,TDC,PH,,KN
དཔོག,དཔགས༼དཔག༽,དཔག,དཔོགས༼དཔག༽,,,GT,
དཔོད,དཔུད,དཔུད,དཔུད,,PH,,
དཔོད,དཔོད,དཔོད,དཔོད,TDC,,GT,
དཔྱ,དཔྱས,དཔྱ,དཔྱོས,TDC,,,
དཔྱོ,དཔྱས,དཔྱ,དཔྱོས,,,GT,
དཔྱོང,དཔྱངས,དཔྱང,དཔྱོངས,TDC,,GT,KN
དཔྱོད,དཔྱད,དཔྱད,དཔྱོད,TDC,,GT,KN
སྤ,སྤ,སྤ,,TDC,,,
སྤ,སྤས,སྤ,སྤས,,PH,GT,
སྤག,སྤགས,སྤག,སྤགས,,,GT,
སྤུང,སྤུངས,སྤུང,སྤུངས,TDC,,GT,KN
སྤུད,སྤུད,སྤུད,སྤུད,TDC,PH,GT,
སྤུབ,སྤུབས,སྤུབ,སྤུབས,,,GT,
སྤུར,སྤུར༼ད༽,སྤུར,སྤུར༼ད༽,,,GT,
སྤུར,སྤུར,སྤུར,སྤུར,TDC,,,
སྤེལ,སྤེལ༼ད༽,སྤེལ,སྤེལ༼ད༽,,,GT,
སྤེལ,སྤེལ,སྤེལ,སྤེལ,TDC,PH,,KN
སྤོ,སྤོས,སྤོ,སྤོས,TDC,PH,GT,KN
སྤོག,སྤགས,སྤག,སྤོགས,TDC,,GT,
སྤོང,སྤངས,སྤང,སྤོངས,TDC,PH,GT,KN
སྤོར,སྤར༼ད༽,སྤར,སྤོར༼ད༽,,,GT,
སྤོར,སྤར,སྤར,སྤོར,TDC,,,KN
སྤྱིང,སྤྱིངས,སྤྱིང,སྤྱིངས,TDC,,GT,KN
སྤྱུག,སྤྱུགས,སྤྱུག,སྤྱུགས,TDC,,GT,KN
སྤྱོ,སྤྱོས,སྤྱོ,སྤྱོས,TDC,,GT,KN
སྤྱོད,སྤྱད,སྤྱད,སྤྱོད,TDC,PH,GT,KN
སྤྱོན,སྤྱོན༼ད༽,སྤྱོན,སྤྱོན༼ད༽,,,GT,
སྤྱོན,སྤྱོན,སྤྱོན,སྤྱོན,TDC,,,
སྤྱོམ,སྤྱོམས,སྤྱོམ,སྤྱོམས,TDC,,GT,
སྤྲས,སྤྲས,སྤྲས,སྤྲས,,,GT,KN
སྤྲས,སྤྲས,སྤྲས,སྤྲོས,TDC,PH,,
སྤྲིང,སྤྲིངས,སྤྲིང,སྤྲིངས,TDC,,GT,KN
སྤྲིབས,སྤྲིབས,སྤྲིབས,སྤྲིབས,,,,KN
སྤྲུག,སྤྲུགས,སྤྲུག,སྤྲུགས,TDC,,GT,KN
སྤྲུལ,སྤྲུལ༼ད༽,སྤྲུལ,སྤྲུལ༼ད༽,,,GT,
སྤྲུལ,སྤྲུལ,སྤྲུལ,སྤྲུལ,TDC,PH,,KN
སྤྲོ,སྤྲོ,སྤྲོ,,TDC,PH,,
སྤྲོ,སྤྲོས,སྤྲོ,སྤྲོས,TDC,PH,GT,KN
སྤྲོད,སྤྲད,སྤྲད,སྤྲོད,TDC,PH,GT,KN
ཕན,ཕན༼ད༽,ཕན,ཕན༼ད༽,,,GT,
ཕན,ཕན,ཕན,,TDC,PH,,
ཕན,ཕན,ཕན,ཕན,,,,KN
ཕིགས,ཕིགས,ཕིགས,,TDC,,,
ཕུང,ཕུང,འཕུང,ཕུང,,,,KN
ཕུད,ཕུད,ཕུད,,,PH,,
ཕུད,ཕུད,ཕུད,ཕུད,TDC,,,
ཕེད,ཕེད,ཕེད,ཕེད,TDC,PH,GT,
ཕེབས,ཕེབས,ཕེབས,ཕེབས,TDC,,GT,
ཕོག,ཕོག,ཕོག,,TDC,PH,,
ཕོང,ཕོངས,ཕོང,,TDC,PH,,
ཕྱུག,ཕྱུག,ཕྱུག,,TDC,,,
ཕྱུག,ཕྱུག,ཕྱུག,ཕྱུག,,,GT,
ཕྱེད,ཕྱེད,ཕྱེད,,TDC,PH,,
ཕྱོ,ཕྱོ,ཕྱོ,ཕྱོ,,,GT,
ཕྱོགས,ཕྱོགས,ཕྱོགས,,TDC,PH,,
ཕྱོགས,ཕྱོགས,ཕྱོགས,ཕྱོགས,,,GT,
ཕྲལ,ཕྲལ,ཕྲལ,ཕྲོལ,TDC,PH,,KN
ཕྲུལ,ཕྲུལ,ཕྲུལ,,TDC,,,
འཕག,འཕགས,འཕག,འཕགས,,,GT,KN
འཕག,འཕགས,འཕག,འཕོགས,TDC,,,
འཕགས,འཕགས,འཕགས,,TDC,,,
འཕང,ཕངས,ཕང,ཕངས,,,GT,
འཕམ,ཕམ,འཕམ,,TDC,,,
འཕམ,ཕམ,འཕམ,ཕམས,,PH,GT,
འཕམ,ཕམ,འཕམ,ཕམ,,,,KN
འཕར༼ད༽,ཕར,འཕར,ཕར༼ད༽,,,GT,
འཕར,འཕར༼ད༽,འཕར,འཕར༼ད༽,,,GT,
འཕར,འཕར,འཕར,,TDC,,,KN
འཕིབས,ཕིབ,དབིབ,ཕིབས,,,GT,
འཕིར༼ད༽,ཕིར,འཕིར,ཕིར༼ད༽,,,GT,
འཕུང,ཕུང,འཕུང,,TDC,PH,,
འཕུངས,ཕུང,འཕུང,ཕུངས,,,GT,
འཕུད,ཕུད,འཕུད,ཕུད,,,,KN
འཕུར,ཕུར,འཕུར,ཕུར,TDC,PH,,
འཕུར,ཕུར,དབུར,ཕུར༼ད༽,,,GT,
འཕུར,འཕུར༼ད༽,འཕུར,འཕུར༼ད༽,,,GT,
འཕུར,འཕུར,འཕུར,,TDC,PH,,
འཕུར,འཕུར,འཕུར,འཕུར,,,,KN
འཕུལ,འཕུལ༼ད༽,འཕུལ,འཕུལ༼ད༽,,,GT,
འཕུལ,འཕུལ,འཕུལ,འཕུལ,TDC,,,KN
འཕེན,འཕངས,འཕང,ཕོངས,,,,KN
འཕེན,འཕངས,འཕང,འཕོངས,TDC,PH,,
འཕེན,འཕངས,འཕང,འཕོན༼ད༽༼ཕོང༽,,,GT,
འཕེབས,ཕབ,དབབ,ཕོབ,,,GT,
འཕེར,ཕེར༼ད༽,ཕེར,འཕེར༼ད༽,,,GT,
འཕེལ༼ད༽,ཕེལ,འཕེལ,ཕེལ༼ད༽,,,GT,
འཕེལ,འཕེལ༼ད༽,འཕེལ,འཕེལ༼ད༽,,,GT,
འཕེལ,འཕེལ,འཕེལ,,TDC,PH,,KN
འཕོ,འཕོས,འཕོ,,TDC,,,KN
འཕོ,འཕོས,འཕོ,འཕོས,,PH,GT,
འཕོག,ཕོག,འཕོག,ཕོག,,,,KN
འཕོགས,ཕོག,འཕོག,ཕོགས,,,GT,
འཕོངས,ཕོངས,འཕོང,ཕོངས,,,GT,
འཕོངས,ཕོངས,འཕོངས,,,,,KN
འཕོད,ཕོད,འཕོད,ཕོད,,PH,GT,
འཕོལ,ཕོལ༼ད༽,ཕོལ,འཕོལ༼ད༽,,,GT,
འཕྱ,ཕྱས,ཕྱ,འཕྱས,,,GT,
འཕྱ,འཕྱས,འཕྱ,འཕྱོས,TDC,,,KN
འཕྱག,ཕྱགས,ཕྱག,འཕྱསག,,,GT,
འཕྱག,འཕྱགས,འཕྱག,འཕྱོགས,TDC,,,KN
འཕྱང,འཕྱངས,འཕྱང,,TDC,,,
འཕྱང,འཕྱངས,འཕྱང,འཕྱོངས,,,,KN
འཕྱངས,ཕྱང,འཕྱང,ཕྱངས,,,GT,
འཕྱན༼ད༽,ཕྱན,འཕྱན,ཕྱན༼ད༽,,,GT,
འཕྱན,འཕྱན,འཕྱན,འཕྱོན,TDC,,,KN
འཕྱར,ཕྱར༼ད༽,ཕྱར,ཕྱོར༼ད༽,,,GT,
འཕྱར,ཕྱར,འཕྱར,ཕྱོར,TDC,PH,,KN
འཕྱི,འཕྱིས,འཕྱི,,TDC,,,KN
འཕྱི,འཕྱིས,འཕྱི,འཕྱིས,,PH,GT,
འཕྱིངས,ཕྱིང,འཕྱིང,ཕྱིངས,,PH,GT,
འཕྱིངས,འཕྱིངས,འཕྱིངས,,TDC,,,
འཕྱིད,ཕྱིད,འཕྱིད,,TDC,,,
འཕྱིད,ཕྱིད,འཕྱིད,ཕྱིད,,,GT,
འཕྱུག,འཕྱུགས,འཕྱུག,,TDC,,,KN
འཕྱུག,འཕྱུགས,འཕྱུག,འཕྱུགས,,,GT,
འཕྱུར༼ད༽,ཕྱུར,འཕྱུར,ཕྱུར༼ད༽,,,GT,
འཕྱུར,འཕྱུར,འཕྱུར,,TDC,,,KN
འཕྱེ,ཕྱེས,འཕྱེ,འཕྱེས,,,GT,
འཕྱེ,འཕྱེས,འཕྱེ,,TDC,,,KN
འཕྱོ,ཕྱོས,འཕྱོ,འཕྱོས,,,GT,
འཕྱོ,འཕྱོ,འཕྱོ,,TDC,,,KN
འཕྱོད,ཕྱོད,འཕྱོད,ཕྱོད,,,GT,
འཕྱོར,འཕྱོར,འཕྱོར,འཕྱོར,TDC,PH,,
འཕྲངས,ཕྲང,འཕྲང,ཕྲངས,,,GT,
འཕྲད,ཕྲད,འཕྲད,,TDC,,,KN
འཕྲད,ཕྲད,འཕྲད,ཕྲད,,PH,,
འཕྲད,ཕྲད,འཕྲད༼ཕྲད༽,ཕྲད,,,GT,
འཕྲབ,ཕྲབས,ཕྲབ,འཕྲབས,,,GT,
འཕྲལ,ཕྲལ,དབྲལ,ཕྲོལ,,,GT,
འཕྲི,ཕྲི,དབྲི,ཕྲིས,,,GT,
འཕྲི,ཕྲིས,དབྲི,ཕྲིས,,PH,,KN
འཕྲིག,འཕྲིགས,འཕྲིག,,TDC,,,
འཕྲུ,ཕྲུས,ཕྲུ,འཕྲུས,,,GT,
འཕྲུག,འཕྲུགས,འཕྲུག,ཕྲུགས,TDC,PH,,KN
འཕྲུགས,ཕྲུག,འཕྲུག,ཕྲུགས,,,GT,
འཕྲེང,འཕྲེང,འཕྲེང,,TDC,,,
འཕྲེངས,ཕྲེང,འཕྲེང,ཕྲེངས,,,GT,
འཕྲོ,འཕྲོས,འཕྲོ,,TDC,,,KN
འཕྲོ,འཕྲོས,འཕྲོ,ཕྲོས,,PH,,
འཕྲོ༼འཕྲོས༽,ཕྲོ,འཕྲོ,ཕྲོས,,PH,,
འཕྲོག,ཕྲོག,དབྲོག,ཕྲོགས,,,GT,
འཕྲོག,ཕྲོགས,འཕྲོག,ཕྲོགས,TDC,PH,,KN
འཕྲོད,ཕྲོད,འཕྲོད,ཕྲོད,,PH,GT,
འཕྲོད,འཕྲོད,འཕྲོད,,TDC,,,KN
བང,བངས,བང,,TDC,,,
བད,བད,བད,,TDC,,,
བམ,བམ,བམ,,TDC,,,
བམ,བམས,བམ,བམས,,,GT,
བུད,བུད,བུད,,TDC,PH,,
བོར,བོར,བོར,,TDC,,,
བྱབ,བྱབས,བྱབ,བྱོབས,TDC,,,
བྱམས,བྱམས,བྱམས,,TDC,,,
བྱམས,བྱམས,བྱམས,བྱམས,,,,KN
བྱར,བུར༼ད༽,བུར,བུར༼ད༽,,,GT,
བྱལ,བུལ༼ད༽,བུལ,བུལ༼ད༽,,,GT,
བྱི,བྱི,བྱི,,TDC,,,
བྱིལ,བྱིལ,བྱིལ,བྱིལ,,,,KN
བྱེད,བྱས,བྱ,བྱོས,,,,KN
བྱེད,བྱས,བྱ,བྱེད,,,GT,
བྱེད,བྱས,བྱ,བྱོས,TDC,PH,,
བྱེར,བྱེར,བྱེར,བྱེར,,,,KN
བྲན,བྲན༼ད༽,བྲན,བྲན༼ད༽,,,GT,
བྲན,བྲན,བྲན,བྲོན,TDC,,,
བྲིན,བྲིན༼ད༽,བྲིན,བྲིན༼ད༽,,,GT,
བྲིན,བྲིན,བྲིན,,TDC,,,
བྲུག,བྲུག,བྲུག,,TDC,,,
བྲུག,བྲུགས,བྲུག,བྲུགས,,,GT,
བྲེ,བྲེས,བྲེ,བྲེས,TDC,PH,,
བྲེད,བྲེད,བྲེད,,TDC,,,
བྲེལ,བྲེལ༼ད༽,བྲེལ,བྲེལ༼ད༽,,,GT,
བྲེལ,བྲེལ,བྲེལ,,TDC,,,
བྲོ,བྲོ,བྲོ,,TDC,,,KN
བྲོ,བྲོ,བྲོ,བྲོ,,PH,GT,
བླག,བླགས,བླག,བླགས,,,GT,
བླག,བླགས,བླག,བློགས,TDC,,,
བླད,བླད,བླད,བླད,,,GT,
བླད,བླད,བླད,བློད,TDC,,,
བླུ,བླུས,བླུ,བླུས,TDC,,GT,KN
བླུག,བླུགས,བླུག,བླུགས,TDC,,GT,KN
བླུད,བླུད,བླུད,བླུད,TDC,,GT,
བློང,བློངས,བློང,བློངས,,,GT,
དབང,དབང,དབང,,TDC,,,
དབང,དབང,དབང,དབང,,PH,GT,KN
དབུར,དབུར,དབུར,དབུར,TDC,,,KN
དབུལ,དབུལ,དབུལ,,TDC,PH,,KN
དབེན,དབེན༼ད༽,དབེན,དབེན༼ད༽,,,GT,
དབེན,དབེན,དབེན,,TDC,PH,,
དབེན,དབེན,དབེན,དབེན,,,,KN
དབོལ,དབོལ༼ད༽,དབོལ,དབོལ༼ད༽,,,GT,
དབྱུག,དབྱུགས,དབྱུག,དབྱུགས,TDC,,GT,
དབྲོལ,དབྲལ,བྲལ,དབྲོལ,,,,KN
དབྲོལ,དབྲལ,དབྲལ,དབྲོལ,TDC,,,
འབག,འབགས,འབག,,TDC,,,KN
འབག,འབགས,འབག,འབགས,,,GT,
འབང,བངས,འབང,,TDC,,,
འབང,བངས,འབང,འབོངས,,,GT,
འབད,འབད,འབད,འབད,,,GT,
འབད,འབད,འབད,འབོད,TDC,PH,,KN
འབབ,བབ,འབབ,,TDC,PH,,
འབབ,བབ,འབབ,བོབ,TDC,,,
འབབ,བབས,དབབ,,,,,KN
འབབ,འབབས༼བབས༽,འབབ,བོབ,,PH,,
འབབས,བབ,འབབ,བབས,,,GT,
འབའ,འབའ,འབའ,,TDC,,,
འབར,འབར༼ད༽,འབར,འབར༼ད༽,,,GT,
འབར,འབར,འབར,,TDC,,,KN
འབར,འབར,འབར,འབར,,PH,,
འབལ,འབལ༼ད༽,འབལ,འབོལ༼ད༽,,,GT,
འབལ,འབལ,འབལ,འབལ,,,GT,
འབལ,འབལ,འབལ,འབོལ,TDC,,,KN
འབིག,བིག,འབིག,བིགས,,,GT,
འབིགས,ཕིག,དབིག,ཕིགས,,,GT,
འབིགས,ཕུག,དབུག,ཕུག,TDC,PH,,
འབིགས,ཕུག,དབུག,ཕུགས,,,,KN
འབུ,འབུས,འབུ,འབུས,,,GT,
འབུག,བུག,འབུག,བུགས,,,GT,
འབུགས,ཕུག,དབུག,ཕུགས,,,GT,
འབུང,འབུངས,འབུང,འབུངས,TDC,,GT,KN
འབུད,ཕུད,དབུད,འཕུད,,PH,GT,
འབུད,ཕུས,ཕུ,འཕུས,,,GT,
འབུད,བུད,འབུད,བུད,TDC,,GT,KN
འབུད,བུས,འབུད,བུས,TDC,PH,,KN
འབུབ,བུབ,འབུབ,བུབས,,,GT,
འབུབས,ཕུབ,དབུབ,ཕུབ,TDC,,,
འབུབས,ཕུབ,དབུབ,ཕུབས,,,GT,KN
འབུར,འབུར༼ད༽,འབུར,འབུར༼ད༽,,,GT,
འབུར,འབུར,འབུར,,TDC,,,
འབུལ,ཕུལ,དབུལ,ཕུལ,TDC,,,KN
འབུལ,ཕུལ,དབུལ,འབུལ༼ད༽,,,GT,
འབུས,འབུས,འབུས,,TDC,,,KN
འབེབས,ཕབ,དབབ,ཕོབ,TDC,PH,,
འབེབས,ཕབ,དབབ,ཕོབས,,,,KN
འབོ,ཕོ,དབོ,ཕོས,,,GT,KN
འབོ,ཕོས,དབོ,ཕོས,TDC,,,
འབོ,བོ,འབོ,བོ,TDC,,GT,
འབོག,ཕོག,དབོག,ཕོག,TDC,PH,,
འབོག,བོག,འབོག,,TDC,,,
འབོག,བོག,འབོག,བོག,,PH,GT,
འབོག,འབོགས,འབོག,འབོགས,TDC,PH,,
འབོགས,ཕོག,དབོག,ཕོག,TDC,,,
འབོགས,ཕོག,དབོག,ཕོགས,,,,KN
འབོགས,ཕོག,དབོག,དབོགས,,,GT,
འབོད,བོས,བོད,བོས,,,GT,
འབོད,བོས,འབོད,བོས,TDC,PH,,KN
འབོན,བོན༼ད༽,བོན,འབོན༼ད༽,,,GT,
འབོར,བོར༼ད༽,བོར,འབོར༼ད༽,,,GT,
འབོར,བོར,འབོར,བོར,TDC,PH,,KN
འབྱང,བྱང,འབྱང,,TDC,,,KN
འབྱང,བྱང,འབྱང,འབྱོངས,,PH,,
འབྱངས,བྱང,འབྱང,འབྱོངས,,,GT,
འབྱབ,བྱབས,བྱབ,འབྱབས,,,GT,
འབྱམ,འབྱམས,འབྱམ,,TDC,,,
འབྱམ,འབྱམས,འབྱམ,འབྱམས,,,GT,
འབྱར,འབྱར༼ད༽,འབྱར,འབྱར༼ད༽,,,GT,
འབྱར,འབྱར,འབྱར,,TDC,,,
འབྱི,བྱི,འབྱི,,,,,KN
འབྱི,བྱི,འབྱི,བྱི,,,GT,
འབྱིང,བྱིང,འབྱིང,,TDC,,,KN
འབྱིང,བྱིང,འབྱིང,འབྱིངས,,PH,,
འབྱིང,འབྱིང,འབྱིང,འབྱིངས,,,GT,
འབྱིད,ཕྱིད,ཕྱིད,ཕྱིད,,,GT,
འབྱིད,ཕྱིད,འབྱིད,,TDC,,,
འབྱིད,ཕྱིས,བྱི,ཕྱིས,,,,KN
འབྱིད,ཕྱིས,དབྱི,ཕྱིས,TDC,,GT,
འབྱིད,བྱིད,འབྱིད,,TDC,,,
འབྱིད,བྱིད,འབྱིད,འབྱིད,,,GT,
འབྱིན,ཕྱུང,དུདབྱུང,ཕྱུངས,,,,KN
འབྱིན,ཕྱུང,དབྱུང,ཕྱུང,TDC,,,
འབྱིན,ཕྱུང,དབྱུང,ཕྱུང༼ཕྱུངས༽,,PH,,
འབྱིན,ཕྱུང,དབྱུང,ཕྱུངས,,,GT,
འབྱིབ,བྱིབས,བྱིབ,བྱིབས,,,GT,
འབྱིལ༼ད༽,བྱིལ,འབྱིལ,བྱིལ༼ད༽,,,GT,
འབྱིལ,བྱིལ,འབྱིལ,བྱིལ,TDC,,,
འབྱུག,བྱུགས,བྱུག,བྱུགས,TDC,PH,GT,KN
འབྱུང,བྱུང,འབྱུང,,TDC,,,KN
འབྱུང,བྱུང,འབྱུང,བྱུང,,PH,GT,
འབྱེ,བྱེ,འབྱེ,,TDC,PH,,
འབྱེ,བྱེ,འབྱེ,འབྱེས,,,GT,
འབྱེད,ཕྱེ,དབྱེ,ཕྱེས,TDC,PH,,KN
འབྱེད,ཕྱེ,དབྱེ,འབྱེད༼ཕྱེས༽,,,GT,
འབྱེར༼ད༽,བྱེར,འབྱེར,བྱེར༼ད༽,,,GT,
འབྱེར,བྱེར,འབྱེར,བྱེར,TDC,,,
འབྱོ,བྱོས,བྱོ,བྱོས,TDC,,,
འབྱོ,བྱོས,བྱོ,འབྱོས,,,GT,
འབྱོ,བྱོས,འབྱོ,བྱོས,,,,KN
འབྱོག,འབྱོགས,འབྱོག,འབྱོགས,TDC,,GT,KN
འབྱོང,འབྱོངས,འབྱོང,,TDC,,,KN
འབྱོན༼ད༽,བྱོན,འབྱོན,བྱོན༼ད༽,,,GT,
འབྱོན,བྱོན,འབྱོན,བྱོན,TDC,PH,,KN
འབྱོན,འབྱོན༼ད༽,འབྱོན,འབྱོན༼ད༽,,,GT,
འབྱོར,འབྱོར༼ད༽,འབྱོར,འབྱོར༼ད༽,,,GT,
འབྱོར,འབྱོར,འབྱོར,,TDC,,,
འབྱོར,འབྱོར,འབྱོར,འབྱོར,,PH,,
འབྱོལ,བྱོལ༼ད༽,བྱོལ,འབྱོལ༼ད༽,,,GT,
འབྱོལ,བྱོལ,འབྱོལ,བྱོལ,TDC,,,KN
འབྲང,འབྲངས,འབྲང,འབྲོངས,TDC,PH,GT,KN
འབྲད,བྲད,དབྲད,བྲོད,TDC,,GT,
འབྲད,དབྲད,བྲད,བྲོད,,,,KN
འབྲབ,བྲབས,བྲབ,བྲབ,,,GT,
འབྲབ,བྲབས,བྲབ,བྲོབས,TDC,,,KN
འབྲལ,བྲལ,འབྲལ,བྲལ,,PH,,
འབྲལ༼ད༽,བྲལ,འབྲལ,བྲལ༼ད༽,,,GT,
འབྲལ,ཕྲལ,དབྲལ,ཕྲོལ,,,,KN
འབྲལ,བྲལ,འབྲལ,,TDC,,,KN
འབྲལ,བྲལ,འབྲལ,བྲལ,,PH,,
འབྲི,བྲི,འབྲི,,TDC,PH,,
འབྲི,བྲི,འབྲི,བྲི,,,GT,
འབྲི,བྲིས,བྲི,བྲིས,TDC,PH,GT,KN
འབྲིད,ཕྲིས,དབྲི,ཕྲིས,TDC,,,
འབྲིད,བྲིད,བྲིད,འབྲིད,,,GT,
འབྲིད,བྲིད,འབྲིད,བྲིད,,,,KN
འབྲིམ,བྲིམས,བྲིམ,བྲིམས,TDC,,GT,KN
འབྲུ,བྲུས,བྲུ,བྲུས,,PH,,
འབྲུ,བྲུས,བྲུ,བྲུས༼འབྲུས༽,,,GT,
འབྲུ,བྲུས,འབྲུ,བྲུས,TDC,,,
འབྲུ,བྲུས,བྲུ,བྲུས,,,,KN
འབྲུད,བྲུད,བྲུད,འབྲུད,TDC,,GT,
འབྲུད,བྲུས,བྲུ,བྲུས,TDC,,,
འབྲུབ,བྲུབས,བྲུབ,བྲུབས,TDC,,,
འབྲུབ,བྲུབས,འབྲུབ,,TDC,,,KN
འབྲུབ,བྲུབས,འབྲུབ,བྲུབས,,,GT,
འབྲུབས,བྲུབས,བྲུབ,བྲུབས,,,GT,
འབྲུལ༼ད༽,བྲུལ,འབྲུལ,བྲུལ༼ད༽,,,GT,
འབྲུལ,བྲུལ,འབྲུལ,,TDC,,,
འབྲེ,བྲེས,བྲེ,འབྲེས,,,GT,
འབྲེག,བྲེགས,བྲེག,འབྲེགས༼བྲེགས༽,,,GT,
འབྲེག,བྲེགས,འབྲེག,བྲེགས,TDC,,,KN
འབྲེད,བྲེད,འབྲེད,བྲེད,,,GT,
འབྲེལ,འབྲེལ༼ད༽,འབྲེལ,འབྲེལ༼ད༽,,,GT,
འབྲེལ,འབྲེལ,འབྲེལ,,TDC,,,
འབྲེལ,འབྲེལ,འབྲེལ,འབྲེལ,,PH,,KN
འབྲོང,འབྲོངས,འབྲོང,བྲོངས,,,,KN
འབྲོས,བྲོས,འབྲོས,བྲོས,TDC,PH,GT,KN
རྦད,རྦད,རྦད,རྦོད,,,GT,
རྦོད,རྦད,རྦད,རྦོད,TDC,,,
སྦ༼སྦེད༽,སྦས,སྦ,སྦས,,,GT,
སྦག,སྦགས,སྦག,སྦགས,,,GT,
སྦག,སྦགས,སྦག,སྦོགས,TDC,,,KN
སྦམ,སྦམས,སྦམ,སྦོམས,,,GT,
སྦིར,སྦིར༼ད༽,སྦིར,སྦིར༼ད༽,,,GT,
སྦུང,སྦུངས,སྦུང,སྦུངས,,,GT,
སྦུད,སྦུད,སྦུད,སྦུད,,,GT,
སྦུབ,སྦུབས,སྦུབ,སྦུབས,TDC,,,KN
སྦེ,སྦེས,སྦེ,སྦེས,,,GT,
སྦེད,སྦས,སྦ,སྦོས,TDC,PH,,KN
སྦོ,སྦོས,སྦོ,སྦོས,,,GT,
སྦོང,སྦངས,སྦང,སྦོངས,TDC,,,KN
སྦོང༼སྦང༽,སྦངས,སྦང,སྦོངས,,,GT,
སྦོན,སྦོན༼ད༽,སྦོན,སྦོན༼ད༽,,,GT,
སྦོམ,སྦམས,སྦམ,སྦོམས,TDC,PH,,
སྦོར,སྦར༼ད༽,སྦར,སྦོར༼ད༽,,,GT,
སྦོར,སྦར,སྦར,སྦོར,TDC,,,KN
སྦོལ,སྦོལ,སྦོལ,སྦོལ,TDC,,,
སྦོས,སྦོས,སྦོས,,TDC,PH,,
སྦྱིན,བྱིན,སྦྱིན,སྦྱིན,TDC,PH,,KN
སྦྱིན,བྱིན༼སྦྱིན༼ད༽༽,སྦྱིན,བྱིན༼ད༽༼སྦྱིན༼ད༽༽,,,GT,
སྦྱོང,སྦྱངས,སྦྱང,སྦྱོངས,TDC,PH,GT,KN
སྦྱོར,སྦྱར༼ད༽,སྦྱར,སྦྱོར༼ད༽,,,GT,
སྦྱོར,སྦྱར,སྦྱར,སྦྱོར,TDC,PH,,KN
སྦྲག,སྦྲགས,སྦྲག,སྦྲགས,,,GT,
སྦྲག,སྦྲགས,སྦྲག,སྦྲོགས,TDC,PH,,KN
སྦྲིད,སྦྲིད,སྦྲིད,,TDC,,,KN
སྦྲིད,སྦྲིད,སྦྲིད,སྦྲིད,,,GT,
སྦྲིབ,སྦྲིབས,སྦྲིབ,སྦྲིབས,,,GT,
སྦྲུ,སྦྲུས,སྦྲུ,སྦྲུས,TDC,,,
སྦྲུད,སྦྲུས,སྦྲུ,སྦྲུས,,,GT,
སྦྲུམ,སྦྲུམ,སྦྲུམ,,TDC,,,
སྦྲུམ,སྦྲུམས,སྦྲུམ,སྦྲུམས,,,GT,
སྦྲེ,སྦྲེས,སྦྲེ,སྦྲེས,,,GT,
སྦྲེག,སྦྲེགས,སྦྲེག,སྦྲེགས,,,GT,
སྦྲེང,སྦྲེངས,སྦྲེང,སྦྲེངས,TDC,,GT,
སྦྲེབ,སྦྲེབས,སྦྲེབ,སྦྲེབས,,,GT,
སྦྲེལ,སྦྲེལ༼ད༽,སྦྲེལ,སྦྲེལ༼ད༽,,,GT,
སྦྲེལ,སྦྲེལ,སྦྲེལ,སྦྲེལ,TDC,,,KN
སྦྲོན,སྦྲན༼ད༽,སྦྲན,སྦྲོན༼ད༽,,,GT,
སྦྲོན,སྦྲན,སྦྲན,སྦྲོན,TDC,,,
མལ,མལ༼ད༽,མལ,མལ༼ད༽,,,GT,
མིད,མིད,མིད,མིད,TDC,,,KN
མིད,མིད,མིད,མེད,,,GT,
མིན,མིན༼ད༽,མིན,མིན༼ད༽,,,GT,
མིན,མིན,མིན,,,PH,,
མུར,མུར,མུར,མུར,TDC,,,
མུལ,མུལ༼ད༽,མུལ,མུལ༼ད༽,,,GT,
མེད,མེད,མེད,,,PH,,
མེད,མེད,མེད,མེད,,,GT,
མེར,མེར༼ད༽,མེར,མེར༼ད༽,,,GT,
མེར,མེར,མེར,,TDC,,,
མོག,མོགས,མོག,མོགས,,,GT,
མོལ,མོལ༼ད༽,མོལ,མོལ༼ད༽,,,GT,
མོལ,མོལ,མོལ,མོལ,TDC,,,KN
མོས,མོས,མོས,མོས,,PH,GT,
མོས,མོས,མོས,,TDC,,,
མོས,མོས,མོས,མོས,,,,KN
མྱག,མྱགས,མྱག,,TDC,,,
མྱག,མྱགས,མྱག,མྱགས,,,GT,
མྱིད,མྱིད,མྱིད,མྱིད,,,GT,
མྱུག,མྱུགས,མྱུག,མྱུགས,TDC,,,
མྱུལ,མྱུལ,མྱུལ,,TDC,,,
མྱུལ,མྱུལ,མྱུལ,མྱུལ,TDC,,,
མྱོང,མྱངས,མྱང,མྱོངས,TDC,PH,GT,KN
མྱོང,མྱོང,མྱོང,,TDC,,,
མྱོས,མྱོས,མྱོས,,TDC,,,
མྱོས,མྱོས,མྱོས,མྱོས,,,GT,KN
དམན,དམན,དམན,,TDC,PH,,
དམན,དམན,དམན,དམན,,,,KN
དམའ,དམས,དམའ,དམས,,,GT,
དམས,དམས,དམས,,TDC,,,
དམིགས,དམིགས,དམིགས,,TDC,,,
དམིགས,དམིགས,དམིགས,དམིགས,TDC,PH,GT,KN
དམུར,མུར༼ད༽,མུར,དམུར༼ད༽,,,GT,
དམུལ,དམུལ༼ད༽,དམུལ,དམུལ༼ད༽,,,GT,
དམུལ,དམུལ,དམུལ,དམུལ,TDC,PH,,KN
དམུས,དམུས,དམུས,,TDC,,,
དམེ,དམེས,དམེ,དམེས,,,GT,KN
དམོད,དམོད,དམོད,དམོད,TDC,,GT,KN
དམྱུག,མྱུགས,མྱུག,དམྱུགས,,,GT,
དམྱུག,དམྱུགས,དམྱུག,,TDC,,,
དམྱུག,དམྱུགས,དམྱུག,དམྱུགས,TDC,,,KN
རྨ,རྨས,རྨ,རྨས,TDC,,GT,
རྨས,རྨས,རྨས,,TDC,,,
རྨི,རྨིས,རྨི,,TDC,,,
རྨི,རྨིས,རྨི,རྨིས,TDC,,GT,
རྨུག,རྨུགས,རྨུག,རྨུགས,TDC,,GT,KN
རྨུར,རྨུར༼ད༽,རྨུར,རྨུར༼ད༽,,,GT,
རྨུར,རྨུར,རྨུར,རྨུར,TDC,,,
རྨུས,རྨུས,རྨུས,རྨུས,,,GT,
རྨེ,རྨེས,རྨེ,རྨེས,,,GT,
རྨེལ༼ད༽,རྨེལ,རྨེལ,རྨེལ༼ད༽,,,GT,
རྨེལ,རྨེལ,རྨེལ,རྨེལ,TDC,,,KN
རྨོང,རྨོངས,རྨོང,རྨོངས,,,GT,
རྨོངས,རྨོངས,རྨོངས,,TDC,PH,,
རྨོད,རྨས,རྨད,རྨེད,,,GT,
རྨོད,རྨོས,རྨོ,རྨོས,TDC,,,KN
རྨོད༼རྨོ༽,རྨོས,རྨོ,རྨོས,,,GT,
རྨྱ,རྨྱ,རྨྱ,རྨྱ,,,GT,
རྨྱ,རྨྱས,རྨྱ,,,,,KN
རྨྱོ,རྨྱས,རྨྱ,རྨྱོས,,,GT,
རྨྱོང,རྨྱངས,རྨྱང,རྨྱོངས,TDC,,GT,
སྨན,སྨན༼ད༽,སྨན,སྨན༼ད༽,,,GT,
སྨན,སྨན,སྨན,,TDC,,,
སྨན,སྨན,སྨན,སྨན,,PH,,
སྨིན,སྨིན༼ད༽,སྨིན,སྨིན༼ད༽,,,GT,
སྨིན,སྨིན,སྨིན,,TDC,,,
སྨིན,སྨིན,སྨིན,སྨིན,,PH,,
སྨོ,སྨོས,སྨོ,སྨོ,,,GT,
སྨོད,སྨད,སྨད,སྨོད,TDC,PH,GT,KN
སྨོན,སྨོན༼ད༽,སྨོན,སྨོན༼ད༽,,,GT,
སྨོན,སྨོན,སྨོན,སྨོན,TDC,PH,,KN
སྨོས,སྨོས,སྨོས,སྨོས,TDC,PH,,
སྨྱན,སྨྱན༼ད༽,སྨྱན,སྨྱན༼ད༽,,,GT,
སྨྱུག,སྨྱུགས,སྨྱུག,སྨྱུགས,,,GT,
སྨྱུང,སྨྱུངས,སྨྱུང,སྨྱུངས,TDC,,GT,
སྨྱུར,སྨྱུར༼ད༽,སྨྱུར,སྨྱུར༼ད༽,,,GT,
སྨྱོ,སྨྱོ,སྨྱོ,,,PH,,
སྨྱོ,སྨྱོས,སྨྱོ,TDC,,,,KN
སྨྱོ,སྨྱོས,སྨྱོ,སྨྱོ,,,GT,
སྨྲ,སྨྲས,སྨྲ,སྨྲོས,TDC,PH,GT,KN
སྨྲང,སྨྲངས,སྨྲང,སྨྲེངས,,,GT,
སྨྲེ,སྨྲེས,སྨྲེ,སྨྲེས,,,GT,
གཙག,གཙགས,གཙག,གཙགས,,,GT,
གཙག,གཙགས,གཙག,གཙོགས,TDC,,,KN
གཙབ,བཙབས,བཙབ,གཙབས,,,GT,
གཙབ,བཙབས,བཙབ,གཙོབས,TDC,,,KN
གཙིག,གཙིགས,གཙིག,གཙིགས,,,GT,
གཙིགས,གཙིགས,གཙིགས,,TDC,,,
གཙིགས,གཙིགས,གཙིགས,གཙིགས,,,,KN
གཙིར,གཙིར༼ད༽,བཙིར,གཙིར༼ད༽,,,GT,
གཙུབ,གཙུབས,གཙུབ,གཙུབས,TDC,,GT,KN
གཙེ,གཙེས,གཙེ,གཙེས,TDC,PH,,KN
གཙེར,གཙེར,གཙེར,གཙེར,TDC,,,
བཙན༼གཙན༽,བཙན༼ད༽,བཙན,གཙན༼ད༽,,,GT,
བཙའ,བཙའ,བཙའ,,TDC,,,
བཙའ,བཙས,བཙའ,,TDC,,,KN
བཙའ,བཙས,བཙའ,བཙས,TDC,PH,GT,
རྩབ,བརྩབས,བརྩབ,རྩབས,,,GT,
རྩལ,རྩལ,རྩལ,,,PH,,
རྩི,བརྩིས,བརྩི,རྩིས,TDC,PH,GT,KN
རྩིག,བརྩིགས,བརྩིག,རྩིགས,TDC,,GT,KN
རྩུ,བརྩུས,བརྩུ,རྩུས,,,GT,
རྩེ,རྩེས,རྩེ,རྩེས,,,GT,
རྩེ,བརྩེས,བརྩེ,རྩེས,TDC,PH,,KN
རྩེག,བརྩེགས,བརྩེག,རྩེགས,TDC,,,KN
རྩེང,བརྩེངས,བརྩེང,རྩེངས,TDC,,GT,
རྩེན,རྩེན༼ད༽,རྩེན,རྩེན༼ད༽,,,GT,
རྩེན,རྩེན,རྩེན,,,PH,,
རྩོད,བརྩད,བརྩད,རྩོད,TDC,PH,GT,KN
རྩོམ,བརྩམས,བརྩམ,རྩོམས,TDC,PH,GT,KN
རྩོལ,བརྩལ༼ད༽,བརྩལ,རྩོལ༼ད༽,,,GT,
རྩོལ,བརྩལ,བརྩལ,རྩོལ,TDC,PH,,KN
སྩལ,བསྩལ,བསྩལ,སྩོལ,,PH,,
སྩེལ,བསྩལ༼ད༽,བསྩལ,སྩེལ༼ད༽,,,GT,
སྩོག,བསྩགས,བསྩག,སྩོགས,,,GT,
སྩོལ,བསྩལ༼ད༽,བསྩལ,སྩོལ༼ད༽,,,GT,
སྩོལ,བསྩལ,བསྩལ,སྩོལ,TDC,,,KN
བརྩེ,བརྩེ,བརྩེ,,TDC,PH,,
བརྩེ,བརྩེ,བརྩེ,བརྩེ,,,,KN
བརྩེ,བརྩེས,བརྩེ,བརྩེས,,,GT,
བརྩེད,བརྩེད,བརྩེད,,TDC,,,
བརྩོན,བརྩོན༼ད༽,བརྩོན,བརྩོན༼ད༽,,,GT,
བརྩོན,བརྩོན,བརྩོན,བརྩོན,TDC,PH,,KN
ཚ,ཚ,ཚ,,TDC,,,
ཚ,ཚ,ཚ,ཚ,TDC,,GT,
ཚགས,ཚགས,འཚག,ཚགས,,,,KN
ཚང,ཚང,ཚང,,TDC,PH,,
ཚང,ཚང,ཚང,ཚང,,,GT,
ཚངས,ཚངས,ཚངས,ཚངས,,,GT,
ཚད,ཚད,ཚད,ཚད,,,GT,
ཚད,ཚད,ཚད,ཚོད,TDC,,,KN
ཚམ༼འཚམ༽,བཙམས,བཙམ,ཚམས,,,GT,
ཚར,ཚར༼ད༽,ཚར,ཚར༼ད༽,,,GT,
ཚར,ཚར,ཚར,,TDC,,,KN
ཚིམ,ཚིམས,ཚིམ,,TDC,,,KN
ཚིམ,ཚིམས,ཚིམ,ཚིམས,,PH,GT,
ཚུགས,ཚུགས,ཚུགས,,TDC,,,
ཚུགས,ཚུགས,ཚུགས,ཚུགས,,PH,GT,
ཚུད,ཚུད,ཚུད,,TDC,PH,,
ཚུམ,བསུམས,བསུམ,ཚུམས,,,GT,
ཚེང,ཚེངས,ཚེང,ཚེངས,,,GT,
ཚེས,ཚེས,ཚེས,,TDC,,,
ཚོགས,ཚོགས,ཚོགས,,TDC,PH,,
ཚོར,ཚོར༼ད༽,ཚོར,ཚོར༼ད༽,,,GT,
ཚོར,ཚོར,ཚོར,,TDC,,,KN
ཚོར,ཚོར,ཚོར,ཚོར,,PH,,
ཚོས,ཚོས,ཚོས,,TDC,,,
མཚན,མཚན༼ད༽,མཚན,མཚན༼ད༽,,,GT,
མཚན,མཚན,མཚན,མཚོན,TDC,PH,,
མཚར,མཚར༼ད༽,མཚར,མཚར༼ད༽,,,GT,
མཚར,མཚར,མཚར,མཚར,,PH,,
མཚུངས,མཚུངས,མཚུངས,,,PH,,
མཚུངས༼མཚུང༽,མཚུངས,མཚུངས༼མཚུང༽,མཚུངས,,,GT,
མཚེར,མཚེར༼ད༽,མཚེར,མཚེར༼ད༽,,,GT,
མཚེར,མཚེར,མཚེར,མཚེར,TDC,,,
མཚོན,མཚོན༼ད༽,མཚོན,མཚོན༼ད༽,,,GT,
མཚོན,མཚོན,མཚོན,མཚོན,TDC,PH,,KN
འཚག,བཙགས,བཙག,ཚོགས,TDC,PH,,KN
འཚག,བཙགས,བཙག,འཚགས,,,GT,
འཚག,འཚགས,འཚག,འཚགས,,,GT,
འཚག,འཚགས,འཚག,འཚོགས,TDC,PH,,
འཚག༼གསབ༽,བསབས,བསབ,འཚོབས༼གསབས༽,,,GT,
འཚང,བཙངས,བཙང,ཚོངས,TDC,PH,,KN
འཚང,བཙངས,བཙང,འཚངས,,,GT,
འཚང,འཚངས,འཚང,,TDC,PH,,
འཚང,འཚངས,འཚང,འཚོངས,TDC,,GT,
འཚབ,འཚབས,འཚབ,,,,,KN
འཚབ,འཚབས,འཚབ,འཚོབས,TDC,,,KN
འཚབས,ཚབ,འཚབ,ཚབས,,,GT,
འཚམ,བཙམས,བཙམ,ཚོམས,TDC,,,
འཚམ,འཚམས,འཚམ,,TDC,,,
འཚམ,འཚམས,འཚམ,འཚམས,,,GT,
འཚར,འཚར༼ད༽,འཚར,འཚར༼ད༽,,,GT,
འཚར,འཚར,འཚར,,TDC,,,
འཚལ,བཙལ༼ད༽,བཙལ,འཚལ༼ད༽,,,GT,
འཚལ,བཙལ,བཙལ,འཚོལ,TDC,PH,,KN
འཚལ,འཚལ,འཚལ,,TDC,PH,,
འཚིག,ཚིག,ཚིག,འཚིགས,,,GT,
འཚིག,ཚིག,འཚིག,,TDC,,,KN
འཚིག,ཚིག,འཚིག,འཚིགས,,PH,,
འཚིར༼ད༽,ཚིར,འཚིར,ཚིར༼ད༽,,,GT,
འཚིར,བཙིར,བཙིར,ཚིར,TDC,,,KN
འཚུགས,ཚུག,འཚུག,འཚུགས,,,GT,
འཚུད,ཚུད,འཚུད,,,,,KN
འཚུད,ཚུད,འཚུད,ཚུད,,,GT,
འཚུབ,འཚུབས,འཚུབ,,TDC,,,KN
འཚུབས,ཚུབ,འཚུབ,ཚུབས,,,GT,
འཚུམ,བཙུམས,བཙུམ,ཚུམས,,,,KN
འཚེ,བཙེས,གཙེ,གཙེས,,PH,,
འཚེ,བཙེས༼གཙེས༽,གཙེ,གཙེས,,,GT,
འཚེ,འཚེས,འཚེ,,,,,KN
འཚེང,འཚེངས,འཚེང,,TDC,,,KN
འཚེང,འཚེངས,འཚེང,འཚེངས,,,GT,
འཚེད,བཙོས,བཙོ,འཚོད,,,GT,
འཚེམ,བཙེམས,བཙེམ,ཚེམས,TDC,,,KN
འཚེམ,བཙེམས,བཙེམ,འཚེམས,,,GT,
འཚེམ,ཚེམས,ཚེམ,འཚེམས,,,GT,
འཚེམ,འཚེམས,འཚེམ,,TDC,,,
འཚེར༼ད༽,ཚེར,འཚེར,ཚེར༼ད༽,,,GT,
འཚེར,འཚེར,འཚེར,,TDC,,,
འཚེས,ཚེས,འཚེས,ཚེས,,,GT,
འཚོ,འཚོ,འཚོ,འཚོ,,,GT,
འཚོ,འཚོས,འཚོ,,TDC,,,KN
འཚོ,འཚོས,འཚོ,འཚོས,TDC,PH,,KN
འཚོག,བཙོག,གཙོག,ཚོག,,,GT,
འཚོག,བཙོགས,བཙོག,ཚོགས,,,,KN
འཚོག,བཙོགས,བཙོག,འཚོགས,TDC,PH,,
འཚོག,འཚོགས,འཚོག,འཚོགས,TDC,PH,,KN
འཚོགས,ཚོགས,འཚོག,ཚོགས,,,GT,
འཚོང,བཙོངས,བཙོང,ཚོངས,TDC,PH,GT,KN
འཚོད,བཙོས,བཙོ,ཚོས,TDC,PH,,KN
འཚོབ,ཚོབས,ཚོབ,འཚོབས,,,GT,
འཚོབ,འཚོབས,འཚོབ,,TDC,,,
འཚོམས,ཚོམ,འཚོམ,ཚོམས,,,GT,
འཚོལ,བཙལ,བཙལ,ཚོལ,TDC,PH,,
འཚོལ༼འཚེལ༽,བཙལ༼ད༽,བཙལ,ཚོལ༼ད༽,,,GT,
འཚོས,ཚོས,འཚོས,ཚོ,,,GT,
མཛངས,མཛངས,མཛངས,མཛངས,,,,KN
མཛད,མཛད,མཛད,མཛོད,TDC,PH,GT,KN
མཛའ,མཛའ,མཛའ,མཛའ,,,GT,
མཛེས,མཛེས,མཛེས,མཛེས,,PH,,
འཛག,ཟག,འཛག,,TDC,,,KN
འཛག,ཟག,འཛག,ཟགས,,PH,GT,
འཛགས,བཟག,གཟག,གཟགས,,,GT,
འཛད,ཟད,འཛད,,TDC,PH,,KN
འཛད,ཟད,འཛད,ཟད,,,GT,
འཛབ,ཛབས,ཛབ,འཛབས,,,GT,
འཛའ,ཟོས,འཛའ,,TDC,,,KN
འཛའ༼ཟ༽,ཟོས,འཛའ,,,PH,,
འཛར༼ད༽,བཟར,གཟར,གཟར༼ད༽,,,GT,
འཛར,ཛར,འཛར,ཛར༼ད༽,,,GT,
འཛར,འཛར,འཛར,,TDC,PH,,
འཛིང,འཛིངས,འཛིང,,TDC,PH,,
འཛིང,འཛིངས,འཛིང,འཛིངས,TDC,PH,GT,KN
འཛིན,བཟུང,གཟུང,ཟུངས,TDC,PH,GT,KN
འཛིར༼ད༽,ཛིར,འཛིར,ཛིར༼ད༽,,,GT,
འཛིར,འཛིར,འཛིར,,TDC,,,
འཛུགས,བཙུགས,གཟུག,ཚུགས,,,,KN
འཛུགས,བཙུགས,གཟུགས,ཚུགས,TDC,PH,GT,
འཛུད,བཙུད,གཟུད,གཙུད༼འཛུད༽,,,GT,
འཛུད,བཙུད,གཟུད,ཚུད,TDC,PH,,KN
འཛུམ,བཙུམས,བཙུམ,ཚུམས,TDC,,,
འཛུམ,བཙུམས༼བཙུམ༽,གཟུམ,ཚུམས,,,GT,
འཛུམ,འཛུམས,འཛུམ,འཛུམས,TDC,,GT,KN
འཛུར,བཟུར༼ད༽,བཟུར,ཟུར༼ད༽,,,GT,
འཛུར,བཟུར,གཟུར,ཟུར,TDC,,,KN
འཛུལ,འཛུལ,འཛུལ,འཛུལ,TDC,,,KN
འཛེག,འཛེགས,འཛེག,འཛེགས,TDC,PH,GT,KN
འཛེད,བཟེད,གཟེད,ཟེད,,,GT,
འཛེད,བཟེད,བཟེད,ཟེད,TDC,,,
འཛེམ,འཛེམས,འཛེམ,འཛེམས,TDC,PH,,KN
འཛེམ,འཛེམས༼ཟེམ༽,འཛེམ,འཛེམས,,,GT,
འཛེམས,བཟེམ,གཟེམ,གཟེམས,,,GT,
འཛེར༼ད༽,བཙེར༼ད༽,བཙེར,ཛེར༼ད༽,,,GT,
འཛེར༼ད༽,ཛེར,འཛེར,ཛེར༼ད༽,,,GT,
འཛེར,འཛེར,འཛེར,,TDC,,,
འཛོམ,འཛོམས,འཛོམ,འཛོམས,TDC,,GT,KN
འཛོལ༼ད༽,ཛོལ,འཛོལ,ཛོལ༼ད༽,,,GT,
འཛོལ,འཛོལ,འཛོལ,,TDC,,,KN
རྫི,བརྫིས,བརྫི,རྫིས,TDC,,GT,KN
རྫུ,བརྫུས,བརྫུ,རྫུས,TDC,,GT,KN
རྫུན,བརྫུན༼ད༽,བརྫུན,རྫུན༼ད༽,,,GT,
རྫུན,བརྫུན,བརྫུན,,,PH,,
རྫེ,བརྫེས,བརྫེ,རྫེས,TDC,,GT,KN
རྫོགས,རྫོགས,རྫོགས,,,,,KN
རྫོགས,རྫོགས,རྫོགས,རྫོགས,TDC,PH,GT,
རྫོང,བརྫངས,བརྫང,རྫོངས,TDC,,GT,KN
རྫོད,བརྫད,བརྫད,རྫོད,TDC,,,
རྫོབ,བརྫབས,བརྫབ,རྫོབས,TDC,,GT,
ཞ,ཞ,ཞ,,TDC,PH,,
ཞར,ཞར༼ད༽,ཞར,ཞར༼ད༽,,,GT,
ཞར,ཞར,ཞར,,TDC,,,
ཞི,ཞི,ཞི,,TDC,,,KN
ཞི,ཞི,ཞི,ཞི,,PH,GT,
ཞུ,ཞུ,ཞུ,,TDC,PH,,
ཞུ,ཞུས,ཞུ,ཞུས,TDC,PH,GT,KN
ཞུ,བཞུས,བཞུ,ཞུས,,,,KN
ཞུད,ཞུད,ཞུད,,TDC,,,
ཞུད,ཞུད,ཞུད,ཞུད,,,GT,
ཞུམ,ཞུམ,ཞུམ,,TDC,,,
ཞེད,ཞེད,ཞེད,,TDC,,,KN
ཞེད,ཞེད,ཞེད,ཞེད,,,GT,
ཞེན,ཞེན༼ད༽,ཞེན,ཞེན༼ད༽,,,GT,
ཞེན,ཞེན,ཞེན,,TDC,,,KN
ཞེན,ཞེན,ཞེན,ཞེན,,PH,,
ཞོན,བཞོན༼ད༽,བཞོན,ཞོན༼ད༽,,,GT,
ཞོན,བཞོན,བཞོན,ཞོན,TDC,PH,,KN
ཞོམ,ཞོམ,ཞོམ,,TDC,,,
གཞགས,བཞགས,གཞགས,གཞགས,,,GT,
གཞམ,བཞམས,བཞམ,གཞམས,,,GT,
གཞར,བཞར༼ད༽,བཞར,གཞར༼ད༽,,,GT,
གཞར,བཞར,གཞར,གཞོར,TDC,,,KN
གཞིག,གཞིགས,གཞིག,གཞིགས,TDC,PH,GT,KN
གཞིབས,བཞིབས,གཞིབ,གཞིབས,,,GT,
གཞུ,གཞུས,གཞུ,གཞུས,,,,KN
གཞུ,བཞུས,གཞུ,གཞུས,TDC,,,
གཞུན,བཞུན༼ད༽,བཞུན,གཞུན༼ད༽,,,GT,
གཞུར,གཞུར,གཞུར,གཞུར,TDC,,,
གཞུར,བཞུར༼ད༽,བཞུར,གཞུར༼ད༽,,,GT,
གཞེན,གཞེན,གཞེན,གཞེན,,,,KN
གཞེར,གཞེར,གཞེར,གཞེར,,,,KN
གཞེས,གཞེས,གཞེས,གཞེས,,,,KN
གཞོག,བཞོགས,གཞོག,གཞོགས,,,,KN
གཞོབ,གཞོབ,གཞོབ,,TDC,,,
གཞོལ,གཞོལ༼ད༽༼ཞོལ༽,གཞོལ,གཞོལ༼ད༽,,,GT,
གཞོལ,གཞོལ,གཞོལ,,TDC,,,
གཞོལ,གཞོལ,གཞོལ,གཞོལ,TDC,PH,,KN
གཞོལ,བཞོལ༼ད༽,བ༹ཞོལ,གཞོལ༼ད༽,,,GT,
བཞད,བཞད,བཞད,,,,,KN
བཞད,བཞད,བཞད,བཞད,,,GT,
བཞད,བཞད,བཞད,བཞོད,TDC,,,
བཞར,བཞར,བཞར,བཞོར,TDC,,,KN
བཞུ,བཞུས,བཞུ,བཞུས,TDC,PH,,
བཞུགས,བཞུགས,བཞུགས,,,PH,,
བཞུགས,བཞུགས,བཞུགས,བཞུགས,TDC,,,KN
བཞུད,བཞུད,བཞུད,བཞུད,TDC,,,KN
བཞུར,བཞུར,བཞུར,བཞུར,TDC,,,
བཞེང,བཞེངས,བཞེང,བཞེངས,,,GT,
བཞེངས,བཞེངས,བཞེངས,བཞེངས,TDC,PH,,KN
བཞེད,བཞེད,བཞེད,བཞེད,TDC,PH,,KN
བཞེས,བཞེས,བཞེས,བཞེས,TDC,,GT,KN
ཟ,ཟ,ཟ,,TDC,PH,,
ཟ,ཟ,ཟ,ཟ,,,GT,
ཟ,བཟས,ཟ,,TDC,PH,,
ཟ,བཟས,བཟའ,ཟོ,TDC,,,KN
ཟ,བཟས,བཟའ,ཟོས,,,GT,
ཟ,བཟས༼བཟས༽,བཟའ,ཟོ,,PH,,
ཟག,ཟག,ཟག,,,,,KN
ཟག,ཟགས,ཟག,,TDC,PH,,
ཟན,བཟན༼ད༽,བཟན,ཟན༼ད༽,,,GT,
ཟིང,ཟིང,ཟིང,,TDC,,,
ཟིན,ཟིན༼ད༽,ཟིན,ཟིན,,,GT,
ཟིན,ཟིན,ཟིན,,TDC,PH,,
ཟུག,ཟུག,ཟུག,,TDC,,,
ཟུབ,ཟུབ,ཟུབ,,TDC,,,
ཟུབ,ཟུབས,ཟུབ,ཟུབས,,,GT,
ཟུམ,ཟུམ,ཟུམ,,TDC,PH,,KN
ཟེར༼ད༽༼མཛེར༼ད༽༽,ཟེར༼འཛེར༽,ཟེར༼མཛེར༽,ཛེར༼ད༽༼འཛེར༼ད༽༽,,,GT,
ཟེར,ཟེར,ཟེར,,TDC,PH,,KN
ཟོན,ཟོན༼ད༽,ཟོན,ཟོན༼ད༽,,,GT,
ཟླུག,བཟླུགས,བཟླུག,ཟླུགས,TDC,,GT,KN
ཟླུམ,བཟླུམས,བཟླུམ,ཟླུམས,TDC,,GT,KN
ཟློ,བཟླས,བཟླ,ཟློ,,,GT,
ཟློ,བཟླས,བཟླ,ཟློས,TDC,PH,,KN
ཟློག,བཟློག,བཟློག,ཟློག,TDC,PH,,KN
ཟློག,བཟློགས,བཟློག,ཟློགས,,,GT,
ཟློས,ཟློས,ཟློས,,TDC,,,
ཟློས,བཟློས,བཟློ,ཟློས,,,GT,
གཟགས,གཟགས,གཟགས,གཟོགས,TDC,,,
གཟན༼ད༽,གཟན,གཟན,གཟན༼ད༽,,,GT,
གཟན,གཟན,གཟན,,,,,KN
གཟབ,གཟབས,གཟབ,གཟོབས,,,,KN
གཟབ,བཟབས,གཟབ,གཟོབས,TDC,,,
གཟར,གཟར,གཟར,གཟར,TDC,PH,,
གཟར,གཟར,གཟར,གཟོར,,,,KN
གཟས,གཟས,གཟས,གཟས,TDC,PH,GT,KN
གཟིགས,གཟིགས,གཟིགས,གཟིགས,TDC,PH,GT,KN
གཟིང,གཟིངས,གཟིང,,TDC,,,
གཟིང,བཟིངས,བཟིང,གཟིངས,,,GT,
གཟིམ,གཟིམས,གཟིམ,གཟིམས,,,,KN
གཟིམ,གཟིམས,གཟིམས,གཟིམས,,,GT,
གཟིམས,གཟིམས,གཟིམས,གཟིམས,TDC,,,
གཟིར,གཟིར,གཟིར,,,,,KN
གཟིར,གཟིར,གཟིར,གཟིར,TDC,PH,,
གཟིར,བཟིར༼ད༽,བཟིར,གཟིར༼ད༽,,,GT,
གཟེངས,གཟེངས,གཟེངས,གཟེངས,TDC,,,
གཟེད,གཟེད,གཟེད,གཟེད,TDC,,,
གཟེད,བཟེད,གཟེད,གཟེད,,,,KN
གཟོ,གཟོ,གཟོ,གཟོ,TDC,PH,,KN
གཟོན,གཟན,གཟན,གཟོན,TDC,,,
གཟོབ,གཟབས,གཟབ,གཟོབས,TDC,,,
གཟོབ,བཟབ,གཟབ,གཟབས,,,GT,
བཟི,བཟི,བཟི,,TDC,,,
བཟི,བཟི,བཟི,བཟི,,,GT,KN
བཟོ,བཟོས,བཟོ,བཟོས,TDC,PH,,KN
བཟོད,བཟོད,བཟོད,,TDC,PH,,
བཟོད,བཟོད,བཟོད,བཟོད,,,GT,KN
འུབ,འུབས,འུབ,འུབས,,,GT,
འུར,འུར༼ད༽,འུར,འུར༼ད༽,,,GT,
འོང,འོངས,འོང,,TDC,,,
འོང,འོངས,འོང,འོངས,,PH,,
འོན,འོན༼ད༽,འོན,འོན༼ད༽,,,GT,
འོན,འོན,འོན,,TDC,,,
འོར,འོར,འོར,འོར,TDC,,,
འོས,འོས,འོས,,,PH,,
འོས,འོས,འོས,འོས,,,GT,
ཡན,ཡན,ཡན,,TDC,,,
ཡར,ཡར༼ད༽,ཡར,ཡར༼ད༽,,,GT,
ཡར,ཡར,ཡར,,TDC,PH,,
ཡལ,ཡལ༼ད༽,ཡལ,ཡལ༼ད༽,,,GT,
ཡལ,ཡལ,ཡལ,,TDC,PH,,KN
ཡས,ཡས,ཡས,ཡས,,,GT,
ཡིན,ཡིན༼ད༽,ཡིན,ཡིན༼ད༽,,,GT,
ཡིན,ཡིན,ཡིན,ཡིན,,PH,,
ཡིབ,ཡིབས,ཡིབ,ཡིབས,TDC,,GT,KN
ཡུམ,ཡུམས,ཡུམ,ཡུམས,,,GT,
ཡུར,ཡུར༼ད༽,ཡུར,ཡུར༼ད༽,,,GT,
ཡུར,ཡུར,ཡུར,,TDC,,,
ཡེང,ཡེངས,ཡེང,,TDC,,,
ཡེང,ཡེངས,ཡེང,ཡེངས,,PH,GT,
ཡེར,ཡེར༼ད༽,ཡེར,ཡེར༼ད༽,,,GT,
ཡེར,ཡེར,ཡེར,,TDC,,,
ཡེར,ཡེར,ཡེར,ཡེར,TDC,,,
ཡོ,ཡོ,ཡོ,,TDC,,,
ཡོ,ཡོ,ཡོ,ཡོ,,,GT,
ཡོག,ཡོགས,ཡོག,ཡོགས,TDC,,,
ཡོང,ཡོང,ཡོང,,TDC,,,
ཡོང,ཡོང,ཡོང,ཡོང,,,GT,
ཡོད,ཡོད,ཡོད,ཡོད,,PH,GT,
ཡོབ,ཡབས,ཡབ,ཡོབས,,,GT,
ཡོམ,ཡོམས,ཡོམ,ཡོམས,,,GT,
ཡོར,ཡོར,ཡོར,,TDC,,,
ཡོལ,ཡོལ༼ད༽,ཡོལ,ཡོད༼ད༽,,,GT,
ཡོལ,ཡོལ,ཡོལ,,TDC,,,KN
གཡན,གཡན༼ད༽,གཡན,གཡན༼ད༽,,,GT,
གཡབ,གཡབས,གཡབ,གཡོབས,,,,KN
གཡའ,གཡའ,གཡའ,,TDC,,,
གཡའ,གཡའ,གཡའ,གཡའ,,,GT,
གཡར,གཡར༼ད༽,གཡར,གཡོར༼ད༽,,,GT,
གཡར,གཡར,གཡར,གཡོར,TDC,,,KN
གཡལ,གཡལ༼ད༽,གཡལ,གཡལ༼ད༽,,,GT,
གཡལ,གཡལ,གཡལ,,TDC,,,
གཡིག,གཡིགས,གཡིག,,TDC,,,
གཡིག,གཡིགས,གཡིག,གཡིགས,,,GT,
གཡུག,གཡུགས,གཡུག,གཡུགས,TDC,,GT,KN
གཡུང,གཡུངས,གཡུང,གཡུངས,,,GT,
གཡེང,གཡེངས,གཡེང,,TDC,PH,,KN
གཡེང,གཡེངས,གཡེང,གཡེངས,,,GT,
གཡེམ,གཡེམས,གཡེམ,གཡེམས,,,GT,
གཡེར,གཡེར༼ད༽,གཡེར,གཡེར༼ད༽,,,GT,
གཡེལ,གཡེལ༼ད༽,གཡེལ,གཡེལ༼ད༽,,,GT,
གཡེལ,གཡེལ,གཡེལ,,TDC,PH,,
གཡེལ,གཡེལ,གཡེལ,གཡེལ,,,,KN
གཡོ,གཡོས,གཡོ,,TDC,PH,,
གཡོ,གཡོས,གཡོ,གཡོས,TDC,PH,GT,KN
གཡོག,གཡོགས,གཡོག,གཡོགས,TDC,PH,GT,KN
གཡོབ,གཡབས,གཡབ,གཡོབས,TDC,,GT,
གཡོར,གཡོར༼ད༽,གཡོར,གཡོར༼ད༽,,,GT,
གཡོར,གཡོར,གཡོར,གཡོར,TDC,,,
གཡོལ,གཡོལ༼ད༽,གཡོལ,གཡོལ༼ད༽,,,GT,
གཡོལ,གཡོལ,གཡོལ,གཡོལ,TDC,,,
རག,རག,རག,,TDC,,,
རག,རག,རག,རག,,,GT,
རང,རང,རང,,TDC,,,
རང,རངས,རང,,,PH,,
རང,རངས,རང,རངས,,,GT,
རན,རན༼ད༽,རན,རན༼ད༽,,,GT,
རལ,རལ༼ད༽,རལ,རལ༼ད༽,,,GT,
རལ,རལ,རལ,,TDC,,,
རི,རི,རི,,TDC,,,
རི,རི,རི,རི,,,GT,
རིག,རིག,རིག,,TDC,,,
རིག,རིག,རིག,རིག,,PH,GT,
རིགས,རིགས,རིགས,,TDC,,,
རིགས,རིགས,རིགས,རིགས,,PH,GT,
རིངས,རིངས,རིངས,རིངས,,,GT,
རིད,རིད,རིད,རིད,,,GT,
རིལ,རིལ༼ད༽,རིལ,རིལ༼ད༽,,,GT,
རིལ,རིལ,རིལ,,TDC,,,
རུག,རུག,རུག,རུག,TDC,,,
རུག,རུགས,རུག,རུགས,,,GT,
རུང,རུང,རུང,,TDC,PH,,
རུང,རུང,རུང,རུང,,,GT,
རུད,རུད,རུད,,TDC,,,
རུབ,རུབས,རུབ,,TDC,,,
རུབ,རུབས,རུབ,རུབས,TDC,,GT,
རུམ,རུམ,རུམ,རུམ,TDC,,,
རུལ,རུལ,རུལ,,TDC,,,
རེ,རེ,རེ,,TDC,,,
རེ,རེ༼རེས༽,རེ,རེ༼རེས༽,,,GT,
རེག,རེག,རེག,རེག,TDC,PH,GT,
རེག,རེགས,རེགས,རེགས,,,GT,
རེང,རེངས,རེང,,TDC,,,
རེང,རེངས,རེང,རེངས,,,GT,
རེད,རེད,རེད,,TDC,,,
རེད,རེད,རེད,རེད,,,GT,
རེམ,རེམས,རེམ,རེམས,TDC,,GT,
རོལ,རོལ༼ད༽,རོལ,རོལ༼ད༽,,,GT,
རོལ,རོལ,རོལ,,TDC,PH,,
རླག,བརླགས,བརླག,,,,,KN
རླམ,རླམས,རླམ,རླམས,,,GT,
རླུག,རླུགས,རླུག,རླུགས,TDC,,GT,
རླུག,བརླུགས,བརླུག,རླུགས,TDC,,,
རློག,བརླག,བརླག,རློགས,TDC,,,
རློག,བརླགས,བརླག,རློགས,,PH,GT,KN
རློན,བརླན༼ད༽,བརླན,རློན༼ད༽,,,GT,
རློན,བརླན,བརླན,རློན,TDC,PH,,KN
རློབ,བརླབས,བརླབ,རློབས,TDC,PH,GT,KN
རློམ,རློམས,རློམ,རློམས,,,GT,
རློམ,བརླམས,བརླམ,,TDC,,,
རློམ,བརླམས,བརླམ,རློམས,TDC,PH,,KN
བརླག,བརླགས,བརླག,,TDC,PH,,
ལགས,ལགས,ལགས,,,PH,,
ལགས,ལགས,ལགས,ལགས,,,GT,
ལང,ལངས,ལང,,TDC,,,
ལང,ལངས,ལང,ལོངས,TDC,PH,,
ལང,ལོངས,ལང,,TDC,PH,,
ལང༼ལོང༽,ལངས,ལང,ལོངས,,,GT,
ལད,ལད,ལད,,TDC,PH,,
ལབ,ལབ,ལབ,ལོབ,TDC,,,
ལབ,ལབ༼ལབས༽,ལབ,ལོབ,,,GT,
ལམ,ལམས,ལམ,ལམས,,,GT,
ལས,ལས,ལས,ལོས,TDC,PH,GT,
ལུ,ལུ,ལུ,,TDC,,,
ལུ,ལུ,ལུ,ལུ,,,GT,
ལུག,ལུག,ལུག,,TDC,,,
ལུག,ལུགས,ལུག,ལུགས,TDC,,,
ལུད,ལུད,ལུད,,TDC,,,
ལུམ,ལུམ,ལུམ,ལུམ,,,GT,
ལུས,ལུས,ལུས,,TDC,PH,,
ལེན,བླངས,བླང,ལེན༼ད༽,,,GT,
ལེན,བླངས,བླང,ལོངས,TDC,PH,,
ལོ,ལོ,ལོ,ལོ,,,GT,
ལོག,ལོག,ལོག,,TDC,PH,,
ལོང,ལོང,ལོང,ལོང,,,GT,
ལོང,ལོངས,ལོང,,TDC,PH,,
ལོན,ལོན༼ད༽,ལོན,ལོན༼ད༽,,,GT,
ལོན,ལོན,ལོན,ལོན,TDC,PH,,
ལོབས,ལོབས,ལོབས,,TDC,PH,,
ཤད,ཤད,ཤད,ཤད,,,GT,
ཤད,བཤད,བཤད,ཤོད,TDC,,,
ཤབ,ཤབས,ཤབ,ཤོབས,TDC,,,
ཤལ,ཤལ༼ད༽,ཤལ,ཤལ༼ད༽,,,GT,
ཤིག,བཤིགས,བཤིག,ཤིགས,,,GT,KN
ཤིབ,ཤིབས,ཤིབ,ཤིབས,,,GT,
ཤིལ,ཤིལ༼ད༽,ཤིལ,ཤིལ༼ད༽,,,GT,
ཤིས,ཤིས,ཤིས,ཤིས,,,GT,KN
ཤུ,བཤུས,བཤུ,ཤུས,,,GT,
ཤུག,བཤུགས,གཤུབ༼བཤུབ༽,ཤུབས,,PH,,
ཤུག,བཤུགས,བཤུག,ཤུགས,TDC,PH,,KN
ཤུད,བཤུད,སཤུད,ཤུད,,,GT,
ཤུབ,ཤུབས,ཤུབ,ཤུབས,,,GT,
ཤུམ,བཤུམས,བཤུམ,ཤུམས,,,GT,
ཤུལ,བཤུལ༼ད༽,བཤུལ,ཤུལ༼ད༽,,,GT,
ཤེར,བཤེར༼ད༽,བཤེར,ཤེར༼ད༽,,,GT,
ཤེར,བཤེར,བཤེར,ཤེར,TDC,,,KN
ཤེས,ཤེས,ཤེས,,TDC,,,KN
ཤེས,ཤེས,ཤེས,ཤེས,,PH,GT,
ཤོང,ཤོང,ཤོང,,TDC,,,
ཤོང,ཤོངས,ཤོང,ཤོངས,,,GT,
ཤོད,བཤད,བཤད,ཤོད,TDC,,,
ཤོལ,བཤོལ༼ད༽,བཤོལ,ཤོལ༼ད༽,,,GT,
གཤང,བཤངས,བཤང,གཤངས,,,GT,
གཤར,བཤར,གཤར,གཤོར,TDC,,,KN
གཤལ,བཤལ༼ད༽,བཤལ,གཤལ༼ད༽,,,GT,
གཤིན,བཤིན༼ད༽,བཤིན,གཤིན༼ད༽,,,GT,
གཤིབ,གཤིབས,གཤིབ,གཤིབས,TDC,,,KN
གཤིབ,བཤིབས,བཤིབ,གཤིབས,,,GT,
གཤུག,བཤུགས,བཤུག,གཤུགས,,,GT,
གཤུང,བཤུངས,བཤུང,ཤུངས,TDC,,,KN
གཤུང,བཤུངས,བཤུང,གཤུངས,,,GT,
གཤེ,གཤེ,གཤེ,གཤེ,TDC,,,KN
གཤེ,གཤེས,གཤེ,གཤེས,,,GT,
གཤེགས,གཤེགས,གཤེགས,,TDC,,,
གཤེགས,གཤེགས,གཤེགས,གཤེགས,,PH,GT,
གཤེར,གཤེར༼ད༽,ཤེར,གཤེར༼ད༽,,,GT,
གཤེར,གཤེར,གཤེར,གཤེར,,,,KN
གཤོ,བཤོས,བཤོ,ཤོས,TDC,,,KN
གཤོ,བཤོས,བཤོ,གཤོས,,,GT,
གཤོག,གཤགས,གཤག,གཤོགས,,,,KN
གཤོག,བཤགས,གཤག,གཤོགས,TDC,PH,,
གཤོང,བཤངས,བཤང,ཤོངས,TDC,,,KN
གཤོམ,བཤམས,བཤམ,ཤོམས,TDC,PH,,KN
གཤོར,བཤར༼ད༽,བཤར,གཤོར༼ད༽,,,GT,
གཤོར,བཤར,བཤར,གཤོར,TDC,,,
གཤོར,བཤར,བཤར,བཤོར,,,,KN
གཤོར,བཤོར,བཤོར,གཤོར,TDC,,,KN
བཤའ,བཤས,བཤའ,བཤས,,,GT,
བཤའ,བཤས,བཤའ,བཤོས,TDC,,,KN
བཤལ,བཤལ,བཤལ,,TDC,,,
བཤལ,བཤལ,བཤལ,བཤོལ,TDC,,,KN
བཤུ,བཤུས,བཤུ,ཤུས,TDC,PH,,KN
བཤུད,བཤུད,བཤུད,,TDC,,,
བཤུད,བཤུད,བཤུད,ཤུད,TDC,,,KN
བཤུམ,བཤུམས,བཤུམ,ཤུམས,TDC,,,KN
བཤུར,བཤུར,བཤུར,ཤུར,TDC,,,KN
བཤོལ,བཤོལ,བཤོལ,ཤོལ,TDC,,,KN
སངས,སངས,སངས,,TDC,,,
སངས,སངས,སངས,སངས,,,GT,KN
སངས,བསངས,བསང,སངས,,,GT,
སད,སད,སད,,TDC,,,
སད,སད,སད,སད,TDC,PH,GT,KN
སིམ,སིམས,སིམ,,TDC,PH,,
སིམ,སིམས,སིམ,སིམ,,,,KN
སིམ,སིམས,སིམ,སིམས,,,GT,
སིལ,གསིལ༼ད༽,གསིལ,སིལ༼ད༽,,,GT,
སུན,སུན,སུན,,TDC,,,
སུན,སུན,སུན,སུན,,,,KN
སུན,བསུན༼ད༽,བསུན,སུན༼ད༽,,,GT,
སུན,བསུན,བསུན,སུན,,PH,,
སུབ,བསུབས,བསུབ,སུབས,TDC,,GT,KN
སུམ,བསུམས,བསུམ,སུམས,TDC,,,KN
སེག,སེག,སེག,,TDC,,,
སེང,སེངས,སེང,,TDC,PH,,
སེམས,བསམས,བསམ,སོམས,TDC,PH,GT,KN
སེལ,བསལ༼ད༽,བསལ,སེལ༼ད༽,,,GT,
སེལ,བསལ,གསལ,སོལ,,,,KN
སེལ,བསལ,བསལ,སེལ༼སོལ༽,,PH,,
སེལ,བསལ,བསལ,སོལ,TDC,,,
སོགས,སོགས,སོགས,,TDC,,,
སོང,སོང,སོང,,,PH,,
སོང,སོང,སོང,སོང,,,GT,
སོན,སོན༼ད༽,སོན,སོན༼ད༽,,,GT,
སོན,སོན,སོན,,TDC,PH,,KN
སོན,བསོན༼ད༽,བསོན,སོན༼ད༽,,,GT,
སོས,སོས,སོས,,TDC,PH,,
སོས,སོས,སོས,སོས,,,GT,
སྲ,བསྲ,བསྲ,སྲ,,,GT,
སྲན,བསྲན༼ད༽,བསྲན,སྲན༼ད༽,,,GT,
སྲན,བསྲན,བསྲན,སྲོན,TDC,,,KN
སྲབ,བསྲབས,བསྲབ,སྲབས,,,GT,
སྲབ,བསྲབས,བསྲབ,སྲོབས,TDC,PH,,
སྲི,བསྲིས,བསྲི,སྲིས,TDC,,GT,KN
སྲིང,བསྲིངས,བསྲིང,སྲིངས,TDC,PH,GT,KN
སྲིད,སྲིད,སྲིད,སྲིད,,,GT,
སྲིབ,སྲིབ,སྲིབ,,TDC,,,
སྲུང,བསྲུངས,བསྲུང,སྲུངས,TDC,PH,GT,KN
སྲུན,བསྲུན༼ད༽,བསྲུན,སྲུན༼ད༽,,,GT,
སྲུན,བསྲུན,བསྲུན,སྲུན,,PH,,
སྲུབ,བསྲུབས,བསྲུབ,སྲུབས,TDC,,GT,KN
སྲུལ,བསྲུལ༼ད༽,བསྲུལ,སྲུལ༼ད༽,,,GT,
སྲེ,བསྲེས,བསྲེ,སྲེས,TDC,PH,GT,KN
སྲེག,བསྲེགས,བསྲེག,སྲེགས,TDC,PH,GT,KN
སྲེད,སྲེད,སྲེད,,TDC,,,
སྲེད,སྲེད,སྲེད,སྲེད,,PH,GT,
སྲེལ,བསྲེལ༼ད༽,བསྲེལ,སྲེལ༼ད༽,,,GT,
སྲེལ,བསྲེལ,སྲེལ,སྲེལ,,,,KN
སྲེལ,བསྲེལ,བསྲེལ,སྲེལ,TDC,PH,,
སྲོ,བསྲོས,བསྲོ,སྲོས,TDC,,GT,KN
སྲོང,བསྲངས,བསྲང,སྲོངས,TDC,,GT,KN
སྲོས,སྲོས,སྲོས,,TDC,,,
སླ,སླ,སླ,,,PH,,
སླ,བསླས,བསླ,སླས,,,GT,
སླ,བསླས,བསླ,སློས,TDC,PH,,
སླག,བསླགས,གསླག,སླགས,,,GT,
སླང,སླངས,སླང,,,PH,,
སླད,བསླད,བསླད,སླད,,PH,GT,
སླུ,བསླུས,བསླུ,སླུས,TDC,PH,GT,KN
སླེབ,སླེབས,སླེབ,,TDC,PH,,
སླེབ,སླེབས,སླེབ,སླེབས,,,GT,
སླེབ,བསླེབས,བསླེབ,,,,,KN
སླེབ,བསླེབས,བསླེབ,སླེབས,,,GT,
སློག,བསློགས,བསློག,སློགས,TDC,,GT,KN
སློང,བསླངས,བསླང,སློངས,TDC,PH,,KN
སློང༼སླང༽,བསླངས,བསླང,སློངས,,,GT,
སློད,བསླད,བསླད,སློད,TDC,,,KN
སློན,བསླན༼ད༽,བསླན,སློན༼ད༽,,,GT,
སློན,བསླན,བསླན,སློན,TDC,,,KN
སློབ,བསླབས,བསླབ,སློབས,TDC,PH,GT,KN
གསང,གསངས,གསང,གསོངས,TDC,,,KN
གསན,བསན༼ད༽,བསན,གསན༼ད༽,,,GT,
གསན,གསན༼ད༽,གསན,གསོན༼ད༽,,,GT,
གསན,གསན,གསན,གསོན,TDC,PH,,
གསལ,གསལ༼ད༽,གསལ,གསལ༼ད༽,,,GT,
གསལ,གསལ,གསལ,,,PH,,
གསིག,གསིགས༼བསིགས༽,གསིག༼བསིག༽,གསིགས,,,GT,
གསིག,བསིགས,བསིག,སིགས,TDC,,,KN
གསིར,གསིར,གསིར,གསིར,TDC,,,
གསིལ,གསིལ༼ད༽,གསིལ,གསིལ༼ད༽,,,GT,
གསིལ,གསིལ,གསིལ,གསིལ,TDC,PH,,KN
གསིལ,བསིལ,གསིལ,གསིལ,TDC,,,KN
གསུང,གསུངས,གསུང,གསུངས,TDC,PH,GT,KN
གསེ,གསེས,གསེ,གསེས,TDC,,,KN
གསེད,གསེད,གསེད,སེད,,,,KN
གསེད,བསེད,གསེད,སེད,TDC,,,
གསེས,བསེད,གསེད,སེས,,,GT,
གསོ,གསོས,གསོ,གསོས,TDC,PH,,KN
གསོ,བསོས,བསོ,གསོས,TDC,,,
གསོག,བསགས,བསག,སོག,TDC,PH,,KN
གསོག,བསགས,བསག,གསོགས,,,GT,
གསོག,བསོགས,བསོག,སོག,TDC,,,
གསོང,གསངས,གསང,གསོངས,,,GT,
གསོད,བསད,གསད,སོད,TDC,PH,GT,KN
གསོན,གསན,གསན,གསོན,TDC,PH,,KN
གསོན,གསོན༼ད༽,གསོན,གསོན༼ད༽,,,GT,
གསོན,གསོན,གསོན,,TDC,,,
གསོབ,བསབས,བསབ,སོབས,TDC,,,KN
གསོར,གསོར,གསོར,གསོར,TDC,PH,,KN
གསོར,བསར༼ད༽,བསར,གསོར༼ད༽,,,GT,
གསོར,བསར,བསར,གསོར,TDC,PH,,KN
གསོལ,གསོལ,གསོལ,གསོལ,TDC,,,KN
གསོས,བསོས,བསོ,གསོས,,PH,,
གསོས༼འཚོ༽,བསོས,གསོ༼བསོ༽,གསོས,,,GT,
བསང,བསངས,བསང,སོངས,TDC,,,KN
བསིང,བསིངས,བསིང,བསིངས,TDC,,,KN
བསིར,བསིར,བསིར,བསིར,TDC,,,
བསིལ,བསིལ༼ད༽,བསིལ,བསིལ༼ད༽,,,GT,
བསིལ,བསིལ,བསིལ,,,PH,,
བསིལ,བསིལ,བསིལ,བསིལ,TDC,,,KN
བསུ,བསུས,བསུ,བསུས,TDC,PH,GT,KN
ཧང,ཧངས,ཧང,ཧངས,,,GT,
ཧབ,ཧབས,ཧབ,ཧབ,,,GT,
ཧར,ཧར༼ད༽,ཧར,ཧར༼ད༽,,,GT,
ཧས,ཧས,ཧས,ཧས,,,GT,
ཧྲལ,ཧྲལ༼ད༽,ཧྲལ,ཧྲོལ༼ད༽,,,GT,
ཧྲིངས,ཧྲིངས,ཧྲིངས,,TDC,,,
ཧྲུལ,ཧྲུལ༼ད༽,ཧྲུལ,ཧྲུལ༼ད༽,,,GT,
ཧྲེང,ཧྲེངས,ཧྲེང,ཧྲེངས,,,GT,
ཧྲེམ,ཧྲེམས,ཧྲེམ,ཧྲེམས,,,GT,
ལྷག,ལྷག,ལྷག,,TDC,,,
ལྷག,ལྷག,ལྷག,ལྷག,,PH,GT,
ལྷགས,ལྷགས,ལྷགས,,TDC,,,
ལྷགས,ལྷགས,ལྷགས,ལྷགས,,,GT,
ལྷུང,ལྷུངས,ལྷུང,,TDC,,,
ལྷུང,ལྷུངས,ལྷུང,ལྷུངས,,PH,GT,
ལྷོང,ལྷོངས,ལྷོང,,TDC,,,
ལྷོང,ལྷོངས,ལྷོང,ལྷོངས,,,GT,
ལྷོད,ལྷོད,ལྷོད,ལྷོད,TDC,PH,,
ལྷོན,ལྷོན,ལྷོན,,TDC,,,
