ཀློག་པ་,བཀླགས་པ་,བཀླག་པ་,ཀློགས་,TDC,PH,GT,
དཀའ་བ,དཀའ་བ,དཀའ་བ,,TDC,PH,,
དཀུ་བ་,དཀུ་བ་,དཀུ་བ་,,TDC,PH,,
དཀྱུ་བ་,དཀྱུས་པ་,དཀྱུ་བ་,དཀྱུས,TDC,PH,GT,
དཀྱུ་བ་,དཀྱུས་པ་,དཀྱུ་བ་,བཀྱུས་,,,,KN
དཀྲི་བ་,དཀྲིས་པ་,དཀྲི་བ་,དཀྲིས་,TDC,PH,GT,KN
དཀྲིག་པ་,དཀྲིགས་པ་,དཀྲིག་པ་,དཀྲིགས་,,,,KN
དཀྲིག་པ་,དཀྲིགས་པ་,དཀྲིག་པ་,དཀྲིགས་,TDC,PH,GT,
དཀྲུག་པ་,དཀྲུགས་པ་,དཀྲུག་པ་,དཀྲུགས་,TDC,PH,GT,KN
དཀྲུམ་པ་,དཀྲུམས་པ་,དཀྲུམ་པ་,དཀྲུམས་,TDC,PH,GT,
དཀྲོག་པ་,དཀྲོགས་པ་,དཀྲོག་པ་,དཀྲོགས་,TDC,PH,GT,KN
དཀྲོལ་བ་,དཀྲོལ༼ད༽་བ་,དཀྲོལ་བ་,དཀྲོལ༼ད༽་,,,GT,
དཀྲོལ་བ་,དཀྲོལ་བ་,དཀྲོལ་བ་,དཀྲོལ་,TDC,PH,,KN
དཀྲོས་པ,བཀྲོས་པ,བཀྲོས་པ,དཀྲོས,,,GT,
བཀན་པ་,བཀན༼ད༽་པ་,བཀན་པ་,བཀན༼ད༽་,,,GT,
བཀན་པ་,བཀན་པ་,བཀན་པ་,བཀན་,TDC,PH,,KN
བཀུ་བ་,བཀུས་པ་,བཀུ་བ་,བཀུས་,,,,KN
བཀུ་བ་,བཀུས་པ་,བཀུ་བ་,བཀུས་,TDC,PH,,
བཀུར་བ་,བཀུར་བ་,བཀུར་བ་,བཀུར་,TDC,PH,,KN
བཀོང་བ་,བཀོང་བ་,བཀོང་བ་,བཀོང་,TDC,PH,,
བཀོང་བ་,བཀོངས་པ་,བཀོང་བ་,བཀོང་,,,,KN
བཀོན་པ་,བཀོན་པ་,བཀོན་པ་,བཀོན་,,,,KN
བཀོལ་བ་,བཀོལ་བ་,བཀོལ་བ་,བཀོལ་,,,,KN
བཀོལ་བ་,བཀོལ་བ་,བཀོལ་བ་,ཁོལ་,TDC,PH,,
བཀྱོན་པ་,བཀྱོན༼ད༽་པ་,བཀྱོན་པ་,བཀྱོན༼ད༽་,,,GT,
བཀྱོན་པ་,བཀྱོན་པ་,བཀྱོན་པ་,བཀྱོན་,TDC,PH,,KN
བཀྲབ་པ་,བཀྲབས་པ་,བཀྲབ་པ་,བཀྲོབས་,,,,KN
བཀྲབ་པ་,བཀྲབས་པ་,བཀྲབ་པ་,བཀྲོབས་,TDC,PH,,
བཀྲམ་པ་,བཀྲམས་པ་,བཀྲམ་བ་,,TDC,,,
བཀྲལ་བ་,བཀྲལ་བ་,བཀྲལ་བ་,བཀྲོལ་,TDC,PH,,
བཀྲི་བ་,བཀྲིས་པ་,བཀྲི་བ་,བཀྲིས་,TDC,PH,,KN
བཀྲེས་པ་,བཀྲེས་པ་,བཀྲེས་པ,,TDC,PH,,
བཀྲེས་པ་,བཀྲེས་པ་,བཀྲེས་པ,བཀྲེས་,,,GT,
རྐམ་པ་,བརྐམ་པ་,བརྐམ་པ་,,,PH,,
རྐམ་པ་,བརྐམས་པ་,བརྐམ་པ་,རྐམས་,,,GT,
རྐུ་བ་,བརྐུས་པ་,བརྐུ་བ་,རྐུས་,TDC,PH,GT,KN
རྐོ་བ་,བརྐོས་པ་,བརྐོ་བ་,རྐོས་,,,,KN
རྐོ་བ་,བརྐོས་པ་,བརྐོ་བ་,རྐོས་,TDC,PH,GT,
རྐོན་པ་,བརྐོན༼ད༽་པ་,བརྐོན་པ་,རྐོན༼ད༽་,,,GT,
རྐྱལ་བ་,རྐྱལ་བ་,རྐྱལ་བ་,རྐྱོལ་,TDC,PH,,KN
རྐྱོང་བ་,བརྐྱངས་པ་,བརྐྱང་བ་,རྐྱོངས་,,,,KN
རྐྱོང་བ་,བརྐྱངས་པ་,བརྐྱང་བ་,རྐྱོངས་,TDC,PH,GT,
ལྐུག་པ་,ལྐུགས་པ་,ལྐུག་པ་,ལྐུགས,,PH,GT,
ལྐུགས་པ་,ལྐུགས་པ་,ལྐུགས་པ་,,TDC,,,
སྐམ་པ་,བསྐམས་པ་,བསྐམ་པ་,སྐམས་,,,GT,
སྐུ་བ་༼སྐུད་པ་༽,བསྐུས་པ་,བསྐུ་བ་,སྐུས་,,,GT,
སྐུག་པ་,བསྐུགས་པ་,བསྐུག་པ་,སྐུགས་,TDC,PH,,KN
སྐུང་བ་,བསྐུངས་པ་,བསྐུང་བ་,སྐུངས་,,,,KN
སྐུང་བ་,བསྐུངས་པ་,བསྐུང་བ་,སྐུངས་,TDC,PH,GT,
སྐུད་པ་,བསྐུས་པ་,སྐུ་བ་,སྐུས་,,,,KN
སྐུད་པ་,བསྐུས་པ་,བསྐུ་བ་,སྐུས་,TDC,PH,,
སྐུམ་པ་,བསྐུམས་པ་,བསྐུམ་པ་,སྐུམས་,TDC,PH,GT,KN
སྐུར་བ་,བསྐུར༼ད༽་བ་,བསྐུར་བ་,སྐུར༼ད༽་,,,GT,
སྐུར་བ་,བསྐུར་བ་,བསྐུར་བ་,སྐུར་,TDC,PH,,KN
སྐུལ་བ་,བསྐུལ༼ད༽་བ་,བསྐུལ་བ་,སྐུལ༼ད༽་,,,GT,
སྐུལ་བ་,བསྐུལ་བ་,བསྐུལ་བ་,སྐུལ་,TDC,PH,,KN
སྐེམ་པ་,བསྐམས་པ་,བསྐམ་པ་,སྐོམས་,,,,KN
སྐེམ་པ་,བསྐམས་པ་,བསྐམ་པ་,སྐོམས་,TDC,PH,,
སྐེམ་པ་༼སྐམ་པ་༽,བསྐམས་པ་,བསྐམ་པ་,སྐེམས་༼སྐམས་༽,,,GT,
སྐོ་བ་,བསྐོས་པ་,བསྐོ་བ་,སྐོས་,TDC,PH,GT,KN
སྐོང་བ་,བསྐངས་པ་,བསྐང་བ་,སྐོངས་,,,,KN
སྐོང་བ་,བསྐངས་པ་,བསྐང་བ་,སྐོངས་,TDC,PH,GT,
སྐོང་བ་,བསྐོངས་པ་,བསྐོང་བ་,སྐོངས་,TDC,PH,,
སྐོན་པ་,བསྐོན༼ད༽་པ་,བསྐོན་པ་,སྐོན༼ད༽་,,,GT,
སྐོན་པ་,བསྐོན་པ་,སྐོན་པ་,སྐོན་,,,,KN
སྐོན་པ་,བསྐོན་པ་,བསྐོན་པ་,སྐོན་,TDC,PH,,
སྐོམ་པ་,སྐོམས་པ་,སྐོམ་པ་,,TDC,PH,,
སྐོར་བ་,བསྐོར༼ད༽་བ་,བསྐོར་བ་,སྐོར༼ད༽་,,,GT,
སྐོར་བ་,བསྐོར་བ་,སྐོར་བ་,སྐོར་,,,,KN
སྐོར་བ་,བསྐོར་བ་,བསྐོར་བ་,སྐོར་,TDC,PH,,
སྐོལ་བ་,བསྐོལ༼ད༽་བ་,བསྐོལ་བ་,སྐོལ༼ད༽་,,,GT,
སྐོལ་བ་,བསྐོལ་བ་,བསྐོལ་བ་,སྐོལ་,TDC,PH,,
སྐྱ་བ་,བསྐྱས་པ་,བསྐྱ་བ་,སྐྱས,,,GT,
སྐྱ་བ་,བསྐྱས་པ་,བསྐྱ་བ་,སྐྱོས,TDC,PH,,
སྐྱད་པ་,བསྐྱད་པ་,བསྐྱད་པ་,སྐྱད་,,,GT,
སྐྱི་བ་,བསྐྱིས་པ་,བསྐྱི་བ་,སྐྱིས་,TDC,PH,GT,
སྐྱི་བ་,བསྐྱིས་པ་,ལབསྐྱི་བ་,སྐྱིས་,,,,KN
སྐྱིག་པ་,བསྐྱིགས་པ་,བསྐྱིག་པ་,སྐྱིགས་,,,GT,
སྐྱིན་པ་,བསྐྱིན༼ད༽་པ་,བསྐྱིན་པ་,སྐྱིན༼ད༽་,,,GT,
སྐྱིལ་བ་,བསྐྱིལ༼ད༽་བ་,བསྐྱིལ་བ་,སྐྱིལ༼ད༽་,,,GT,
སྐྱིལ་བ་,བསྐྱིལ་བ་,བསྐྱིལ་བ་,སྐྱིལ་,TDC,PH,,KN
སྐྱུག་པ་,སྐྱུགས་པ་,སྐྱུག་པ་,སྐྱུགས་,,,GT,
སྐྱུག་པ་,བསྐྱུགས་པ་,བསྐྱུག་པ་,སྐྱུགས་,TDC,PH,GT,KN
སྐྱུང་བ་,བསྐྱུངས་པ་,བསྐྱུང་བ་,སྐྱུངས་,,,,KN
སྐྱུང་བ་,བསྐྱུངས་པ་,བསྐྱུང་བ་,སྐྱུངས་,TDC,PH,GT,
སྐྱུད་པ་,བསྐྱུད་པ་,བསྐྱུད་པ་,,TDC,,,
སྐྱུད་པ་,བསྐྱུད་པ་,བསྐྱུད་པ་,སྐྱུད་,,PH,GT,KN
སྐྱུར་བ་,བསྐྱུར༼ད༽་བ་,བསྐྱུར་བ་,སྐྱུར༼ད༽་,,,GT,
སྐྱུར་བ་,བསྐྱུར་བ་,བསྐྱུར་བ་,སྐྱུར་,TDC,PH,,KN
སྐྱེ་བ་,སྐྱེས་པ་,སྐྱེ་བ་,,,,,KN
སྐྱེ་བ་,སྐྱེས་པ་,སྐྱེ་བ་,,TDC,,,
སྐྱེ་བ་,སྐྱེས་པ་,སྐྱེ་བ་,སྐྱེས་,,PH,GT,
སྐྱེང་པ་,སྐྱེངས་པ་,སྐྱེང་པ་,སྐྱེངས་,,,GT,
སྐྱེང་པ་,བསྐྱེངས་པ་,བསྐྱེང་པ་,སྐྱེངས་,,,GT,
སྐྱེངས་པ་,སྐྱེངས་པ་,སྐྱེངས་པ་,,TDC,PH,,
སྐྱེད་པ་,བསྐྱེད་པ་,བསྐྱེད་པ་,སྐྱེད་,,,,KN
སྐྱེད་པ་,བསྐྱེདཔ་,བསྐྱེད་པ་,སྐྱེད་,TDC,PH,GT,
སྐྱེལ་བ་,བསྐྱལ༼ད༽་བ་,བསྐལ་བ་,སྐྱོལད་༼སྐྱོལ་༽,,,GT,
སྐྱེལ་བ་,བསྐྱལ་བ་,བསྐལ་བ་,སྐྱོལ་,TDC,PH,,
སྐྱེལ་བ་,བསྐྱལ་བ་,བསྐྱལ་བ་,སྐྱོལ་,,,,KN
སྐྱོ་བ་,སྐྱོ་བ་,སྐྱོ་བ་,,TDC,PH,,
སྐྱོ་བ་,སྐྱོ་བ་,སྐྱོ་བ་,སྐྱོ་,,,GT,
སྐྱོག་པ་,བསྐྱོགས་པ་,བསྐྱོག་པ་,སྐྱོགས་,TDC,PH,GT,
སྐྱོང་བ་,བསྐྱངས་པ་,བསྐྱང་བ་,སྐྱོངས་,TDC,PH,GT,KN
སྐྱོད་པ་,བསྐྱོད་པ་,བསྐྱོད་པ་,,TDC,,,
སྐྱོད་པ་,བསྐྱོད་པ་,བསྐྱོད་པ་,སྐྱོད་,TDC,PH,GT,KN
སྐྱོན་པ་,སྐྱོན༼ད༽་པ་,སྐྱོན་པ་,སྐྱོན༼ད༽་,,,GT,
སྐྱོན་པ་,བསྐྱོན༼ད༽་པ་,བསྐྱོན་པ་,སྐྱོན༼ད༽་,,,GT,
སྐྱོན་པ་,བསྐྱོན་པ་,བསྐྱོན་པ་,སྐྱོན་,TDC,PH,,
སྐྱོན་པ་,བསྐྱོན་པ་,ལབསྐྱོན་པ་,སྐྱོན་,,,,KN
སྐྱོབ་པ་,བསྐྱབས་པ་,བསྐྱབ་པ་,སྐྱོབས་,TDC,PH,GT,KN
སྐྱོམ་པ་,བསྐྱམས་པ་,བསྐྱམ་པ་,སྐྱོམས་,,,,KN
སྐྱོམ་པ་,བསྐྱམས་པ་,བསྐྱམ་པ་,སྐྱོམས་,TDC,PH,GT,
སྐྱོར་བ་,བསྐྱར༼ད༽་བ་,བསྐྱར་བ་,སྐྱོར༼ད༽་,,,GT,
སྐྱོར་བ་,བསྐྱར་བ་,བསྐྱར་བ་,སྐྱོར་,TDC,PH,,KN
སྐྱོར་བ་,བསྐྱོར༼ད༽་བ་,བསྐྱོར་བ་,སྐྱོར༼ད༽་,,,GT,
སྐྱོར་བ་,བསྐྱོར་བ་,བསྐྱོར་བ་,སྐྱོར་,TDC,PH,,
སྐྲག་པ་,སྐྲག་པ་,སྒྲག་པ་,,TDC,,,
སྐྲག་པ་,སྐྲགས་པ་,སྒྲག་པ་,སྐྲགས་,,PH,GT,
སྐྲང་བ་,སྐྲངས་པ་,སྐྲང་བ་,,TDC,,,KN
སྐྲང་བ་,སྐྲངས་པ་,སྐྲང་བ་,སྐྲངས་,,PH,GT,
སྐྲང་བ་,བསྐྲངས་པ་,བསྐྲང་བ་,སྐྲངས་,,,GT,
སྐྲབ་པ,བསྐྲབས་པ,བསྐྲབ་པ,སྐྲབས་,,PH,GT,
སྐྲུ་བ་,བསྐྲུས་པ་,བསྐྲུ་བ་,སྐྲུས་,TDC,PH,GT,KN
སྐྲུན་པ་,བསྐྲུན༼ད༽་པ་,བསྐྲུན་པ་,སྐྲུན༼ད༽་,,,GT,
སྐྲུན་པ་,བསྐྲུན་པ་,བསྐྲུན་པ་,སྐྲུན་,TDC,PH,,KN
སྐྲོག་པ་,བསྐྲོགས་པ་,བསྐྲོག་པ་,སྐྲོགས་,TDC,PH,,
སྐྲོད་པ་,བསྐྲད་པ་,བསྐྲད་པ་,སྐྲོད་,TDC,PH,GT,KN
སྐྲོལ་བ་,བསྐྲོལ༼ད༽་བ་,བསྐྲོལ་བ་,སྐྲོལ༼ད༽་,,,GT,
བརྐམ་པ་,བརྐམ་པ་,བརྐམ་པ་,,TDC,PH,,
བསྐལ་བ་,བསྐལ་བ་,བསྐལ་བ་,,TDC,PH,,
ཁུག་པ་,ཁུགས་པ་,ཁུག་པ་,,TDC,PH,,
ཁེག་པ་,ཁེགས་པ་,ཁེག་པ་,,TDC,PH,,
ཁེང་བ་,ཁེངས་པ་,ཁེང་བ་,,TDC,,,KN
ཁེང་བ་,ཁེངས་པ་,ཁེང་བ་,ཁེངས,,PH,GT,
ཁེབས་པ་,ཁེབས་པ་,ཁེབས་པ་,,TDC,PH,,
ཁོམ་པ་,ཁོམ་པ་,ཁོམ་པ་,,TDC,PH,,
ཁྱག་པ་,ཁྱག་པ་,ཁྱག་པ་,ཁྱག,TDC,PH,,
ཁྱག་པ་,ཁྱགས་པ་,ཁྱག་པ་,ཁྱགས,TDC,PH,GT,
ཁྱབ་པ་,ཁྱབ་པ་,ཁྱབ་པ་,,TDC,,,
ཁྱབ་པ་,ཁྱབ་པ་,ཁྱབ་པ་,ཁྱབ་,,PH,GT,KN
ཁྱུར་བ་,འཁྱུར༼ད༽་བ་,འཁྱུར་བ་,ཁྱུར༼ད༽་,,,GT,
ཁྱོག་པ་,ཁྱོག་པ་,ཁྱོག་པ་,,TDC,PH,,
ཁྲེམས་པ་,ཁྲེམས་པ་,ཁྲེམས་པ་,,TDC,PH,,
ཁྲེལ་བ་,ཁྲེལ་བ་,ཁྲེལ་བ་,,TDC,PH,,
ཁྲོ་བ་,ཁྲོས་པ་,ཁྲོ་བ་,,TDC,PH,,
ཁྲོ་བ་,ཁྲོས་པ་,ཁྲོ་བ་,ཁྲོས་,,,GT,KN
མཁས་པ་,མཁས་པ་,མཁས་པ་,,TDC,,,
མཁས་པ་,མཁས་པ་,མཁས་པ་,མཁས་,,PH,GT,KN
མཁོ་བ་,མཁོ་བ་,མཁོ་བ་,,TDC,,,
མཁོ་བ་,མཁོ་བ་,མཁོ་བ་,མཁོ་,,PH,GT,
མཁྱུད་པ་,མཁྱུད་པ་,མཁྱུད་པ་,མཁྱུད་,TDC,PH,GT,KN
མཁྱེན་པ་,མཁྱེན༼ད༽་པ་,མཁྱེན་པ་,མཁྱེན༼ད༽་,,,GT,
མཁྱེན་པ་,མཁྱེན་པ་,མཁྱེན་པ་,མཁྱེན་,TDC,PH,,KN
འཁང་བ་,འཁངས་པ་,འཁང་བ་,,TDC,,,
འཁང་བ་,འཁངས་པ་,འཁང་བ་,འཁངས་,,PH,GT,KN
འཁམ་པ་,འཁམས་པ,འཁམ་པ་,འཁམས་,,PH,GT,
འཁམས་པ་,འཁམས་པ,་འཁམས་པ་,,TDC,,,
འཁར་བ་,འཁར༼ད༽་བ་,འཁར་བ་,འཁར༼ད༽་,,,GT,
འཁར་བ་,འཁར་བ་,འཁར་བ་,,TDC,,,
འཁར་བ་,འཁར་བ་,འཁར་བ་,འཁར་,,PH,,
འཁལ་བ་,བཀལ་བ་,བཀལ་བ་,ཁོལ་,,,,KN
འཁལ་བ་,བཀལ་བ་,བཀལ་བ་,འཁལ,,PH,,
འཁལ་བ་,བཀལ་བ་,བཀལ་བ་,འཁལ༼ད༽,,,GT,
འཁལ་བ་,བཀལ་བ་,བཀལ་བ་,འཁོལ,TDC,,,
འཁུ་བ་,འཁུ་བ་,འཁུ་བ་,,TDC,,,
འཁུ་བ་,འཁུ་བ་,འཁུ་བ་,འཁུ་བ་,,PH,GT,
འཁུ་བ་,འཁུས་པ་,འཁུ་བ་,འཁུ་,,,,KN
འཁུགས་པ་,ཁུག་པ་,འཁུག་པ་,ཁུགས་,,,GT,
འཁུན་པ་,ཁུན༼ད༽་པ་,ཁུན་པ་,འཁུན༼ད༽་,,,GT,
འཁུན་པ་,འཁུན་པ་,འཁུན་པ་,,TDC,PH,,KN
འཁུམ་པ་,ཁུམས་པ་,ཁུམ་པ་,ཁུམས་,,,GT,
འཁུམ་པ་,འཁུམས་པ་,འཁུམ་པ་,,TDC,,,
འཁུམ་པ་,འཁུམས་པ་,འཁུམ་པ་,འཁུམས,,PH,GT,
འཁུམས་པ་,འཁུམས་པ་,འཁུམས་པ་,འཁུམས་,,,,KN
འཁུར་བ་,བཀུར༼ད༽་བ་,བཀུར་བ་,ཁུར༼ད༽་,,,GT,
འཁུར་བ་,ཁུར་བ་,འཁུར་བ་,ཁུར་,TDC,PH,,KN
འཁུལ་བ་,འཁུལ༼ད༽་བ་,འཁུལ་བ་,འཁུལ༼ད༽་,,,GT,
འཁུལ་བ་,འཁུལ་བ་,འཁུལ་བ་,,TDC,,,
འཁུལ་བ་,འཁུལ་བ་,འཁུལ་བ་,འཁུལ་,,PH,,
འཁུས་པ་,བཀུས་པ་,བཀུ་བ་,ཁུས་,,,GT,
འཁེང་བ་,འཁེངས་པ་,འཁེང་བ,,TDC,PH,,
འཁེབ་པ,ཁེབས་པ,འཁེབ་པ,ཁེབས་,,PH,,
འཁེབས་པ,ཁེབ་པ,འཁེབ་པ,ཁེབས་,,,GT,
འཁེལ༼ད༽་བ་,ཁེལ་བ་,འཁེལ་བ་,ཁེལ༼ད༽་,,,GT,
འཁེལ་བ་,ཁེལ་བ་,འཁེལ་བ་,,TDC,,,
འཁེལ་བ་,ཁེལ་བ་,འཁེལ་བ་,ཁེལ་,,PH,,
འཁོད་པ་,ཁོད་པ་,འཁོད་པ་,ཁོད་,,,GT,
འཁོད་པ་,འཁོད་པ་,འཁོད་པ་,,TDC,,,
འཁོད་པ་,འཁོད་པ་,འཁོད་པ་,ཁོད་,,PH,,
འཁོད་པ་,འཁོད་པ་,འཁོད་པ་,འཁོད་,,,,KN
འཁོན༼ད༽་པ་,བཀོན༼ད༽་པ་,བཀོན་པ་,ཁོན༼ད༽་,,,GT,
འཁོན་པ་,ཁོན་པ་,འཁོན་པ་,ཁོན༼ད༽་,,,GT,
འཁོན་པ་,འཁོན་པ་,འཁོན་པ་,,TDC,PH,,
འཁོན་པ་,འཁོན་པ་,འཁོན་པ་,འཁོན་,,,,KN
འཁོབ་པ་,འཁོབ་པ་,འཁོབ་པ་,,TDC,PH,,
འཁོམས་པ་,ཁོམ་པ་,འཁོམ་པ་,ཁོམས་,,,GT,
འཁོར་བ་,འཁོར༼ད༽་བ་,འཁོར་བ་,འཁོར༼ད༽་,,,GT,
འཁོར་བ་,འཁོར་བ་,འཁོར་བ་,,TDC,,,
འཁོར་བ་,འཁོར་བ་,འཁོར་བ་,འཁོར་,,PH,,
འཁོལ༼ད༽་བ་,བཀོལ༼ད༽་བ་,བཀོལ་བ་,ཁོལ༼ད༽་,,,GT,
འཁོལ་བ་,བཀོལ་བ་,བཀོལ་བ་,ཁོལ་,TDC,PH,,
འཁོལ་བ་,ཁོལ་བ་,འཁོལ་བ་,,TDC,PH,,
འཁོལ་བ་,ཁོལ་བ་,འཁོལ་བ་,ཁོལ༼ད༽་,,,GT,
འཁྱག་པ་,འཁྱགས་པ་,འཁྱག་པ་,,TDC,,,
འཁྱག་པ་,འཁྱགས་པ་,འཁྱག་པ་,འཁྱགས་,,PH,GT,
འཁྱམ་པ་,འཁྱམས་པ་,འཁྱམ་པ་,འཁྱམས་,,,GT,
འཁྱམ་པ་,འཁྱམས་པ་,འཁྱམ་པ་,འཁྱོམས་,TDC,PH,,KN
འཁྱར༼ད༽་བ་,ཁྱར་བ་,འཁྱར་བ་,འཁྱར༼ད༽་,,,GT,
འཁྱར་བ་,འཁྱར་བ་,འཁྱར་བ་,,TDC,PH,,
འཁྱར་བ་,འཁྱར་བ་,འཁྱར་བ་,འཁྱར་,,,,KN
འཁྱལ༼ད༽་བ་,ཁྱལ་བ་,འཁྱལ་བ་,ཁྱལ༼ད༽་,,,GT,
འཁྱལ་བ་,བཀྱལ༼ད༽་བ་,བཀྱལ་བ་,འཁྱལ༼ད༽་,,,GT,
འཁྱལ་བ་,འཁྱལ་བ་,འཁྱལ་བ་,,TDC,PH,,
འཁྱིག་པ་,བཀྱིགས་པ་,བཀྱིག་པ་,ཁྱིགས་,TDC,,,KN
འཁྱིག་པ་,བཀྱིགས་པ་,བཀྱིག་པ་,འཁྱིགས་,,PH,GT,
འཁྱིམས་པ་,འཁྱིམས་པ་,འཁྱིམས་པ་,,,,,KN
འཁྱིར༼ད༽་བ་,ཁྱིར་བ་,འཁྱིར་བ་,ཁྱིར༼ད༽་,,,GT,
འཁྱིར་བ་,འཁྱིར་བ་,འཁྱིར་བ་,,TDC,PH,,
འཁྱིར་བ་,འཁྱིར་བ་,འཁྱིར་བ་,འཁྱིར་,,,,KN
འཁྱིལ༼ད༽་བ་,ཁྱིལ་བ་,འཁྱིལ་བ་,ཁྱིལ༼ད༽་,,,GT,
འཁྱིལ་བ་,འཁྱིལ་བ་,འཁྱིལ་བ་,,TDC,PH,,KN
འཁྱུག་པ་,འཁྱུགས་པ་,འཁྱུག་པ,,TDC,PH,,
འཁྱུག་པ་,འཁྱུགས་པ་,འཁྱུག་པ་,འཁྱུག་,,,,KN
འཁྱུགས་པ་,ཁྱུག་པ་,འཁྱུག་པ,ཁྱུགས་,,,GT,
འཁྱུད་པ་,ཁྱུད་པ་,འཁྱུད་པ་,ཁྱུད་,,,GT,
འཁྱུད་པ་,ཁྱུད་པ་༼འཁྱུད་པ་༽,འཁྱུད་པ་,ཁྱུད་,,PH,,
འཁྱུད་པ་,འཁྱུད་པ་,འཁྱུད་པ་,འཁྱུད་,TDC,,,KN
འཁྱུར་བ་,འཁྱུར་བ་,འཁྱུར་བ་,,TDC,PH,,
འཁྱུས་པ་,ཁྱུས་པ་,འཁྱུ་པ་,ཁྱུས་,,,GT,
འཁྱུས་པ་,འཁྱུས་པ་,འཁྱུས་པ་,,TDC,PH,,
འཁྱེར་བ་,ཁྱེར་བ་,འཁྱེར་བ་,ཁྱེར་,TDC,PH,,KN
འཁྱེར་བ་,ཁྱེརད་པ་,ཁྱེར་བ་,འཁྱེར༼ད༽་,,,GT,
འཁྱོག་པ་,འཁྱོགས་པ་,འཁྱོག་པ་,,TDC,PH,,
འཁྱོག་པ་,འཁྱོགས་པ་,འཁྱོག་པ་,འཁྱོགས་,,,GT,
འཁྱོང་བ་,འཁྱོངས་པ་,འཁྱོང་བ་,,TDC,PH,,
འཁྱོང་བ་,འཁྱོངས་པ་,འཁྱོང་བ་,འཁྱོངས་,,,,KN
འཁྱོངས་པ་,ཁྱོང་པ་,འཁྱོང་བ་,ཁྱོངས,,,GT,
འཁྱོམ་པ་,འཁྱོམས་པ་,འཁྱོམ་པ་,,TDC,PH,,KN
འཁྱོར༼ད༽་བ་,ཁྱོར་བ་,འཁྱོར་བ་,ཁོར༼ད༽་,,,GT,
འཁྱོར་བ་,འཁྱོར་བ་,འཁྱོར་བ་,,TDC,PH,,
འཁྱོར་བ་,འཁྱོར་བ་,འཁྱོར་བ་,འཁྱོར་,,,,KN
འཁྱོལ༼ད༽་བ་,ཁྱོལ་བ་,འཁྱོལ་བ་,ཁྱོལ༼ད༽་,,,GT,
འཁྱོལ་བ་,འཁྱོལ་བ་,འཁྱོལ་བ་,,TDC,PH,,
འཁྱོལ་བ་,འཁྱོལ་བ་,འཁྱོལ་བ་,འཁྱོལ་,,,,KN
འཁྲ་བ་,འཁྲས་པ་,འཁྲ་བ་,,TDC,PH,,
འཁྲ་བ་,འཁྲས་པ་,འཁྲ་བ་,འཁྲས་,,,GT,KN
འཁྲབ་པ་,བཀྲབས་པ་,བཀྲབ་པ་,འཁྲབས་,,,GT,
འཁྲབ་པ་,འཁྲབས་པ་,འཁྲབ་པ་,འཁྲོབས་,TDC,PH,,KN
འཁྲི་བ་,འཁྲིས་པ་,འཁྲི་བ་,,TDC,PH,,
འཁྲིག་པ་,འཁྲིག་པ་,འཁྲིག་པ་,འཁྲིག་,,,,KN
འཁྲིག་པ་,འཁྲིགས་པ་,འཁྲིག་པ་,ཁྲིགས་,,,,KN
འཁྲིག་པ་,འཁྲིགས་པ་,འཁྲིག་པ་,འཁྲིགས་,,PH,GT,
འཁྲིགས་པ་,འཁྲིགས་པ་,འཁྲིགས་པ་,,TDC,,,
འཁྲིད་པ་,བཀྲིས་པ་,བཀྲི་པ་,ཁྲིད་,,,GT,
འཁྲིད་པ་,ཁྲིད་པ་,ཁྲིད་པ་,ཁྲིད་,,,GT,
འཁྲིད་པ་,ཁྲིད་པ་,འཁྲིད་པ་,ཁྲིད་,TDC,PH,,KN
འཁྲིལ༼ད༽་བ་,ཁྲིལ་བ་,འཁྲིལ་བ་,ཁྲིལ༼ད༽་,,,GT,
འཁྲིལ་བ་,འཁྲིལ་བ་,འཁྲིལ་བ་,,TDC,PH,,
འཁྲིལ་བ་,འཁྲིལ་བ་,འཁྲིལ་བ་,འཁྲིལ་,,,,KN
འཁྲུ་བ་,ཁྲུས་པ་,འཁྲུ་བ་,,,PH,,
འཁྲུ་བ་,ཁྲུས་པ་,འཁྲུ་བ་,ཁྲུས་,,,GT,
འཁྲུ་བ་,འཁྲུས་པ་,འཁྲུ་བ་,,TDC,,,
འཁྲུག་པ་,འཁྲུགས་པ་,འཁྲུག་པ,,TDC,PH,,
འཁྲུག་པ་,འཁྲུགས་པ་,འཁྲུག་པ,འཁྲུགས་,,,GT,
འཁྲུག་པ་,འཁྲུགས་པ་,འཁྲུག་པ་,,,,,KN
འཁྲུང་བ་,འཁྲུངས་པ་,འཁྲུང་བ་,,TDC,PH,,KN
འཁྲུང་བ་,འཁྲུངས་པ་,འཁྲུང་བ་,འཁྲུངས་,,,GT,
འཁྲུད་པ་,བཀྲུས་པ་,བཀྲུ་བ་,ཁྲུས་,TDC,PH,GT,KN
འཁྲུལ་བ་,འཁྲུལ༼ད༽་བ་,འཁྲུལ་བ་,འཁྲུལ༼ད༽་,,,GT,
འཁྲུལ་བ་,འཁྲུལ་བ་,འཁྲུལ་བ་,,TDC,PH,,KN
འཁྲེན༼ད༽་པ,ཁྲེན་པ,འཁྲེན་པ,ཁྲེན༼ད༽་,,,GT,
འཁྲེན་པ,ཁྲེན་པ,འཁྲེན་པ,,,PH,,
འཁྲེན་པ་,འཁྲེན་པ་,འཁྲེན་པ་,འཁྲེན་,,,,KN
འཁྲེབ་པ་,འཁྲེབས་པ་,འཁྲེབ་པ,,TDC,PH,,
འཁྲེལ༼ད༽་བ་,ཁྲེལ་བ་,འཁྲེལ་བ་,ཁྲེལ༼ད༽་,,,GT,
འཁྲོག་པ་,འཁྲོགས་པ་,འཁྲོག་པ,,TDC,PH,,
འཁྲོལ་བ་,འཁྲོལ༼ད༽་བ་,འཁྲོལ་བ་,འཁྲོལ༼ད༽་,,,GT,
འཁྲོལ་བ་,འཁྲོལ་བ་,འཁྲོལ་བ་,,TDC,PH,,
གང་བ་,གང་བ་,གང་བ་,,TDC,PH,,
གབ་པ་,གབ་པ་,གབ་པ་,,,PH,,
གབ་པ་,གབ་པ་,གབ་པ་,གོབ་,TDC,,,
གལ་བ་,གལ༼ད༽་བ་,གལ་བ་,གལ༼ད༽་,,,GT,
གུག་པ་,གུག་པ་,གུག་པ་,,TDC,PH,,
གུད་པ་,གུད་པ་,གུདཔ་,,TDC,PH,,
གུས་པ་,གུས་པ་,གུས་པ,,TDC,PH,,
གུས་པ་,གུས་པ་,གུས་པ,གུས་,,,GT,
གོ་བ་,གོ་བ་,གོ་བ་,,TDC,PH,,KN
གོ་བ་,གོ་བ་,གོ་བ་,གོ་,,,GT,
གོག་པ་,གོག་པ,གོག་པ་,,TDC,PH,,
གོག་པ་,གོག་པ,གོག་པ་,གོག་,,,GT,
གོད་པ་,གོད་པ,གོད་པ་,,TDC,PH,,
གོན་པ་,གོན༼ད༽་པ་,གོན་པ་,གོན༼ད༽་,,,GT,
གོམས་པ་,གོམས་པ་,གོམས་པ་,,TDC,PH,,KN
གོམས་པ་,གོམས་པ་,གོམས་པ་,གོམས་,,,GT,
གོལ་བ་,གོལ་བ་,གོལ་བ་,,TDC,PH,,
གྱར་བ་,གྱར་བ་,གྱར་བ་,,TDC,PH,,
གྱེར་བ་,གྱེར་བ་,གྱེར་བ་,གྱེར་,TDC,PH,,
གྱོན་པ་,གྱོན་པ་,གྱོན་པ་,གྱོན་,TDC,PH,,KN
གྲག་པ་,གྲག་པ་,གྲག་པ་,,TDC,PH,,
གྲག་པ་,གྲག་པ་,གྲག་པ་,གྲག་,,,GT,
གྲགས་པ་,གྲགས་པ་,གྲགས་པ་,,TDC,PH,,KN
གྲགས་པ་,གྲགས་པ་,གྲགས་པ་,གྲགས་,,,GT,
གྲབས་པ་,གྲབས་པ་,གྲབས་པ་,གྲབས་,,,,KN
གྲམ་པ་,གྲམ་པ་,གྲམ་པ་,,TDC,PH,,
གྲིམ་པ་,གྲིམ་པ་,གྲིམ་པ་,,TDC,,,
གྲིམ་པ་,གྲིམས་པ་,གྲིམ་པ་,,,PH,,
གྲུག་པ་,གྲུགས་པ་,གྲུག་པ་,,TDC,PH,,KN
གྲུམ་པ་,གྲུམས་པ་,གྲུམ་པ་,,TDC,,,
གྲོལ་བ་,གྲོལ་བ་,གྲོལ་བ་,,TDC,,,
གྲོལ་བ་,གྲོལ་བ་,གྲོལ་བ་,གྲོལ་,,,,KN
གླ་བ་,གླས་པ་,གླ་བ་,གླས་,TDC,,GT,
གླ་བ་,གླས་པ་,གླ་བ་,གློས་,TDC,,,KN
གླན་པ་,གླན༼ད༽་པ་,གླན་པ་,གླན༼ད༽་,,,GT,
གླན་པ་,གླན་པ་,གླན་པ་,གློན་,,,,KN
གླལ་བ་,གླལ༼ད༽་བ་,གླལ་བ་,གླལ༼ད༽་,,,GT,
གླལ་བ་,གླལ་བ་,གླལ་བ་,,TDC,,,
གླེང་བ་,གླེངས་པ་,གླེང་བ་,གླེངས་,TDC,,GT,KN
གླེབ་པ་,གླེབས་པ་,གླེབ་པ་,གླེབས་,,,,KN
གླེབ་པ་,གླེབས་པ་,གླེབ་པ་,གླེབས་,TDC,,GT,
གླེམ་པ་,གླེམས་པ་,གླེམ་པ་,གླེམས་,,,GT,
གློད་པ་,གློད་པ་,གློད་པ་,གློད་,TDC,,GT,KN
གློན་པ་,གླན་པ་,གླན་པ་,གློན་,,,,KN
གློན་པ་,གླན་པ་,གླན་པ་,གློན་,TDC,,,
དགའ་བ་,དགའ་བ་,དགའ་བ་,,TDC,,,KN
དགའ་བ་,དགའ་བ་,དགའ་བ་,དགའ་,,PH,GT,
དགར་བ་,བཀར་བ་,དགར་བ་,ཁོར་,TDC,,,KN
དགར་བ་,བཀར་བ་,དགར་བ་,དགར༼ད༽་,,,GT,
དགས་པ་,བཀས་པ་,དགས་པ་,དགས་,,,GT,
དགུ་བ་,དགུ་བ་,དགུ་བ་,,TDC,,,
དགུ་བ་,དགུ་བ་,དགུ་བ་,དགུ་,,,GT,
དགེས་པ་,དགེས་པ་,དགེས་པ་,དགེས་,,,GT,
དགོགས་པ་,བཀོག་པ་,དགོག་པ་,ཁོག་,,,GT,
དགོགས་པ་,གོགས་པ་,དགོག་པ་,གོགས་,,,GT,
དགོངས་པ་,དགོངས་པ་,དགོངས་པ་,དགོངས་,TDC,PH,GT,KN
དགོད་པ་,བགད་པ་,བགད་པ་,དགོད་,,,,KN
དགོད་པ་,བགད་པ་,བགད་པ་,དགོད་,TDC,,GT,
དགོས་པ་,དགོས་པ་,དགོས་པ་,,TDC,,,
དགོས་པ་,དགོས་པ་,དགོས་པ་,དགོས་,,PH,GT,
དགྱེ་བ་,གྱེ་བ་,དགྱེ་བ་,དགྱེ་,,,GT,
དགྱེ་བ་,དགྱེ་བ་,དགྱེ་བ་,,TDC,,,
དགྱེད་པ་,དགྱེད་པ་,དགྱེད་པ་,,TDC,,,
དགྱེར་བ་,བགྱེར༼ད༽་བ་,བགྱེར་བ་,དགྱེར༼ད༽་,,,GT,
དགྱེར་བ་,བགྱེར་བ་,བགྱེར་བ་,དགྱེར་,,PH,,
དགྱེས་པ་,དགྱེས་པ,དགྱེས་པ་,,TDC,,,
དགྱེས་པ་,དགྱེས་པ,དགྱེས་པ་,དགྱེས་,,PH,GT,
དགྱེས་པ་,དགྱེས་པ་,དགྱེས་པ་,དགྱེས་,,,,KN
དགྲད་པ་,དགྲད་པ་,དགྲད་པ་,གྲད་,,,,KN
དགྲོང་བ་,བཀྲོངས་པ་,བཀྲོང་བ,དགྲོངས་,,,GT,
དགྲོང་བ་,བཀྲོངས་པ་,དགྲོང་བ,དགྲོངས་,TDC,,,
བགག་པ་,བགགས་པ་,བགག་པ་,བགོགས་,TDC,,,
བགམ་པ་,བགམ་པ་,བགམ་པ་,བགོམ་,TDC,,,KN
བགམ་པ་,བགམས་པ་,བགམ་པ་,བགམས་,,,GT,
བགོ་བ་,བགོས་པ་,བགོ་བ་,བགོས་,TDC,PH,GT,
བགོད་པ་,བགོས་པ་,བགོ་བ་,བགོད་,,,GT,
བགོད་པ་,བགོས་པ་,བགོ་བ་,བགོས་,TDC,,,KN
བགོར་བ་,བགོར་བ་,བགོར་བ་,བགོར་,TDC,,,
བགྱང་བ་,བགྱངས་པ་,བགྱང་བ་,བགྱོངས་,TDC,,,
བགྱིད་པ་,བགྱིས་པ་,བགྱི་བ་,གྱིས་,TDC,PH,GT,KN
བགྲང་བ་,བགྲངས་པ་,བགྲང་བ་,བགྲོངས་,TDC,PH,,
བགྲད་པ་,བགྲད་པ་,བགྲད་པ་,དགྲོད་,,,,KN
བགྲད་པ་,བགྲད་པ་,བགྲད་པ་,བགྲོད་,TDC,,,
བགྲིལ་བ་,བགྲིལ་བ་,བགྲིལ་བ་,བགྲིལ་,TDC,,,KN
བགྲུ་བ་,བགྲུས་པ་,བགྲུ་བ་,བགྲུས་,,,,KN
བགྲུ་བ་,བགྲུས་པ་,བགྲུ་བ་,བགྲུས་,TDC,,,
བགྲུང་བ་,བགྲུངས་པ་,བགྲུང་བ་,བགྲུངས་,TDC,,,KN
བགྲུད་པ་,བགྲུས་པ་,བགྲུ་བ་,བགྲུད་,,,GT,
བགྲེ་པ་,བགྲེས་པ་,བགྲེ་པ་,བགྲེས་,,,GT,
བགྲེས་པ་,བགྲེས་པ་,བགྲེས་པ་,,TDC,,,
བགྲོ་བ་,བགྲོད་པ་,བགྲོ་བ་,བགྲོད་,,,,KN
བགྲོ་བ་,བགྲོས་པ་,བགྲོ་བ་,བགྲོས་,TDC,,GT,
བགྲོང་བ་,བགྲང་བ་,བགྲང་བ་,བགྲངས་,,,,KN
བགྲོད་པ་,བགྲོད་པ་,བགྲོད་པ་,བགྲོད་,TDC,PH,,KN
བགྲོད་པ་༼འགྲོད་པ༽,བགྲོད་པ་,བགྲོད་པ་,བགྲོད་,,,GT,
མགར་བ་,མགར་བ་,མགར་བ་,མགོར་,TDC,,,
མགུ་བ་,མགུ་བ་,མགུ་བ་,,TDC,,,KN
མགུ་བ་,མགུ་བ་,མགུ་བ་,མགུ་,,,GT,
འགག་པ་,འགགས་པ་,འགག་པ་,,TDC,PH,,
འགག་པ་,འགགས་པ་,འགག་པ་,འགགས་,,,GT,
འགང་བ་,གང་བ་,འགང་བ་,གང་,,,GT,
འགད་པ་,བཀད་པ་,དགད་པ་,ཁོད་,TDC,,,
འགབས་པ་,གབ་པ་,འགབ་པ་,གབས་,,,GT,
འགམ་པ་,བགམ་པ་,དགམ་པ་,འགམས་,,,GT,
འགམ་པ་,འགམས་པ་,འགམ་པ་,འགོམས་,TDC,,,KN
འགལ་བ་,འགལ༼ད༽་བ་,འགལ་བ་,འགལ༼ད༽་,,,GT,
འགལ་བ་,འགལ་བ་,འགལ་བ་,,TDC,,,KN
འགལ་བ་,འགལ་བ་,འགལ་བ་,འགལ་,,PH,,
འགས་པ་,བཀས་པ་,དགས་པ་,ཁོས་,TDC,PH,,KN
འགས་པ་,གས་པ་,འགས་པ་,,TDC,PH,,
འགས་པ་,གས་པ་,འགས་པ་,གས་,,,GT,
འགུག་པ་,གུག་པ་,འགུག་པ་,གུགས་,,,GT,
འགུགས་པ་,བཀུག་པ་,དགུག་པ་,ཁུག་,TDC,,,KN
འགུགས་པ་,བཀུག་པ་,དགུག་པ་,ཁུགས་,,PH,GT,
འགུད་པ་,གུད་པ་,གུད་པ་,གུད་,,,GT,
འགུམ་པ་,གུམ་པ་,འགུམ་པ་,,TDC,,,
འགུམ་པ་,གུམ་པ་,འགུམ་པ་,གུམས་,,PH,GT,
འགུམས་པ་,བཀུམ་པ་,དགུམ་པ་,འགུམས་,,,GT,
འགུམས་པ་,བཀུམས་པ་,དགུམ་པ་,ཁུམས་,TDC,,,KN
འགུལ་བ་,འགུལ༼ད༽་བ་,འགུལ་བ་,འགུལ༼ད༽་,,,GT,
འགུལ་བ་,འགུལ་བ་,འགུལ་བ་,,TDC,PH,,KN
འགེངས་པ་,བཀང་བ་,དགང་བ་,ཁེང་,,,,KN
འགེངས་པ་,བཀང་བ་,དགང་བ་,ཁོང་,TDC,,,
འགེངས་པ་,བཀང་བ་,དགང་བ་,འགེངས་,,PH,,
འགེངས་པ་༼འགེང་བ་༽,བཀང་བ་,དགང་བ་,འགེངས་,,,GT,
འགེབས་པ་,བཀབ་པ་,དགབ་པ་,ཁོབ་,TDC,PH,,KN
འགེབས་པ་༼འགེབ་པ་༽,བཀབ་པ་,དགབ་པ་,ཁོབ་,,,GT,
འགེམས་པ་,འགེམས་པ་,འགེམས་པ་,འགེམས་,TDC,,,
འགེལ་བ་,བཀལ་བ་,དགལ་བ་,ཁོལ་,TDC,,,KN
འགེལ་བ་,བཀལ་བ་,དགལ་བ་,འགེལ༼ད༽་,,,GT,
འགེལ་བ་,བཀལ་བ་,དགལ་བ་,འགེལ་༼ཁོལ་༽,,PH,,
འགོ་བ་,གོས་པ་,འགོ་བ་,,TDC,,,
འགོ་བ་,འགོས་པ་,འགོ་བ་,,,,,KN
འགོ་བ་,འགོས་པ་,འགོ་བ་,འགོས་,,,GT,
འགོག་པ་,བཀག་པ་,དགག་པ་,ཁོག་,TDC,PH,,KN
འགོག་པ་,བཀག་པ་,དགག་པ་,ཁོགས་,,,GT,
འགོག་པ་,བཀོག་པ་,དགོག་པ་,ཁོག་,TDC,,,KN
འགོག་པ་,བགོགས་པ་༼བཀག་པ་༽,བགག་པ་,ཁོགས་,,,GT,
འགོག་པ་,འགགས་པ་,འགག་པ་,,,,,KN
འགོང་བ་,འགོངས་པ་,འགོང་བ་,འགོངས་,,,GT,
འགོད་པ་,བཀོད་པ་,དགོད་པ་,ཁོད་,,,,KN
འགོད་པ་,བཀོད་པ་,དགོད་པ་,ཁོད་,TDC,,,
འགོད་པ་,བཀོད་པ་,དགོད་པ་,འགོད་,,,GT,
འགོད་པ་,བཀོད་པ་,དགོད་པ་,འགོད་༼ཁོད་༽,,PH,,
འགོམ་པ་,བགོམས་པ་,བགོམ་པ་,གོམས་,,,GT,
འགོམ་པ་,བགོམས་པ་,བགོམ་པ་,བགོམས་,TDC,PH,,
འགོམ་པ་,བགོམས་པ་,བགོམ་པ་,འགོམས་,,,,KN
འགོར་བ་,བགོར༼ད༽་བ་,བགོར་བ་,འགོར༼ད༽་,,,GT,
འགོར་བ་,འགོར༼ད༽་བ་,འགོར་བ་,འགོར༼ད༽་,,,GT,
འགོར་བ་,འགོར་བ་,འགོར་བ་,འགོར་,,,,KN
འགོལ༼ད༽་བ་,གོལ་བ་,འགོལ་བ་,གོལ༼ད༽་,,,GT,
འགྱག་པ་,གྱགས་པ་,གྱག་པ་,འགྱགས་,,,GT,
འགྱང་བ་,འགྱངས་པ་,འགྱང་བ་,,TDC,,,
འགྱང་བ་,འགྱངས་པ་,འགྱང་བ་,འགྱངས་,,PH,GT,KN
འགྱངས་བ་,བགྱངས་པ་,བགྱང་བ་,འགྱངས་,,,GT,
འགྱས་པ་,གྱས་པ་,གྱ་བ་,གྱོས་,,,GT,
འགྱིང་བ་,འགྱིངས་པ་,འགྱིང་བ་,འགྱིངས་,TDC,,GT,KN
འགྱུ་བ་,འགྱུས་པ་,འགྱུ་བ་,,TDC,,,
འགྱུ་བ་,འགྱུས་པ་,འགྱུ་བ་,འགྱུས་,,,GT,
འགྱུར༼ད༽་བ་,གྱུར་བ་,འགྱུར་བ་,གྱུར༼ད༽་,,,GT,
འགྱུར་བ་,གྱུར་པ་,འགྱུར་བ་,,TDC,,,
འགྱུར་བ་,གྱུར་བ་,འགྱུར་བ་,གྱུར་,,PH,,KN
འགྱུར་བ་,འགྱུར་བ་,འགྱུར་བ་,,TDC,,,
འགྱེད་པ་,བཀྱེ་པ་,དགྱེད་བ་,འགྱེད་,,,GT,
འགྱེད་པ་,བཀྱེས་པ་,བཀྱེ་བ་,ཁྱེས་,TDC,PH,,KN
འགྱེར༼ད༽་བ་,གྱེར་བ་,འགྱེར་བ་,གྱེར༼ད༽་,,,GT,
འགྱེར་བ་,གྱེར་བ་,འགྱེར་བ་,གྱེར་,,PH,,
འགྱེལ་བ་,འགྱེལ༼ད༽་བ་,འགྱེལ་བ་,འགྱེལ༼ད༽་,,,GT,
འགྱེལ་བ་,འགྱེལ་བ་,འགྱེལ་བ་,,TDC,PH,,KN
འགྱེས་པ་,གྱེས་པ་,འགྱེ་བ་,གྱེད་,,,GT,
འགྱེས་པ་,གྱེས་པ་,འགྱེས་པ་,,TDC,PH,,
འགྱེས་པ་,གྱེས་པ་,འགྱེས་པ་,གྱེས་,,,,KN
འགྱོག་པ་,བཀྱགས་པ་,བཀྱག་པ་,ཁྱོག་,TDC,,,
འགྱོགས་པ་,བཀྱགས་པ་,འགྱོགས་པ་,ཁྱོག་,,,,KN
འགྱོད་པ་,འགྱོད་པ་,འགྱོད་པ་,,TDC,,,
འགྱོད་པ་,འགྱོད་པ་,འགྱོད་པ་,འགྱོད་,,,GT,KN
འགྲང་བ་,འགྲངས་པ་,འགྲང་བ་,,,,,KN
འགྲང་བ་,འགྲངས་པ་,འགྲང་བ་,,TDC,,,
འགྲང་བ་,འགྲངས་པ་,འགྲང་བ་,འགྲངས་,,,GT,
འགྲད་པ་,བགྲད་པ་,བགྲད་པ་,འགྲད་,,,GT,
འགྲན་པ་,འགྲན༼ད༽་པ་,འགྲན་པ་,འགྲན༼ད༽་,,,GT,
འགྲན་པ་,འགྲན་པ་,འགྲན་པ་,འགྲན་,TDC,,,KN
འགྲམས་པ་,གྲམ་པ་,འགྲམ་པ་,གྲམས་,,,GT,
འགྲམས་པ་,འགྲམས་པ་,འགྲམས་པ་,,TDC,,,
འགྲས་པ་,འགྲས་པ་,འགྲས་པ་,,TDC,,,
འགྲས་པ་,འགྲས་པ་,འགྲས་པ་,འགྲས་,,,GT,KN
འགྲིག་པ་,འགྲིགས་པ་,འགྲིག་པ་,,TDC,,,
འགྲིག་པ་,འགྲིགས་པ་,འགྲིག་པ་,གྲིགས་,,,,KN
འགྲིག་པ་,འགྲིགས་པ་,འགྲིག་པ་,འགྲིགས་,,PH,GT,
འགྲིབ་པ་,འགྲིབ་པ་,འགྲིབ་པ་,,TDC,,,
འགྲིབ་པ་,འགྲིབས་པ་,འགྲིབ་པ་,འགྲིབས་,,PH,GT,KN
འགྲིམ་པ་,འགྲིམས་པ་,འགྲིམ་པ་,,,PH,,
འགྲིམ་པ་,འགྲིམས་པ་,འགྲིམ་པ་,འགྲིམས་,TDC,,GT,KN
འགྲིལ༼ད༽་བ་,གྲིལ་བ་,འགྲིལ་བ་,གྲིལ༼ད༽་,,,GT,
འགྲིལ་བ་,འགྲིམས་པ་,འགྲིལ་བ་,འགྲིམས་,,,,KN
འགྲིལ་བ་,འགྲིལ་བ་,འགྲིལ་བ་,,TDC,PH,,
འགྲུང་བ་,བགྲུངས་པ་,བགྲུང་བ་,འགྲུངས་,,,GT,
འགྲུབ་པ་,གྲུབ་པ་,འགྲུབ་པ་,,TDC,,,KN
འགྲུབ་པ་,གྲུབ་པ་,འགྲུབ་པ་,གྲུབས་,,PH,,
འགྲུབ་པ་༼འགྲུབས་པ་༽,གྲུབ་པ་,འགྲུབ་པ་,གྲུབས་,,,GT,
འགྲུམས་པ་,གྲུམ་པ་,འགྲུམ་པ་,གྲུམས་,,,GT,
འགྲུལ་བ་,འགྲུལ༼ད༽་བ་,འགྲུལ་བ་,འགྲུལ༼ད༽་,,,GT,
འགྲུལ་བ་,འགྲུལ་བ་,འགྲུལ་བ་,,TDC,,,
འགྲུས་པ་,འགྲུས་པ་,འགྲུས་པ་,འགྲུས་,TDC,,,KN
འགྲེ་བ་,འགྲེས་པ་,འགྲེ་བ་,,,,,KN
འགྲེ་བ་,འགྲེས་པ་,འགྲེ་བ་,,TDC,,,
འགྲེ་བ་,འགྲེས་པ་,འགྲེ་བ་,འགྲེས་,,PH,GT,
འགྲེང་བ་,འགྲེངས་པ་,འགྲེང་བ་,འགྲེངས་,TDC,PH,GT,KN
འགྲེད་པ་,འགྲེད་པ་,འགྲེད་པ་,,,,,KN
འགྲེམས་པ་,བཀྲམ་པ་,དགྲམ་པ་,ཁྲེམས་,,,GT,
འགྲེམས་པ་,བཀྲམ་པ་,དགྲམ་པ་,ཁྲོམས་,TDC,,,KN
འགྲེལ་བ་,བཀྲལ༼ད༽་བ་,བཀྲལ་བ་,འགྲེལ༼ད༽་,,,GT,
འགྲེལ་བ་,བཀྲལ་བ་,དགྲོལ་བ་,ཁྲོལ་,TDC,PH,,KN
འགྲོ་བ་,ཕྱིན༼ད༽་པ་༼ཕྱིན་པ་༽,འགྲོ་བ,སོང་,,,GT,
འགྲོ་བ་,ཕྱིན་པ་,འགྲོ་བ,སོང་,TDC,PH,,
འགྲོ་བ་,ཕྱིན་པ་,འགྲོ་བ་,སོང་,,,,KN
འགྲོགས་པ་,འགྲོགས་པ་,འགྲོགས་པ་,འགྲོགས་,TDC,PH,,KN
འགྲོགས་པ་༼འགྲོག་པ་༽,འགྲོགས་པ་,འགྲོགས་པ་༼འགྲོག་པ་༽,འགྲོགས་,,,GT,
འགྲོངས་པ་,གྲོང་པ་,འགྲོང་པ་,གྲོངས་,,,GT,
འགྲོངས་པ་,གྲོངས་པ་,འགྲོངས་པ་,,TDC,,,
འགྲོལ༼ད༽་བ་,གྲོལ་བ་,འགྲོལ་བ་,གྲོལ༼ད༽་,,,GT,
འགྲོལ་བ་,བཀྲོལ་བ་,དགྲོལ་བ་,ཁྲོལ༼ད༽་,,,GT,
འགྲོལ་བ་,བཀྲོལ་བ་,དགྲོལ་བ་,ཁྲོལ་,TDC,,,KN
འགྲོལ་བ་,གྲོལ་བ་,འགྲོལ་བ་,གྲོལ་,,PH,,
རྒ་བ་,རྒས་པ་,རྒ་བ་,,TDC,PH,,
རྒད་པ་༼རྒ་བ་༽,རྒས་པ་,རྒ་བ་,རྒས་,,,GT,
རྒལ་བ་,བརྒལ༼ད༽་བ་,བརྒལ་བ་,རྒོལ༼ད༽་,,,GT,
རྒལ་བ་,བརྒལ་བ་,བརྒལ་བ་,རྒོལ་,TDC,PH,,KN
རྒུད་པ་,རྒུད་པ་,རྒུད་པ་,,,,,KN
རྒུད་པ་,རྒུད་པ་,རྒུད་པ་,,TDC,,,
རྒུད་པ་,རྒུད་པ་,རྒུད་པ་,རྒུད་,,PH,GT,
རྒོད་པ་,རྒོད་པ་,རྒོད་པ་,རྒོད་,,PH,GT,
རྒོལ་བ་,བརྒལ༼ད༽་བ་,བརྒལ་བ་,རྒོལ༼ད༽་,,,GT,
རྒོལ་བ་,བརྒལ་བ་,རྒལ་བ་,རྒོལ་,,,,KN
རྒོལ་བ་,བརྒལ་བ་,བརྒལ་བ་,རྒོལ་,TDC,PH,,
རྒྱ་བ་,རྒྱས་པ་,རྒྱ་བ་,,TDC,,,
རྒྱ་བ་,རྒྱས་པ་,རྒྱ་བ་,རྒྱས་,,PH,,
རྒྱག་པ་,རྒྱག་པ་,རྒྱག་པ་,རྒྱག་,,,GT,
རྒྱག་པ་,བརྒྱབ་པ་,རྒྱག་པ་,,TDC,,,
རྒྱག་པ་,བརྒྱབ་པ་,བརྒྱག་པ་,རྒྱོབ་,TDC,PH,,KN
རྒྱགས་པ་,རྒྱགས་པ་,རྒྱགས་པ་,,TDC,,,
རྒྱགས་པ་,རྒྱགས་པ་,རྒྱགས་པ་,རྒྱགས་,,,GT,
རྒྱགས་པ་,བརྒྱགས་པ་,བརྒྱག་པ་,,TDC,,,
རྒྱགས་པ་,བརྒྱགས་པ་,བརྒྱག་པ་,རྒྱགས་,,,GT,
རྒྱགས་པ་,བརྒྱགས་པ་,བརྒྱག་པ་,རྒྱོགས་,,,,KN
རྒྱང་བ་,བརྒངས་པ་,བརྒང་བ་,རྒྱངས་,,,GT,
རྒྱན་པ་,བརྒྱན༼ད༽་པ་,བརྒྱན་པ་,རྒྱན༼ད༽་,,,GT,
རྒྱན་པ་,བརྒྱན་པ་,བརྒྱན་པ་,རྒྱན་,TDC,PH,,KN
རྒྱབ་པ་,བརྒྱབས་པ་,བརྒྱབ་པ་,རྒྱབས་༼རྒྱོབ་༽,,,GT,
རྒྱལ་བ་,རྒྱལ༼ད༽་བ་,རྒྱལ་བ་,རྒྱལ༼ད༽་,,,GT,
རྒྱལ་བ་,རྒྱལ་བ་,རྒྱལ་བ་,,TDC,,,
རྒྱལ་བ་,རྒྱལ་བ་,རྒྱལ་བ་,རྒྱལ་,,PH,,KN
རྒྱལ་བ་,བརྒྱལ༼ད༽་བ་,བརྒྱལ་བ་,རྒྱལ༼ད༽་,,,GT,
རྒྱས་པ་,རྒྱས་པ་,རྒྱས་པ་,རྒྱས་,,,GT,KN
རྒྱུ་བ་,རྒྱུ་བ་,རྒྱུ་བ་,,,,,KN
རྒྱུ་བ་,རྒྱུ་བ་,རྒྱུ་བ་,,TDC,,,
རྒྱུ་བ་,བརྒྱུས་པ་,བརྒྱུ་བ་,རྒྱུས་,,,GT,
རྒྱུག་པ་,རྒྱུག་པ་,རྒྱུག་པ་,རྒྱུག་,,,GT,
རྒྱུག་པ་,རྒྱུགས་པ་,རྒྱུག་པ་,རྒྱུགས་,TDC,PH,,
རྒྱུག་པ་,བརྒྱུགས་པ་,བརྒྱུག་པ་,རྒྱུག་,,,GT,
རྒྱུག་པ་,བརྒྱུགས་པ་,བརྒྱུག་པ་,རྒྱུགས་,TDC,PH,,KN
རྒྱུད་པ་,བརྒྱུད་པ་,བརྒྱུད་བ་,རྒྱུད་,,,GT,
རྒྱུད་པ་,བརྒྱུས་པ་,བརྒྱུ་བ་,རྒྱུས་,TDC,,,KN
རྒྱོ་བ་,རྒྱོས་པ་,རྒྱོ་བ་,རྒྱོས་,,,,KN
རྒྱོ་བ་,བརྒྱོས་པ་,བརྒྱོ་བ་,རྒྱོས་,,,GT,
རྒྱོང་བ་,བརྒྱངས་པ་,བརྒྱང་བ་,རྒྱོངས་,TDC,,GT,KN
སྒག་པ་,བསྒགས་པ་,བསྒག་པ་,སྒོགས་,TDC,,,
སྒང་བ་,བསྒངས་པ་,བསྒང་བ་,སྒངས་,,,GT,
སྒབ་པ་,བསྒབ་པ་,བསྒབ་པ་,སྒོབ་,TDC,,,
སྒར་བ་,བསྒར༼ད༽་བ་,བསྒར་བ་,སྒོར༼ད༽་,,,GT,
སྒར་བ་,བསྒར་བ་,བསྒར་བ་,སྒོར་,TDC,,,
སྒར་བ་,བསྒར་བ་,བསྒར་བ་,བསྒོར་,,,,KN
སྒུག་པ་,བསྒུགས་པ་,བསྒུག་པ་,སྒུགས་,TDC,,GT,KN
སྒུང་བ་,བསྒྱིངས་པ་,བསྒྱིང་བ་,སྒྱིངས་,,,GT,
སྒུར་བ་,བསྒུར༼ད༽་བ་,བསྒུར་བ་,སྒུར༼ད༽་,,,GT,
སྒུར་བ་,བསྒུར་བ་,བསྒུར་བ་,སྒུར་,TDC,,,KN
སྒུལ་བ་,བསྒུལ༼ད༽་བ་,བསྒུལ་བ་,སྒུལ༼ད༽་,,,GT,
སྒུལ་བ་,བསྒུལ་བ་,བསྒུལ་བ་,སྒུལ་,TDC,PH,,KN
སྒོ་བ་,བསྒོས་པ་,བསྒོ་བ་,སྒོས་,,,,KN
སྒོ་བ་,བསྒོས་པ་,བསྒོ་བ་,སྒོས་,TDC,PH,GT,
སྒོག་པ་,བསྒགས་པ་,བསྒག་པ་,སྒོགས་,TDC,,GT,KN
སྒོང་བ་,བསྒོངས་པ་,བསྒོང་བ་,སྒོངས་,,,,KN
སྒོང་བ་,བསྒོངས་པ་,བསྒོང་བ་,སྒོངས་,TDC,,GT,
སྒོབ་པ་,བསྒབས་པ་,བསྒབ་པ་,སྒོབས་,,,GT,
སྒོམ་པ་,བསྒོམས་པ་,བསྒོམ་པ་,སྒོམས་,TDC,PH,GT,KN
སྒྱང་བ་,བསྒྱངས་པ་,བསྒྱང་བ་,སྒྱོངས་,,,,KN
སྒྱིང་བ་,བསྒྱིངས་པ་,བསྒྱིང་བ་,སྒྱིངས་,,,,KN
སྒྱུར་བ་,བསྒྱུར༼ད༽་བ་,བསྒྱུར་བ་,སྒྱུར༼ད༽་,,,GT,
སྒྱུར་བ་,བསྒྱུར་བ་,བསྒྱུར་བ་,སྒྱུར་,TDC,PH,,KN
སྒྱེལ་བ་,བསྒྱུར་བ་,བསྒྱེལ་བ་,སྒྱུར་,,,,KN
སྒྱེལ་བ་,བསྒྱེལ༼ད༽་བ་,བསྒྱེལ་བ་,སྒྱེལ༼ད༽་,,,GT,
སྒྱེལ་བ་,བསྒྱེལ་བ་,བསྒྱེལ་བ་,སྒྱེལ་,TDC,PH,,
སྒྲང་བ་,བསྒྲངས་པ་,བསྒྲང་བ་,སྒྲོངས་,,,GT,
སྒྲད་པ་,བསྒྲད་པ་,བསྒྲད་པ་,སྒྲད་,,,GT,
སྒྲིག་པ་,བསྒྲིགས་པ་,བསྒྲིག་པ་,སྒྲིགས་,TDC,PH,GT,KN
སྒྲིན་པ་,བསྒྲིན༼ད༽་པ་,བསྒྲིན་པ་,སྒྲིན༼ད༽་,,,GT,
སྒྲིན་པ་,བསྒྲིན་པ་,བསྒྲིན་པ་,སྒྲིན་,TDC,,,KN
སྒྲིབ་པ་,བསྒྲིབས་པ་,བསྒྲིབ་པ་,སྒྲིབས་,,,,KN
སྒྲིབ་པ་,བསྒྲིབས་པ་,བསྒྲིབ་པ་,སྒྲིབས་,TDC,PH,GT,
སྒྲིམ་པ་,བསྒྲིམས་པ་,བསྒྲིམ་པ་,སྒྲིམས་,TDC,PH,GT,KN
སྒྲིལ་བ་,བསྒྲིལ༼ད༽་བ་,བསྒྲིལ་བ་,སྒྲིལ༼ད༽་,,,GT,
སྒྲིལ་བ་,བསྒྲིལ་བ་,བསྒྲིལ་བ་,སྒྲིལ་,TDC,PH,,KN
སྒྲུག་པ་,བསྒྲུགས་པ་,བསྒྲུག་པ,སྒྲུགས་,TDC,,GT,
སྒྲུག་པ་,བསྒྲུགས་པ་,བསྒྲུག་པ་,སྒྲུགས་,,,,KN
སྒྲུང་བ་,བསྒྲུངས་པ་,བསྒྲུང་བ་,སྒྲུངས་,TDC,,GT,
སྒྲུན་པ་,བསྒྲུན༼ད༽་པ་,བསྒྲུན་པ་,སྒྲུན༼ད༽་,,,GT,
སྒྲུན་པ་,བསྒྲུན་པ་,བསྒྲུན་པ་,སྒྲུན་,TDC,,,KN
སྒྲུབ་པ་,བསྒྲུབས་པ་,བསྒྲུབ་པ་,སྒྲུབས་,,,,KN
སྒྲུབ་པ་,བསྒྲུབས་པ་,བསྒྲུབ་པ་,སྒྲུབས་,TDC,PH,GT,
སྒྲེ་བ་,བསྒྲེས་པ་,བསྒྲེ་བ་,སྒྲེས་,TDC,,GT,KN
སྒྲེག་པ་,སྒྲེག་པ་,སྒྲེག་པ་,,,,,KN
སྒྲེང་བ་,བསྒྲེངས་པ་,བསྒྲེང་བ་,སྒྲེངས་,TDC,PH,GT,KN
སྒྲོག་པ་,བསྒྲགས་པ་,བསྒྲག་པ་,སྒྲོགས་,,,,KN
སྒྲོག་པ་,བསྒྲགས་པ་,བསྒྲག་པ་,སྒྲོགས་,TDC,,GT,
སྒྲོག་པ་,བསྒྲོགས་པ་,བསྒྲོག་པ་,སྒྲོགས་,TDC,,GT,
སྒྲོགས་པ་,བསྒྲོགས་པ་,བསྒྲོག་པ་,སྒྲོགས་,,PH,,
སྒྲོང་བ་,བསྒྲངས་པ་,བསྒྲང་བ་,སྒྲོངས་,TDC,,,KN
སྒྲོད་པ་,བསྒྲོད་པ་,བསྒྲོད་པ་,སྒྲོད་,TDC,,,
སྒྲོན་པ་,བསྒྲོན༼ད༽་པ་,བསྒྲོན་པ་,སྒྲོན༼ད༽་,,,GT,
སྒྲོན་པ་,བསྒྲོན་པ་,བསྒྲོན་པ་,སྒྲོན་,TDC,,,KN
སྒྲོལ་བ་,བསྒྲལ༼ད༽་བ་,བསྒྲལ་བ་,སྒྲོལ༼ད༽་,,,GT,
སྒྲོལ་བ་,བསྒྲལ་བ་,བསྒྲལ་བ་,སྒྲོལ་,TDC,PH,,KN
བརྒྱལ་བ་,བརྒྱལ་བ་,བརྒྱལ་བ་,,,,,KN
བརྒྱལ་བ་,བརྒྱལ་བ་,བརྒྱལ་བ་,,TDC,,,
བརྒྱུད་པ་,བརྒྱུད་པ་,བརྒྱུད་པ་,,TDC,,,
བརྒྱུད་པ་,བརྒྱུད་པ་,བརྒྱུད་པ་,བརྒྱུད་,,,,KN
བསྒྱིངས་པ་,བསྒྱིངས་པ་,བསྒྱིངས་པ་,,TDC,,,
བསྒྲད་པ་,བསྒྲད་པ་,བསྒྲད་པ་,བསྒྲོད་,TDC,,,
ངར་བ་,ངར༼ད༽་བ་,ངར་བ་,ངར༼ད༽་,,,GT,
ངར་བ་,ངར་བ་,ངར་བ་,,TDC,,,
ངལ་བ་,ངལ༼ད༽་བ་,ངལ་བ་,ངལ༼ད༽་,,,GT,
ངལ་བ་,ངལ་བ་,ངལ་བ་,,TDC,,,KN
ངལ་བ་,ངལ་བ་,ངལ་བ་,ངལ་,,PH,,
ངུ་བ་,ངལ་བ་,ངུ་བ་,,,,,KN
ངུ་བ་,ངུས་པ་,ངུ་བ་,ངུས་,TDC,,GT,
ངུར་བ་,ངུར་བ་,ངུར་བ་,,TDC,,,
ངེར་བ་, ངེར་བ་,ངེར་བ་,,TDC,,,
ངེས་པ་,ངེས་པ་,ངེས་པ་,,TDC,,,
ངེས་པ་,ངེས་པ་,ངེས་པ་,ངེས་,,PH,GT,KN
ངོམ་པ་,ངོམས་པ་,ངོམ་པ་,ངོམས་,,,,KN
ངོམ་པ་,ངོམས་པ་,ངོམ་པ་,ངོམས་,TDC,PH,GT,
ངོམས་པ་,ངོམས་པ་,ངོམས་པ་,,TDC,,,
དངང་པ་,དངངས་པ་,དངང་པ་,དངངས་,,,GT,
དངངས་པ་,དངངས་པ་,དངངས་པ་,,TDC,,,KN
དངར་བ་,དངར༼ད༽་བ་,དངར་བ་,དངར༼ད༽་,,,GT,
དངར་བ་,དངར་བ་,དངར་བ་,,TDC,,,
དངར་བ་,དངར་བ་,དངར་བ་,དངར་,,,,KN
མངག་པ་,མངགས་པ་,མངག་པ་,མངོགས་,TDC,,GT,KN
མངའ་བ་,མངའ་བ་,མངའ་བ་,,,PH,,
མངའ་བ་,མངའ་བ་,མངའ་བ་,མངའ་,,,GT,
མངོན་པ་,མངོན༼ད༽་པ,མངོན་པ་,མངོན༼ད༽་,,,GT,
མངོན་པ་,མངོན་པ,མངོན་པ་,,TDC,,,
མངོན་པ་,མངོན་པ,མངོན་པ་,མངོན་,,PH,,
མངོན་པ་,མངོན་པ་,མངོན་པ་,མངོན་,,,,KN
རྔ་བ་,བརྔས་པ་,བརྔ་བ་,རྔས་,,,GT,
རྔ་བ་,བརྔས་པ་,བརྔ་བ་,རྔོས་,TDC,PH,,KN
རྔག་པ་,བརྔབས་པ་,བརྔབ་པ་,རྔབས་,,,GT,
རྔན་པ་,བརྔན༼ད༽་པ་,བརྔན་པ་,རྔན༼ད༽་,,,GT,
རྔན་པ་,བརྔན་པ་,བརྔན་པ་,རྔོན་,TDC,,,KN
རྔབ་པ་,བརྔབས་པ་,བརྔབ་པ་,,TDC,,,
རྔམ་པ་,བརྔམས་པ་,བརྔམ་པ་,,TDC,,,
རྔམ་པ་,བརྔམས་པ་,བརྔམ་པ་,རྔམས་,,PH,GT,
རྔུབ་པ་,བརྔུབས་པ་,བརྔུབ་པ་,རྔུབས་,TDC,,GT,KN
རྔུལ་བ་,རྔུལ༼ད༽་བ་,རྔུལ་བ་,རྔུལ༼ད༽་,,,GT,
རྔུལ་བ་,རྔུལ་བ་,རྔུལ་བ་,,TDC,,,KN
རྔུལ་བ་,བརྔུལ༼ད༽་བ་,བརྔུལ་བ་,རྔུལ༼ད༽་,,,GT,
རྔོ་བ་,བརྔོས་པ་,བརྔོ་བ་,རྔོས་,TDC,,GT,KN
རྔོད་པ་,བརྔོད་པ་,བརྔོད་པ་,རྔོད་,TDC,,GT,
རྔོད་པ་,བརྔོས་པ་,བརྔོད་པ་,རྔོས་,TDC,,,
རྔོན་པ་,བརྔོན༼ད༽་པ་,བརྔོན་པ་,རྔོན༼ད༽་,,,GT,
རྔོན་པ་,བརྔོན་པ་,བརྔོན་པ་,རྔོན་,TDC,,,KN
སྔང་བ་,སྔངས་པ་,སྔང་བ་,སྔངས་,,,GT,
སྔལ་བ་,བསྔལ་བ་,བསྔལ་བ་,སྔལ་,,PH,,
སྔས་པ་,བསྔས་པ་,བསྔས་པ་,སྔས་,,,GT,
སྔོ་བ་,བསྔོས་པ་,བསྔོ་བ་,,TDC,,,
སྔོ་བ་,བསྔོས་པ་,བསྔོ་བ་,སྔོས་,TDC,PH,GT,KN
སྔོག་པ་,བསྔོགས་པ་,བསྔོག་པ་,སྔོགས་,,,,KN
སྔོག་པ་,བསྔོགས་པ་,བསྔོག་པ་,སྔོགས་,TDC,,GT,
བསྔགས་པ་,བསྔགས་པ་,བསྔགས་པ་,བསྔགས་,TDC,PH,GT,KN
གཅི་བ་,གཅིས་པ་,གཅི་བ་,གཅིས་,,,,KN
གཅི་བ་,གཅིས་པ་,གཅི་བ་,གཅིས་,TDC,,,
གཅི་བ་,གཅིས་པ་༼བཅིས་པ་༽,གཅི་བ་༼བཅི་བ་༽,གཅི་༼གཅིས་༽,,,GT,
གཅིར་བ་,གཅིར་བ་,གཅིར་བ་,གཅིར་,TDC,,,
གཅུ་བ་,གཅུས་པ་,གཅུ་བ་,གཅུས་,TDC,,,KN
གཅུད་པ་,གཅུས་པ་,གཅུ་བ་,འཆུས་,,,GT,
གཅུར་བ་,གཅུར་བ་,གཅུར་བ་,ཆུར་,,,,KN
གཅུར་བ་,བཅུར་བ་,བཅུར་བ་,ཆིར་,TDC,,,
གཅེམ་པ་,བཅེམས་པ་,བཅེམ་པ་,གཅེམས་,,,GT,
གཅེར་བ་,བཅར༼ད༽་བ་,བཅར་བ་,གཅེར༼ད༽་,,,GT,
གཅེས་པ་,གཅེས་པ་,གཅེས་པ་,,TDC,PH,,
གཅེས་པ་,གཅེས་པ་,གཅེས་པ་,གཅེས་,TDC,PH,GT,KN
གཅོག་པ་,བཅག་པ་,གཅག་པ་,ཆོག་,TDC,PH,,
གཅོག་པ་,བཅག་པ་,གཅག་པ་,ཆོགས་,,,GT,KN
གཅོད་པ་,བཅད་པ་,གཅད་པ་,ཆོད་,,,,KN
གཅོད་པ་,བཅད་པ་,གཅད་པ་,ཆོད་,TDC,PH,GT,
གཅོམ་པ་,གཅོམས་པ་,གཅོམ་པ་,ཅོམས་,,,,KN
གཅོམ་པ་,བཅམ་པ་,གཅམ་པ་,གཅོམས་,,,GT,
གཅོམ་པ་,བཅམས་པ་,བཅམ་པ་,གཅོམས་,TDC,,,
གཅོར་བ་,བཅར་བ་,གཅར་བ་,གཅོར༼ད༽་,,,GT,
གཅོར་བ་,བཅར་བ་,གཅར་བ་,གཅོར་,TDC,,,KN
གཅོལ་བ་,གཅོལ་བ་,གཅོལ་བ་,གཅོལ་,TDC,,,
བཅིར་བ་,བཅིར་བ་,བཅིར་བ་,བཅིར་,,,,KN
བཅེམ་པ་,བཅེམས་པ་,བཅེམ་པ་,བཅེམས་,TDC,,,KN
བཅེར་བ་,བཅེར་བ་,བཅེར་བ,,TDC,,,
ལྕིགས་པ་,ལྕིགས་པ་,ལྕིགས་པ་,,TDC,,,
ལྕེབ་པ་,ལྕེབས་པ་,ལྕེབ་པ་,ལྕེབས་,TDC,,,KN
ལྕོགས་པ་,ལྕོགས་པ་,ལྕོགས་པ་,,TDC,,,
ལྕོགས་པ་,ལྕོགས་པ་,ལྕོགས་པ་,ལྕོགས་,,,GT,
ཆ་བ་,ཆས་པ་,ཆ་བ་,ཆས་,,,GT,
ཆག་པ་,ཆག་པ་,ཆག་པ་,,TDC,PH,,
ཆགས་པ་,ཆགས་པ་,ཆགས་པ་,,TDC,,,KN
ཆགས་པ་,ཆགས་པ་,ཆགས་པ་,ཆགས་,,PH,GT,
ཆས་པ་,ཆས་པ་,ཆས་པ་,,TDC,PH,,
ཆས་པ་,ཆས་པ་,ཆས་པ་,ཆས་,,,,KN
ཆུག་པ་,ཆུགས་པ་,ཆུག་པ་,ཆུགས་,,PH,GT,
ཆུད་པ་,ཆུད་པ་,ཆུད་པ་,,TDC,PH,,
ཆུབ་པ་,ཆུབ་པ་,ཆུབ་པ་,,TDC,,,
ཆེས་པ་,ཆེས་པ་,ཆེས་པ་,,TDC,,,
ཆོག་པ་,ཆོག་པ་,ཆོག་པ་,,TDC,,,
ཆོག་པ་,ཆོག་པ་,ཆོག་པ་,ཆོག་,,PH,GT,
ཆོད་པ་,ཆོད་པ་,ཆོད་པ་,ཆོད་,,PH,GT,
ཆོམ་པ་,ཆོམ་པ་,ཆོམ་པ་,,TDC,PH,,
མཆི་བ་,མཆིས་པ་,མཆི་བ་,,TDC,PH,,KN
མཆི་བ་,མཆིས་པ་,མཆི་བ་,མཆིས་,,,GT,
མཆིད་པ་,མཆིད་པ་,མཆིད་པ་,མཆིད་,,,,KN
མཆིས་པ་,མཆིས་པ་,མཆིས་པ་,,,,,KN
མཆིས་པ་,མཆིས་པ་,མཆིས་པ་,མཆིས་,,PH,GT,
མཆེད་པ་,མཆེད་པ་,མཆེད་པ་,,TDC,,,KN
མཆེད་པ་,མཆེད་པ་,མཆེད་པ་,མཆེད་,,PH,GT,
མཆོང་བ་,མཆོངས་པ,མཆོང་བ,མཆོངས་,TDC,,GT,
མཆོང་བ་,མཆོངས་པ་,མཆོང་བ་,མཆོངས་,,,,KN
མཆོད་པ་,མཆོད་པ་,མཆོད་པ་,མཆོད་,TDC,PH,GT,
མཆོར་བ་,མཆོར་བ་,མཆོར་བ་,མཆོར་,,,,KN
འཆག་པ་,བཅགས་པ་,གཅག་པ་,ཆོགས་,TDC,PH,,KN
འཆག་པ་,བཅགས་པ་,བཅག་པ་,ཆོགས་,,,GT,
འཆག་པ་,ཆག་པ་,འཆག་པ་,ཆག་,,,GT,
འཆགས་པ་,བཤགས་པ་,གཤགས་པ་,འཆགས་,,,GT,
འཆགས་པ་,བཤགས་པ་,བཤག་པ་,བཤོགས་,TDC,PH,,KN
འཆང་བ་,བཅངས་པ་,བཅང་བ་,ཆོངས་,,,,KN
འཆང་བ་,བཅངས་པ་,བཅང་བ་,ཆོངས་,TDC,PH,GT,
འཆད་པ་,ཆད་པ་,འཆད་པ་,,TDC,,,KN
འཆད་པ་,ཆད་པ་,འཆད་པ་,ཆད་,,PH,GT,
འཆད་པ་,བཤད་པ་,བཤད་པ་,ཤོད་,TDC,PH,GT,KN
འཆབ་པ་,བཅབས་པ་,བཅབ་པ་,འཆབས་,,,GT,
འཆབ་པ་,བཅབས་པ་,བཅབ་པ་,འཆོབས་,TDC,,,
འཆམ་པ་,འཆམས་པ་,འཆམ་པ་,འཆམས་,,,GT,
འཆམ་པ་,འཆམས་པ་,འཆམ་པ་,འཆོམས་,,,,KN
འཆམ་པ་,འཆམས་པ་,འཆམས་པ་,,,PH,,
འཆམས་པ་,འཆམས་པ་,འཆམས་པ་,,TDC,,,
འཆམས་པ་,འཆམས་པ་,འཆམས་པ་,འཆོམས་,TDC,PH,,
འཆའ་བ་,བཅས་པ་,བཅའ་བ,འཆོས་,TDC,PH,,
འཆའ་བ་,བཅས་པ་,བཅའ་བ་,,TDC,PH,,
འཆའ་བ་,བཅས་པ་,བཅའ་བ་,འཆའ་,,,GT,
འཆའ་བ་,བཅས་པ་,བཅའ་བ་,འཆོས་,,,,KN
འཆའ་བ་,འཆོས་,འཆའ་བ་,འཆོས་,TDC,PH,,
འཆར༼ད༽་བ་,ཤར་བ་,འཆར་བ་,ཤར༼ད༽་,,,GT,
འཆར་བ་,ཤར་བ་,འཆར་བ་,,TDC,PH,,KN
འཆལ༼ད༽་བ་,ཆལ་བ་,འཆལ་བ་,ཆལ༼ད༽་,,,GT,
འཆལ་བ་,ཆལ་བ་,འཆལ་བ་,ཆལ་,,PH,,
འཆལ་བ་,འཆལ་བ་,འཆལ་བ་,,TDC,,,KN
འཆི་བ་,ཤི་བ་,འཆི་བ་,,,,,KN
འཆི་བ་,ཤི་བ་,འཆི་བ་,,TDC,,,
འཆི་བ་,ཤི་བ་,འཆི་བ་,ཤི་,,PH,GT,
འཆིང་བ་,བཅིངས་པ་,བཅིང་བ་,ཆིངས་,TDC,PH,,KN
འཆིང་བ་,ཆིངས་པ་༼ཆིང་བ་༽,འཆིང་བ་,ཆིངས་,,,GT,
འཆིངས་པ་,བཅིངས་པ་,བཅིང་བ་,ཆིངས་,,,GT,
འཆིབ་པ་,བཅིབས་པ་,བཅིབ་པ་,ཆིབས་,TDC,PH,GT,KN
འཆིར༼ད༽་བ་,བཅིར་བ་,གཅིར་བ་,ཆིར༼ད༽་,,,GT,
འཆིར་བ་,བཅིར་བ་,བཅིར་བ་,ཆིར་,TDC,,,
འཆིར་བ་,ཆིར་བ་,བཆིར་བ་,ཆིར༼ད༽་,,,GT,
འཆུ་བ་,བཅུས་པ་,བཅུ་བ་,ཆུས་,TDC,,GT,KN
འཆུ་བ་,འཆུས་པ་,འཆུ་བ་,འཆུས་,,,GT,
འཆུག་པ་,འཆུགས་པ་,འཆུག་པ་,འཆུགས་,,PH,GT,
འཆུད་པ་,ཆུད་པ་,འཆུད་པ་,ཆུད་,,,GT,
འཆུན༼ད༽་པ་,ཆུན་པ་,འཆུན་པ་,ཆུན༼ད༽་,,,GT,
འཆུན་པ་,ཆུན་པ་,འཆུན་པ་,,TDC,,,
འཆུམ་པ་,འཆུམས་པ་,འཆུམ་པ་,,TDC,,,
འཆུམ་པ་,འཆུམས་པ་,འཆུམ་པ་,འཆུམས་,,,,KN
འཆུམས་པ་,ཆུམ་པ་,འཆུམ་པ་,ཆུམས་,TDC,,GT,
འཆུར༼ད༽་བ་,ཆུར་བ་,འཆུར་བ་,ཆུར༼ད༽་,,,GT,
འཆུས་པ་,འཆུས་པ་,འཆུས་པ་,,TDC,PH,,
འཆེ་བ་,ཆེས་པ་,འཆེ་བ་,ཆེས་,,,GT,
འཆེ་བ་,འཆེས་པ་,འཆེ་བ་,འཆེས་,TDC,,,KN
འཆེམ་པ་,ཆེམས་པ་,ཆེམ་པ་,ཆེམས་,,,GT,
འཆེར་བ་,འཅེར༼ད༽་བ་,བཅེར་བ་,འཆེར༼ད༽་,,,GT,
འཆེལ་བ་,ཆེལ༼ད༽་བ་,ཆེལ་བ་,འཆེལ༼ད༽་,,,GT,
འཆེལ་བ་,ཆེལ་བ་,ཆེལ་བ་,,,PH,,
འཆེལ་བ་,འཆེལ་བ་,འཆེལ་བ་,འཆེལ་,,,,KN
འཆེས་པ་,ཆེས་པ་,འཆེས་པ་,ཆེས་,,,GT,
འཆོམ་པ་,འཆམས་པ་༼ཆམས་པ་༽,འཆམ་པ་,འཆོམས་,,,GT,
འཆོར་བ་,ཤོར་བ་,འཆོར་བ་,,TDC,PH,,KN
འཆོར་བ་༼ཤོར་བ་༽,ཤོར༼ད༽་བ་,ཤོར་བ་,འཆོར༼ད༽་༼ཤོར༼ད༽་༽,,,GT,
འཆོལ༼ད༽་བ་,ཆོལ་བ་,འཆོལ་བ་,ཆོལ༼ད༽་,,,GT,
འཆོལ་བ་,བཅོལ༼ད༽་བ་,བཅོལ་བ་,ཆོལ༼ད༽་,,,GT,
འཆོལ་བ་,བཅོལ་བ་,བཅོལ་བ་,ཆོལ་,TDC,PH,,KN
འཆོལ་བ་,ཆོལ་བ་,འཆོལ་བ་,ཆོལ་,,PH,,
འཆོལ་བ་,འཆོལ་བ་,འཆོལ་བ་,,TDC,,,
འཆོས་པ་,བཅོས་པ་,བཅོ་བ་,ཆོས་,,,GT,
འཆོས་པ་,བཅོས་པ་,བཅོས་པ་,ཆོས་,TDC,PH,,KN
འཆོས་པ་,བཟོས་པ་,བཟོ་བ་,ཆོས་,,,GT,
མཇལ་བ་,མཇལ༼ད༽་བ་,མཇལ་བ་,མཇལ༼ད༽་,,,GT,
མཇལ་བ་,མཇལ་བ་,མཇལ་བ་,མཇལ་,,PH,,
མཇལ་བ་,མཇལ་བ་,མཇལ་བ་,མཇོལ་,TDC,,,KN
མཇེད་པ་,མཇེད་པ་,མཇེད་པ་,,,PH,,
མཇེད་པ་,མཇེད་པ་,མཇེད་པ་,མཇེད་,,,GT,
འཇག་པ་,འཇགས་པ་,འཇག་པ་,འཇགས་,,,GT,
འཇགས་པ་,གཅགས་པ་,གཅག་པ་,འཇགས་,,,GT,
འཇགས་པ་,འཇགས་པ་,འཇགས་པ་,,TDC,,,
འཇང་བ་,འཇང་བ་,འཇང་བ་,,TDC,,,
འཇབ་པ་,འཇབས་པ་,འཇབ་པ་,འཇོབས་,TDC,,,
འཇའ་བ་,འཇས་པ་,འཇའ་བ་,,TDC,,,
འཇར་བ་,འཇར༼ད༽་བ་,འཇར་བ་,འཇར༼ད༽་,,,GT,
འཇར་བ་,འཇར་བ་,འཇར་བ་,,TDC,,,
འཇལ་བ་,བཅལ་བ་,གཞལ་བ་,འཇལ༼ད༽་,,,GT,
འཇལ་བ་,བཅལ་བ་,གཞལ་བ་,འཇལ་,,PH,,
འཇལ་བ་,བཅལ་བ་,གཞལ་བ་,འཇོལ་,TDC,,,KN
འཇིག་པ་,ཞིག་པ་,འཇིག་པ་,,TDC,,,
འཇིག་པ་,ཞིག་པ་,འཇིག་པ་,ཞིགས་,,PH,,
འཇིག་པ་,བཤིག་པ་,གཞིག་པ་,ཤིགས་,,PH,GT,
འཇིག་པ་,བཤིག་པ་,བཤིག་པ་,ཤིག་,TDC,,,
འཇིགས་པ་,འཇིགས་པ་,འཇིགས་པ་,,TDC,,,KN
འཇིགས་པ་,འཇིགས་པ་,འཇིགས་པ་,འཇིགས་,TDC,PH,GT,
འཇིབ་པ་,གཞིབས་པ་,གཞིབ་པ་,འཇིབས་,TDC,,,
འཇིབ་པ་,བཞིབས་པ་,གཞིབ་པ་,འཇིབས་,,,,KN
འཇིལ་བ་,བཅིལ་བ་,གཞིལ་བ་,ཆིལ་,TDC,,,KN
འཇིལ་བ་,བཅིལ་བ་,གཞིལ་བ་,འཇིལ༼ད༽་,,,GT,
འཇིལ་བ་,འཇིལ་བ་,འཇིལ་བ་,,TDC,,,
འཇུ་བ་,འཇུས་པ་,འཇུ་བ་,འཇུས་,TDC,,,KN
འཇུ་བ་,ཞུ་བ་,འཇུ་བ་,,TDC,,,
འཇུག་པ་,བཅུག་པ་,གཞུག་པ་,ཆུག་,TDC,PH,GT,
འཇུག་པ་,བཅུག་པ་,གཞུག་པ་,ཆུགས་,,,,KN
འཇུག་པ་,ཞུགས་པ་,འཇུག་པ་,ཞུགས་,TDC,PH,,
འཇུག་པ་,ཞུགས་པ་,གཞུག་པ་,,,,,KN
འཇུན་པ་,བཅུན་པ་,གཅུན་པ་,གཅུན༼ད༽་,,,GT,
འཇུན་པ་,བཅུན་པ་,གཅུན་པ་,ཆུན་,TDC,,,KN
འཇུམ་པ་,བཅུམ་པ་,གཅུམ་པ་,འཇུམས་,,,GT,
འཇུམ་པ་,བཅུམ་པ་,གཞུམ་པ་,ཆུམ་,TDC,,,
འཇུམ་པ་༼འཇུམས་པ་༽,བཅུམ་པ་,གཞུམ་པ་,ཆུམ་,,PH,,
འཇུར་བ་,བཅུར་བ་,གཅུར་བ་,ཆུར་,TDC,PH,,
འཇུར་བ་,བཅུར་བ་,གཅུར་བ་,འཇུར༼ད༽་,,,GT,
འཇེབས་པ་,འཇེབས་པ་,འཇེབས་པ་,,TDC,,,
འཇོ་བ་,བཞོས་པ་,བཞོ་བ་,འཇོས་,TDC,,,
འཇོ་བ་,བཞོས་པ་,བཞོ་བ་,ཞོས་,,,,KN
འཇོག་པ་,བཞག་པ་,གཞག་པ་,ཞོག་,TDC,PH,,KN
འཇོག་པ་,བཞོགས་པ་,གཞོག་པ་,ཞོགས་,TDC,,,
འཇོང་བ་,འཇངས་པ་,འཇང་བ་,འཇོངས་,TDC,,,
འཇོམས་པ་,བཅོམ་པ་,གཞོམ་པ་,ཆོམ་,TDC,PH,,
འཇོམས་པ་,བཅོམ་པ་,གཞོམ་པ་,ཆོམས་,,,GT,KN
འཇོལ་བ་,འཇོལ་བ་,འཇོལ་བ་,,TDC,,,
རྗིད་པ་,རྗིད་པ་,རྗིད་པ་,རྗིད་,,,GT,
རྗུད་པ་,རྗུད་པ་,རྗུད་པ་,རྗུད་,,,GT,
རྗེ་བ་,བརྗེས་པ་,བརྗེ་བ་,རྗེས་,TDC,PH,,KN
རྗེད་པ་,རྗེད་པ་,རྗེད་པ་,རྗེད་,,,GT,
རྗེད་པ་,བརྗེད་པ་,བརྗེད་པ་,རྗེད་,TDC,PH,,KN
རྗོད་པ་,བརྗོད་པ་,བརྗོད་པ་,རྗོད་,,,,KN
རྗོད་པ་,བརྗོད་པ་,བརྗོད་པ་,རྗོད་,TDC,PH,GT,
བརྗིད་པ་,བརྗིད་པ་,བརྗིད་པ་,,TDC,,,
བརྗིད་པ་,བརྗིད་པ་,བརྗིད་པ་,བརྗིད་,TDC,PH,GT,
བརྗེ་བ་,བརྗེས་པ་,བརྗེ་བ་,བརྗེས་,,,GT,
བརྗེད་པ་,བརྗེད་པ,བརྗེད་པ་,,TDC,PH,,
བརྗེད་པ་,བརྗེད་པ,བརྗེད་པ་,བརྗེད་,,,GT,
བརྗེད་པ་,བརྗེད་པ་,བརྗེད་པ་,,,,,KN
ཉ་བ་,ཉ་བ་,ཉ་བ་,,TDC,,,
ཉན་པ་,ཉན༼ད༽་པ་,ཉན་པ་,ཉོན༼ད༽་,,,GT,
ཉན་པ་,མཉན་པ་,མཉན་པ་,ཉོན་,TDC,PH,,KN
ཉམས་པ་,ཉམས་པ་,ཉམས་པ་,,,,,KN
ཉམས་པ་,ཉམས་པ་,ཉམས་པ་,,TDC,PH,,
ཉམས་པ་,ཉམས་པ་,ཉམས་པ་,ཉམས་,,,GT,
ཉར་བ་,ཉར༼ད༽་བ་,ཉར་བ་,ཉར༼ད༽་,,,GT,
ཉར་བ་,ཉར་བ་,ཉར་བ་,ཉོར་,TDC,,,KN
ཉལ་བ་,ཉལ༼ད༽་བ་,ཉལ་བ་,ཉོལ༼ད༽་,,,GT,
ཉལ་བ་,ཉལ་བ་,ཉལ་བ་,ཉོལ་,TDC,,,KN
ཉིལ་བ་,ཉིལ༼ད༽་བ་,ཉིལ་བ་,ཉིལ༼ད༽་,,,GT,
ཉིལ་བ་,ཉིལ་བ་,ཉིལ་བ་,,TDC,,,
ཉུག་པ་,ཉུགས་པ་,ཉུག་པ་,ཉུགས་,TDC,PH,GT,KN
ཉུལ་བ་,ཉུལ༼ད༽་བ་,ཉུལ་བ་,ཉུལ༼ད༽་,TDC,,GT,
ཉུལ་བ་,ཉུལ་བ་,ཉུལ་བ་,ཉུལ་,TDC,,,
ཉེ་བ་,ཉེ་བ་,ཉེ་བ་,,,PH,,
ཉེ་བ་,ཉེ་བ་,ཉེ་བ་,ཉེ་,,,GT,
ཉེད་པ་,ཉེད་པ་,ཉེད་པ་,ཉེད་,TDC,,,
ཉེན་པ་,ཉེན༼ད༽་པ་,ཉེན་པ་,ཉེན༼ད༽་,,,GT,
ཉེན་པ་,ཉེན་པ་,ཉེན་པ་,,TDC,,,
ཉེས་པ་,ཉེས་པ་,ཉེས་པ་,,TDC,PH,,
ཉེས་པ་,ཉེས་པ་,ཉེས་པ་,ཉེས་,,,GT,KN
ཉོ་བ་,ཉོས་པ་,ཉོ་བ་,ཉོས་,,,,KN
ཉོ་བ་,ཉོས་པ་,ཉོ་བ་,ཉོས་,TDC,PH,GT,
ཉོག་པ་,ཉོགས་པ་,ཉོག་པ་,ཉོགས་,,PH,GT,
ཉོབ་པ་,ཉོབ་པ་,ཉོབ་པ་,,TDC,,,
ཉོབ་པ་,ཉོབ་པ་༼ཉོབས་པ་༽,ཉོབ་པ་,ཉོབ་༼ཉོབས་པ་༽,,,GT,
ཉོར་བ་,ཉོར༼ད༽་བ་,ཉོར་བ་,ཉོར༼ད༽་,,,GT,
གཉིད་པ་,གཉིད་པ་,གཉིད་པ་,,TDC,,,
གཉུལ་བ་,གཉུལ༼ད༽་བ་,གཉུལ་བ་,གཉུལ༼ད༽་,,,GT,
གཉུལ་བ་,གཉུལ་བ་,གཉུལ་བ་,གཉུལ་,TDC,,,KN
གཉེག་པ་,གཉགས་པ་,གཉག་པ་,གཉེགས་,,,GT,
གཉེར་བ་,གཉེར༼ད༽་བ་,གཉེར་བ་,གཉེར༼ད༽་,,,GT,
གཉེར་བ་,གཉེར་བ་,གཉེར་བ་,གཉེར་,TDC,PH,,KN
གཉོག་པ་,གཉགས་པ་,གཉག་པ་,གཉོགས་,,,,KN
གཉོག་པ་,གཉགས་པ་,གཉག་པ་,གཉོགས་,TDC,,,
མཉན་པ་,མཉན༼ད༽་པ་,མཉན་པ་,མཉན༼ད༽་,,,GT,
མཉན་པ་,མཉན་པ་,མཉན་པ་,མཉན་,,PH,,
མཉམ་པ་,མཉམ་པ་,ཉམ་པ་,,,,,KN
མཉམ་པ་,མཉམ་པ་,མཉམ་པ་,མཉམ་,,,GT,
མཉེད་པ་,མཉེས་པ་,མཉེ་བ་,མཉེས་,TDC,,,KN
མཉེལ་བ་,མཉེལ༼ད༽་བ་,མཉེལ་བ་,མཉེལ༼ད༽་,,,GT,
མཉེལ་བ་,མཉེལ་བ་,མཉེལ་བ་,,TDC,,,KN
མཉེས་པ་,མཉེས་པ་,མཉེས་པ་,,TDC,PH,,
མཉེས་པ་,མཉེས་པ་,མཉེས་པ་,མཉེས་,,,GT,KN
རྙ་བ་,བརྙས་པ་,བརྙ་བ་,རྙོས་,TDC,PH,GT,
རྙན་པ་,བརྙན༼ད༽་པ་,བརྙན་པ་,རྙན༼ད༽་,,,GT,
རྙན་པ་,བརྙན་པ་,བརྙན་པ་,རྙོན་,TDC,,,
རྙས་པ་,བརྙས་པ་,བརྙས་པ་,རྙས་,,PH,GT,
རྙིང་བ་,བརྙིངས་པ་,བརྙིང་བ་,རྙིངས་,,,GT,
རྙིད་པ་,རྙིད་པ་,རྙིད་པ་,,TDC,,,KN
རྙེད་པ་,རྙེད་པ་,རྙེད་པ་,,,,,KN
རྙེད་པ་,རྙེད་པ་,རྙེད་པ་,,TDC,,,
རྙེད་པ་,བརྙེས་པ་,བརྙེད་པ་,རྙེས་,,PH,GT,
རྙོག་པ་,བརྙོགས་པ་,བརྙོག་པ་,,,PH,,
རྙོག་པ་,བརྙོགས་པ་,བརྙོག་པ་,རྙོགས་,,,GT,
རྙོང་བ་,བརྙངས་པ་,བརྙང་བ་,རྙོངས་,TDC,,GT,KN
རྙོང་བ་,བརྙོངས་པ་,བརྙོང་བ་,རྙོངས་,,,GT,
རྙོབ་པ་,རྙོབ་པ་,རྙོབ་པ་,,TDC,,,
རྙོབ་པ་,བརྙབས་པ་,བརྙབ་པ་,རྙོབས་,,,GT,
སྙག་པ་,བསྙགས་པ་,བསྙག་པ་,སྙགས་,,PH,GT,
སྙད་པ་,བསྙད་པ་,བསྙད་པ་,སྙད་,,,GT,
སྙམ་པ་,སྙམ་པ་,སྙམ་པ་,,TDC,,,KN
སྙམ་པ་,སྙམ་པ་,སྙམ་པ་,སྙམ་,,,GT,
སྙམ་པ་,སྙམས་པ་,སྙམ་པ་,,,PH,,
སྙལ༼ད༽་བ་,བསྙལ༼ད༽་བ་,བསྙལ་བ་,སྙལ༼ད༽་,,,GT,
སྙིག་པ་,བསྙིགས་པ་,བསྙིག་པ་,སྙིགས་,TDC,,GT,KN
སྙིལ་བ་,བསྙིལ༼ད༽་བ་,བསྙིལ་བ་,སྙིལ༼ད༽་,,,GT,
སྙིལ་བ་,བསྙིལ་བ་,བསྙིལ་བ་,སྙིལ་,TDC,,,
སྙིལ་བ་,བསྙིལད་པ་,བསྙིལ་བ་,སྙིལ་,,,,KN
སྙུག་པ་,བསྙུགས་པ་,བསྙུག་པ་,སྙུགས་,TDC,,GT,KN
སྙུང་བ་,བསྙུངས་པ་,བསྙུང་བ་,,TDC,,,
སྙུང་བ་,བསྙུངས་པ་,བསྙུང་བ་,སྙུངས་,TDC,,GT,KN
སྙུན་པ་,བསྙུན༼ད༽་པ་,བསྙུན་པ་,སྙུན༼ད༽་,,,GT,
སྙུན་པ་,བསྙུན་པ་,བསྙུན་པ་,,TDC,,,
སྙུན་པ་,བསྙུནད་པ་,བསྙུན་པ་,,,,,KN
སྙུལ་བ་,བསྙུལ༼ད༽་བ་,བསྙུལ་བ་,སྙུལ༼ད༽་,,,GT,
སྙེ་བ་,བསྙེས་པ་,བསྙེ་བ་,སྙེས་,TDC,,GT,KN
སྙེག་པ་,བསྙེགས་པ་,བསྙེག་པ་,སྙེགས་,,,,KN
སྙེག་པ་,བསྙེགས་པ་,བསྙེག་པ་,སྙེགས་,TDC,PH,GT,
སྙེང་བ་,བསྙེངས་པ་,བསྙེང་བ་,,TDC,,,
སྙེང་བ་,བསྙེངས་པ་,བསྙེང་བ་,སྙེངས་,,,GT,
སྙེན་པ་,བསྙེན༼ད༽་པ་,བསྙེན་པ་,སྙེན༼ད༽་,,,GT,
སྙེན་པ་,བསྙེན་པ་,བསྙེན་པ་,སྙེན་,TDC,,,
སྙེན་པ་,བསྙེནད་པ་,བསྙེན་པ་,སྙེན་,,,,KN
སྙེམ་པ་,བསྙམས་པ་,བསྙེམ་པ་,སྙེམས་,,,,KN
སྙེམ་པ་,བསྙེམས་པ་,བསྙེམ་པ་,,TDC,,,
སྙེམས་པ་,བསྙེམས་པ་,བསྙེམ་པ་,སྙེམས་,,,GT,
སྙེར་བ་,བསྙེར༼ད༽་བ་,བསྙེར་བ་,སྙེར༼ད༽་,,,GT,
སྙེར་བ་,བསྙེར་བ་,བསྙེར་བ་,སྙེར་,TDC,,,
སྙེར་བ་,བསྙེརད་པ་,བསྙེར་བ་,སྙེར་,,,,KN
སྙེལ་བ་,བསྙེལ༼ད༽་བ་,བསྙེལ་བ་,སྙེལ༼ད༽་,,,GT,
སྙོག་པ་,བསྙགས་པ་,བསྙག་པ་,སྙོགས་,TDC,,,
སྙོག་པ་,བསྙོགས་པ་,བསྙོག་པ་,སྙོགས་,TDC,,,KN
སྙོད་པ་,བསྙད་པ་,བསྙད་པ་,སྙོད་,,,,KN
སྙོད་པ་,བསྙད་པ་,བསྙད་པ་,སྙོད་,TDC,PH,,
སྙོད་པ་,བསྙོད་པ་,བསྙོད་པ་,སྙོད་,TDC,,GT,KN
སྙོན་པ་,བསྙོན༼ད༽་པ་,བསྙོན་པ་,སྙོན༼ད༽་,,,GT,
སྙོན་པ་,བསྙོན་པ་,བསྙོན་པ་,སྙོན་,TDC,PH,,
སྙོན་པ་,བསྙོནད་པ་,བསྙོན་པ་,སྙོན་,,,,KN
སྙོབ་པ་,བསྙབས་པ་,བསྙབ་པ་,སྙོབས་,TDC,,GT,
སྙོབ་པ་,བསྙབས་པ་,བསྙམ་པ་,སྙོབས་,,,,KN
སྙོམ་པ་,བསྙམས་པ་,བསྙབ་པ་,སྙོམས་,,,,KN
སྙོམ་པ་,བསྙམས་པ་,བསྙམ་པ་,སྙོམས་,TDC,PH,,
སྙོམས་པ་,བསྙམས་པ་,བསྙམ་པ་,སྙོམས་,,,GT,
སྙོར་བ་,བསྙོར༼ད༽་བ་,བསྙོར་བ་,སྙོར༼ད༽་,,,GT,
སྙོར་བ་,བསྙོར་བ་,བསྙོར་བ་,སྙོར་,TDC,,,KN
སྙོལ་བ་,བསྙལ༼ད༽་བ་,བསྙལ་བ་,སྙོལ༼ད༽་,,,GT,
སྙོལ་བ་,བསྙལ་བ་,བསྙལ་བ་,སྙོལ་,TDC,,,
སྙོལ་བ་,བསྙལད་པ་,བསྙལ་བ་,སྙོལ་,,,,KN
བརྙས་པ་,བརྙས་པ་,བརྙས་པ་,བརྙས་,TDC,,,KN
བརྙེས་པ་,བརྙེས་པ་,རྙེས་པ་,བརྙེས་,,,,KN
བརྙེས་པ་,བརྙེས་པ་,བརྙེས་པ་,,TDC,,,
བརྙོག་པ་,བརྙོགས་པ་,བརྙོག་པ་,,TDC,,,
བསྙེལ་བ་,བསྙེལ་བ་,བསྙེལ་བ་,,TDC,,,KN
གཏམ་པ་,གཏམས་པ་,གཏམ་པ་,གཏོམས་,,,,KN
གཏམ་པ་,གཏམས་པ་,གཏམ་པ་,གཏོམས་,TDC,,,
གཏམ་པ་,གཏམས་པ་,གཏམ་པ་༼གདམས་པ་༽,གཏམས་,,,GT,
གཏམ་པ་,བཏམས་པ་,བཏམ་པ་,གཏོམས་,TDC,,,
གཏམས་པ་,གཏམས་པ་,གཏམས་པ་,གཏོམས་,TDC,,,
གཏར་བ་,གཏར༼ད༽་བ་,གཏར་བ་,གཏར༼ད༽་,TDC,,GT,
གཏར་བ་,གཏར་བ་,གཏར་བ་,གཏོར་,TDC,,,KN
གཏིག་པ་,བཏིགས་པ་,བཏིག་པ་,གཏིགས་,,,,KN
གཏིག་པ་,བཏིགས་པ་,བཏིག་པ་,གཏིགས་,TDC,,,
གཏིགས་པ་,བཏིག་པ་,བཏིག་པ་,གཏིགས་,TDC,,GT,
གཏིབ་པ་,གཏིབས་པ་,གཏིབ་པ་,གཏིབས་,TDC,PH,,KN
གཏིབས་པ་,གཏིབ་པ་,གཏིབ་པ་,གཏིབས་,,,GT,
གཏུག་པ་,གཏུགས་པ་,གཏུག་པ་,གཏུགས་,TDC,,,KN
གཏུགས་པ་,གཏུག་པ་,གཏུག་པ་,གཏུགས་,,,GT,
གཏུགས་པ་,གཏུགས་པ་,གཏུགས་པ་,,TDC,PH,,
གཏུབ་པ་,གཏུགས་པ་,གཏུབ་པ་,གཏུགས་,,,,KN
གཏུབ་པ་,གཏུབས་པ་,གཏུབ་པ་,གཏུབས་,TDC,,,
གཏུམ་པ་,བཏུམས་པ་,གཏུམ་པ་,ཐུམས་,TDC,,,
གཏུལ་བ་,གཏུལ་བ་,གཏུལ་བ་,གཏུལ་,TDC,,,
གཏོག་པ་,གཏོག་པ་,གཏོག་པ་,གཏོག་,,,GT,
གཏོག་པ་,གཏོགས་པ་,གཏོག་པ་,གཏོགས་,TDC,,,KN
གཏོགས་པ་,གཏོགས་པ་,གཏོགས་པ་,,TDC,,,
གཏོགས་པ་,གཏོགས་པ་,གཏོགས་པ་,གཏོགས་,,PH,GT,KN
གཏོང་བ་,བཏང་བ་,གཏང་བ་,ཐོང་,,,,KN
གཏོང་བ་,བཏང་བ་,གཏང་བ་,ཐོང་,TDC,,,
གཏོང་བ་,བཏང་བ་,གཏང་བ་,ཐོང་༼ཐོངས་༽,TDC,PH,,
གཏོད་པ་,གཏད་པ་,གཏད་པ་,གཏོད་,TDC,PH,,KN
གཏོད་པ་,བཏོད་པ་,གཏོད་པ་,གཏོད་,,,,KN
གཏོད་པ་,བཏོད་པ་,གཏོད་པ་,གཏོད་,TDC,,GT,
གཏོར་བ་,གཏོར་བ་,གཏོར་བ་,གཏོར་,TDC,,,KN
གཏོལ་བ་,བཏོལ༼ད༽་བ་,བཏོལ་བ་,གཏོལ༼ད༽་,,,GT,
རྟབ་པ་,བརྟབས་པ་,བརྟབ་པ་,,TDC,,,
རྟབ་པ་,བརྟབས་པ་,བརྟབ་པ་,རྟབས་,,,GT,
རྟུན་པ་,བརྟུན༼ད༽་པ་,བརྟུན་པ་,རྟུན༼ད༽་,,,GT,
རྟུན་པ་,བརྟུན་པ་,བརྟུན་པ་,རྟུན་,,,,KN
རྟུལ་བ་,བརྟུལ༼ད༽་བ་,བརྟུལ་བ་,རྟུལ༼ད༽་,,,GT,
རྟུལ་བ་,བརྟུལ་བ་,བརྟུལ་བ་,རྟུལ་,TDC,PH,,KN
རྟེན་པ་,བརྟེན༼ད༽་པ་,བརྟེན་པ་,རྟེན༼ད༽་,,,GT,
རྟེན་པ་,བརྟེན་པ་,བརྟེན་པ་,རྟེན་,TDC,PH,,KN
རྟོག་པ་,བརྟགས་པ་,བརྟག་པ་,རྟགས་,,,GT,
རྟོག་པ་,བརྟགས་པ་,བརྟག་པ་,རྟགས་༼རྟོགས་༽,,PH,,
རྟོག་པ་,བརྟགས་པ་,བརྟག་པ་,རྟོགས་,TDC,,,KN
རྟོགས་པ་,རྟོགས་པ་,རྟོགས་པ་,,TDC,,,
རྟོགས་པ་,རྟོགས་པ་,རྟོགས་པ་,རྟོགས་,,PH,GT,KN
རྟོད་པ,བརྟོད་པ་,བརྟོད་པ་,རྟོད་,TDC,,GT,
རྟོད་པ་,བརྟོད་པ་,བརྟོད་པ་,རྟོད་,,,,KN
རྟོན་པ་,བརྟན༼ད༽་པ་,བརྟོན་པ་༼བརྟན་པ་༽,རྟོན༼ད༽་,,,GT,
རྟོན་པ་,བརྟན་པ་,བརྟན་པ་,རྟོན་,TDC,,,KN
རྟོན་པ་,བརྟན་པ་,བརྟན་པ་༼བརྟོན་པ་༽,རྟོན་,,PH,,
རྟོལ་བ་,བརྟོལ༼ད༽་བ་,བརྟོལ་བ་,རྟོལ༼ད༽་,,,GT,
རྟོལ་བ་,བརྟོལ་བ་,བརྟོལ་བ་,,TDC,,,
རྟོལ་བ་,བརྟོལ་བ་,བརྟོལ་བ་,རྟོལ་,TDC,,,KN
ལྟ་བ་,བལྟས་པ་,བལྟ་བ་,ལྟོས་,,,,KN
ལྟ་བ་,བལྟས་པ་,བལྟ་བ་,ལྟོས་,TDC,,GT,
ལྟ་བ་,བལྟས་པ་,བལྟ་བ་,ལྟོས་༼ལྟས་༽,,PH,,
ལྟབ་པ་༼ལྟེབ་པ་༽,བལྟབས་པ་,བལྟབ་པ་,ལྟབས་༼ལྟེབས་༽,,,GT,
ལྟམ་པ་,བལྟམས་པ་,བལྟམ་པ་,ལྟམས་,,,GT,
ལྟམ་པ་,བལྟམས་པ་,བལྟམ་པ་,ལྟོམས་,,,,KN
ལྟུང་བ་,ལྟུངས་པ་,ལྟུང་བ་,,TDC,PH,,KN
ལྟུང་བ་,ལྟུངས་པ་,ལྟུང་བ་,ལྟུང་,,,GT,
ལྟེབ་པ་,བལྟབས་པ་,བལྟབ་པ་,ལྟེབས་,,,,KN
ལྟེབ་པ་,བལྟབས་པ་,བལྟབ་པ་,ལྟོབས་,TDC,,,
ལྟེམ་པ་,ལྟེམ་པ་,ལྟེམ་པ་,,TDC,,,
ལྟོག་པ་,ལྟོགས་པ་,ལྟོག་པ་,ལྟོགས་,,PH,GT,
ལྟོགས་པ་,ལྟོགས་པ་,ལྟོགས་པ་,,TDC,,,
ལྟོས་པ་,བལྟོས་པ་,ལྟོས་པ་,,TDC,PH,,
སྟང་བ་,བསྟངས་པ་,བསྟང་བ་,སྟོངས་,TDC,,,
སྟད་པ་,བསྟད་པ་,བསྟད་པ་,སྟད་,,,GT,
སྟར་བ་,བསྟར༼ད༽་བ་,བསྟར་བ་,སྟར༼ད༽་,,,GT,
སྟར་བ་,བསྟར་བ་,བསྟར་བ་,སྟར་,,,,KN
སྟར་བ་,བསྟར་བ་,བསྟར་བ་,སྟར་༼སྟོར་༽,,PH,,
སྟར་བ་,བསྟར་བ་,བསྟར་བ་,སྟོར་,TDC,,,
སྟི་བ་,བསྟིས་པ་,བསྟི་བ་,སྟིས་,TDC,,GT,
སྟིང་བ་,བསྟིངས་པ་,བསྟིང་བ་,སྟིངས་,TDC,,,
སྟིབ་པ་,བསྟིབས་པ་,བསྟིབ་པ་,སྟིབས་,,,GT,
སྟིམ་པ་,བསྟིམས་པ་,བསྟིམ་པ་,སྟིམས་,,,,KN
སྟིམ་པ་,བསྟིམས་པ་,བསྟིམ་པ་,སྟིམས་,TDC,,GT,
སྟིར་བ་,བསྟིར༼ད༽་བ་,བསྟིར་བ་,སྟིར༼ད༽་,,,GT,
སྟུག་པ་,བསྟུགས་པ་,བསྟུག་པ་,སྟུགས་,,,GT,
སྟུང་བ་,བསྟུངས་པ་,བསྟུང་བ་,སྟུངས་,TDC,,GT,KN
སྟུད་པ་,བསྟུད་པ་,བསྟུད་པ་,སྟུད་,TDC,,GT,
སྟུད་པ་,བསྟུད་པ་,བསྟུད་པ་,འཐུད་,,,,KN
སྟུན་པ་,སྟུན༼ད༽་པ་,སྟུན་པ་,སྟུན༼ད༽་,,,GT,
སྟུན་པ་,བསྟུན་པ་,བསྟུན་པ་,སྟུན་,TDC,PH,,KN
སྟེན་པ་,བསྟེན༼ད༽་པ་,བསྟེན་པ་,སྟེན༼ད༽་,,,GT,
སྟེན་པ་,བསྟེན་པ་,བསྟེན་པ་,སྟེན་,TDC,PH,,KN
སྟེར་བ་,སྟེར་བ་,སྟེར་བ་,སྟེར་,,,,KN
སྟེར་བ་,སྟེར་བ་,སྟེར་བ་,སྟེར་,TDC,PH,,
སྟེར་བ་,བསྟེར༼ད༽་བ་,བསྟེར་བ་,སྟེར༼ད༽་,,,GT,
སྟོང་བ་,སྟོངས་པ་,སྟོང་བ་,,TDC,,,
སྟོང་བ་,སྟོངས་པ་,སྟོང་བ་,སྟོངས་,,PH,GT,KN
སྟོངས་པ་,བསྟོངས་པ་,བསྟོང་བ་,སྟོངས་,,,GT,
སྟོད་པ་,བསྟད་པ་,བསྟད་པ་,སྟོད་,TDC,,,KN
སྟོན་པ་,བསྟན༼ད༽་པ་,བསྟན་པ་,སྟོན༼ད༽་,,,GT,
སྟོན་པ་,བསྟན་པ་,བསྟན་པ་,སྟོན་,TDC,PH,,KN
སྟོབ་པ་,བསྟབས་པ་,བསྟབ་པ་,སྟོབས་,,,,KN
སྟོབ་པ་,བསྟབས་པ་,བསྟབ་པ་,སྟོབས་,TDC,PH,GT,
སྟོར་བ་,སྟོར་བ་,སྟོར་བ་,,TDC,,,
སྟོར་བ་,བསྟར་བ་,བསྟར་བ་,སྟོར་,TDC,PH,,
སྟོར་བ་,བསྟོར༼ད༽་བ་,བསྟོར་བ་,སྟོར༼ད༽་,,,GT,
བརྟ་བ་,བརྟས་པ་,བརྟ་བ་,,TDC,,,KN
བརྟ་བ་,བརྟས་པ་,བརྟའ་བ་,རྟས་,,,GT,
བལྟམས་པ་,བལྟམས་པ་,བལྟམས་པ་,,TDC,PH,,
བསྟི་བ་,བསྟིས་པ་,བསྟི་བ་,སྟིས་,,,,KN
བསྟུན་པ་,བསྟུན༼ད༽་པ་,བསྟུན་པ་,བསྟུན༼ད༽་,,,GT,
བསྟོད་པ་,བསྟོད་པ་,བསྟོད་པ་,བསྟོད་,TDC,PH,,KN
བསྟོད་པ་༼སྟོད་པ་༽,བསྟོད་པ་,བསྟོད་པ་,སྟོད་༼བསྟོད་༽,,,GT,
ཐར་བ་,ཐར༼ད༽་བ་,ཐར་བ་,ཐར༼ད༽་,,,GT,
ཐར་བ་,ཐར་བ་,ཐར་བ་,,TDC,,,KN
ཐར་བ་,ཐར་བ་,ཐར་བ་,ཐར་,,PH,,
ཐལ་བ་,ཐལ་བ་,ཐལ་བ་,,TDC,PH,,
ཐིག་པ་,ཐིག་པ་,ཐིག་པ་,,TDC,,,
ཐིང་བ་,ཐིངས་པ་,ཐིང་བ་,,TDC,,,
ཐིམ་པ་,ཐིམ་པ་,ཐིམ་པ་,,TDC,PH,,
ཐུག་པ་,ཐུག་པ་,ཐུག་པ་,,TDC,,,
ཐུག་པ་,ཐུག་པ་,ཐུག་པ་,ཐུག་,,PH,GT,
ཐུབ་པ་,བཏུབས་པ་,བཏུབ་པ་,ཐུབ་,,PH,GT,
ཐུབ་པ་,ཐུབ་པ་,ཐུབ་པ་,,TDC,,,
ཐུབ་པ་,ཐུབ་པ་,ཐུབ་པ་,ཐུབ་,,PH,GT,
ཐུལ་བ་,ཐུལ་བ་,ཐུལ་བ་,,TDC,PH,,
ཐེ་བ་,ཐེ་བ་,ཐེ་བ་,,TDC,,,
ཐེ་བ་,ཐེ་བ་,ཐེ་བ་,ཐེ་,,,,KN
ཐེག་པ་,ཐེག་པ་,ཐེག་པ་,,TDC,,,
ཐེག་པ་,ཐེགས་པ་,ཐེག་པ་,ཐེགས་,,,GT,
ཐེགས་པ་,ཐེགས་པ་,ཐེགས་པ་,,TDC,,,
ཐེང་བ་,ཐེངས་པ་,ཐེང་བ་,,TDC,,,
ཐེབས་པ་,ཐེབས་པ་,ཐེབས་པ་,,TDC,,,
ཐེབས་པ་,ཐེབས་པ་,ཐེབས་པ་,ཐེབས་,,,,KN
ཐོགས་པ་,ཐོགས་པ་,ཐོགས་པ་,,TDC,PH,,
ཐོགས་པ་,ཐོགས་པ་,ཐོགས་པ་,ཐོགས་,TDC,PH,,
ཐོང་བ་,ཐོང་བ་,ཐོང་བ་,,TDC,PH,,
ཐོམས་པ་,འཐོམས་པ་,འཐོམས་པ་,,,,,KN
ཐོས་པ་,ཐོས་པ་,ཐོས་པ་,,TDC,,,KN
ཐོས་པ་,ཐོས་པ་,ཐོས་པ་,ཐོས་,,PH,GT,
མཐུད་པ་,མཐུད་པ་,མཐུད་པ་,མཐུད་,TDC,,GT,KN
མཐུན་པ་,མཐུན༼ད༽་པ་,མཐུན་པ་,མཐུན༼ད༽་,,,GT,
མཐུན་པ་,མཐུན་པ་,མཐུན་པ་,,TDC,,,
མཐུན་པ་,མཐུན་པ་,མཐུན་པ་,མཐུན་,,PH,,KN
མཐོང་བ་,མཐོང་བ་,མཐོང་བ་,,,,,KN
མཐོང་བ་,མཐོང་བ་,མཐོང་བ་,,TDC,,,
མཐོང་བ་,མཐོང་བ་,མཐོང་བ་,མཐོང་,,PH,GT,
མཐོལ་བ་,མཐོལ་བ་,མཐོལ་བ་,,TDC,,,
མཐོལ་བ་,མཐོལ་བ་,མཐོལ་བ་,མཐོལ་,,,,KN
འཐག་པ་,བཏགས་པ་,བཏག་པ་,འཐོག་,TDC,,,KN
འཐག་པ་,ཐག་པ་,འཐག་པ་,,TDC,PH,,
འཐད་པ་,འཐད་པ་,འཐད་པ་,,TDC,,,
འཐད་པ་,འཐད་པ་,འཐད་པ་,འཐད་,,PH,GT,
འཐབ་པ་,འཐབས་པ་,འཐབ་པ་,འཐབས་,,,GT,
འཐབ་པ་,འཐབས་པ་,འཐབ་པ་,འཐོབས་,TDC,PH,,
འཐམ་པ་,འཐམས་པ་,འཐམ་པ་,འཐོམས་,TDC,,,KN
འཐམས་པ་,ཐམས་པ་,འཐམ་པ་,ཐམས་,,,GT,
འཐལ༼ད༽་བ་,ཐལ་བ་,འཐལ་བ་,ཐལ༼ད༽་,,,GT,
འཐིགས་པ་,ཐིགས་པ་,འཐིག་པ་,ཐིགས་,,,GT,
འཐིབས་པ་,ཐིབ་པ་,འཐིབ་པ་,ཐིབས་,,,GT,
འཐིབས་པ་,འཐིབས་པ་,འཐིབས་པ་,,TDC,,,KN
འཐིབས་པ་༼འཐིབ་པ་༽,འཐིབས་པ་,འཐིབས་པ་༼འཐིབ་པ་༽,,,PH,,
འཐིམས་པ་,ཐིམ་པ་,འཐིམ་པ་,ཐིམས་,,,GT,
འཐུ་བ་,བཏུས་པ་,བཏུ་བ་,ཐུས་,TDC,,,KN
འཐུ་བ་,བཏུས་པ་,བཏུ་བ་,འཐུ་,,,GT,
འཐུ་བ་,ཐུ་པ་,ཐུ་བ་,ཐུ་,,,GT,
འཐུ་བ་,འཐུས་པ་,འཐུ་བ་,འཐུས་,TDC,,GT,
འཐུང་བ་,བཏུངས་པ་,བཏུང་བ་,ཐུངས་,,,GT,
འཐུང་བ་,བཏུངས་པ་,བཏུང་བ་,འཐུངས་,TDC,PH,,KN
འཐུབ་པ་,གཏུབས་བ་,གཏུབ་པ་,འཐུབས་,,,GT,
འཐུམ་པ་,བཏུམས་པ་,གཏུམ་པ་,ཐུམས་,,,,KN
འཐུམ་པ་,ཐུམ་པ་,འཐུམ་པ་,ཐུམས་,,,GT,
འཐུམས་པ་,འཐུམས་པ་,འཐུམས་པ་,,TDC,,,
འཐུལ༼ད༽་བ་,ཐུལ་བ་,འཐུལ་བ་,ཐུལ༼ད༽་,,,GT,
འཐུལ་བ་,འཐུལ་བ་,འཐུལ་བ་,,TDC,,,
འཐུས་པ་,འཐུས་པ་,འཐུས་པ་,,TDC,,,
འཐུས་པ་,འཐུས་པ་༼ཐུས་པ་༽,འཐུས་པ་,འཐུས་,,,GT,
འཐེ་བ་,ཐེ་བ་,ཐེ་བ་,ཐེས་,,,GT,
འཐེང་བ་,འཐེངས་བ་,འཐེང་བ་,,TDC,,,
འཐེན་པ་,ཐེན༼ད༽་པ་,ཐེན་པ་,འཐེན༼ད༽་,,,GT,
འཐེན་པ་,ཐེན་པ་,ཐེན་པ་,འཐེན་,,PH,,
འཐེན་པ་,འཐེན་པ་,འཐེན་པ་,འཐེན་,TDC,,,KN
འཐེབ་པ་,ཐེབས་པ་,ཐེབ་པ་,འཐེབས་,,,GT,
འཐེབ་པ་,འཐེབས་པ་,འཐེབ་པ་,,,,,KN
འཐེབས་པ་,ཐེབས་པ་,འཐེབ་པ་,,,PH,,
འཐེབས་པ་,ཐེབས་པ་,འཐེབས་པ་,,,PH,,
འཐེམ་པ་,ཐེམས་པ་,འཐེམ་པ་,,TDC,,,
འཐེམས་པ་,ཐེམ་པ་,འཐེམ་པ་,ཐེམས་,,,GT,
འཐོག་པ་,བཏོགས་པ་,བཏོག་པ་,འཐོགས་,TDC,PH,GT,KN
འཐོག་པ་,ཐོགས་པ་,འཐོག་པ་,ཐོགས་,,,GT,
འཐོགས་པ་,ཐོགས་པ་,ཐོག་པ་,ཐོགས་,,,GT,
འཐོན༼ད༽་པ་,ཐོན་པ་,འཐོན་པ་,ཐོན༼ད༽་,,,GT,
འཐོན་པ་,ཐོན་པ་,འཐོན་པ་,,TDC,PH,,
འཐོན་པ་,ཐོན་པ་,འཐོན་པ་,ཐོན་,TDC,,,KN
འཐོབ་པ་,ཐོབ་པ་,ཐོབ་པ་,འཐོབས་,,,GT,
འཐོབ་པ་,ཐོབ་པ་,འཐོབ་པ་,,TDC,,,KN
འཐོབ་པ་,ཐོབ་པ་,འཐོབ་པ་,འཐོབས་,,PH,,
འཐོམས་པ་,ཐོམ་པ་,འཐོམ་པ་,ཐོམས་,,,GT,
འཐོམས་པ་,འཐོམས་པ་,འཐོམས་པ་,,TDC,,,
འཐོར༼ད༽་བ་,གཏོར༼ད༽་བ་,གཏོར་བ་,གཏོར༼ད༽་,,,GT,
འཐོར་བ་,ཐོར་བ་,འཐོར་བ་,ཐོར༼ད༽་,,,GT,
འཐོར་བ་,འཐོར་བ་,འཐོར་བ་,,TDC,,,
འཐོལ༼ད༽་བ་,ཐོལ་བ་,འཐོལ་བ་,ཐོལ༼ད༽་,,,GT,
དད་པ་,དད་པ་,དད་པ་,,TDC,,,
དད་པ་,དད་པ་,དད་པ་,དད་,,PH,GT,KN
དར་བ་,དར༼ད༽་བ་,དར་བ་,དར༼ད༽་,,,GT,
དར་བ་,དར་བ་,དར་བ་,,TDC,,,
དར་བ་,དར་བ་,དར་བ་,དར་,,PH,,KN
དུང་བ་,དུངས་པ་,དུང་བ་,,TDC,,,
དུད་པ་,དུད་པ་,དུད་པ་,,TDC,,,
དུབ་པ་,དུབ་པ་,དུབ་པ་,,TDC,,,KN
དུར་བ་,དུར༼ད༽་བ་,དུར་བ་,དུར༼ད༽་,,,GT,
དུར་བ་,འདུར་བ་,འདུར་བ་,འདུར་,,,,KN
དུལ་བ་,དུལ༼ད༽་བ་,དུལ་བ་,དུལ༼ད༽་,,,GT,
དོ་བ་,དོ་བ་,དོ་བ་,,TDC,,,
དོགས་པ་,དོགས་པ་,དོགས་པ་,,TDC,PH,,
དོད་པ་,་དོད་པ་,དོད་པ་,,TDC,,,
དོད་པ་,་དོད་པ་,དོད་པ་,དོད་,,,GT,
དོན་པ་,དོན༼ད༽་པ་,དོན་པ་,དོན༼ད༽་,,,GT,
དོར་བ་,དོར་བ་,དོར་བ་,དོར་,,,,KN
དྭངས་པ་,དྭངས་པ་,དྭངས་པ་,,TDC,,,
དྭངས་པ་,དྭངས་པ་,དྭངས་པ་,དྭངས་,,,GT,
དྭོགས་པ་,དྭོགས་པ་,དྭོགས་པ་,དྭོགས་,,,GT,
དྲ་བ་,དྲས་པ་,དྲ་བ་,དྲས་,,,GT,
དྲ་བ་,དྲས་པ་,དྲ་བ་,དྲོས་,,,,KN
དྲག་པ་,དྲག་པ་,དྲག་པ་,,TDC,PH,,KN
དྲག་པ་,དྲག་པ་,དྲག་པ་,དྲག་,,,GT,
དྲན་པ་,དྲན༼ད༽་པ་,དྲན་པ་,དྲན༼ད༽་,,,GT,
དྲན་པ་,དྲན་པ་,དྲན་པ་,དྲན་,TDC,,,
དྲུབ་པ་,དྲུབས་པ་,དྲུབ་པ་,དྲུབས་,TDC,,,
དྲེགས་པ་,དྲེགས་པ་,དྲེགས་པ་,,TDC,,,
དྲེགས་པ་,དྲེགས་པ་,དྲེགས་པ་,དྲེགས་,,,GT,
དྲོ་བ་,དྲོས་པ་,དྲོ་བ་,,TDC,,,
གདང་བ་,གདངས་པ་,གདང་བ་,གདངས་,,,GT,
གདང་བ་,གདངས་པ་,གདང་བ་,གདོངས་,TDC,,,KN
གདལ་བ་,གདལ༼ད༽་བ་,བདལ་བ་,གདལ༼ད༽་,,,GT,
གདལ་བ་,གདལ་བ་,གདལ་བ་,,TDC,,,
གདས་པ་,གདས་པ་,གདས་པ་,གདས་,TDC,,,KN
གདུ་བ་,གདུས་པ་,གདུ་བ་,གདུས་,,,,KN
གདུ་བ་,གདུས་པ་,གདུ་བ་,གདུས་,TDC,,,
གདུང་བ་,གདུངས་པ་,གདུང་བ་,,TDC,,,
གདུང་བ་,གདུངས་པ་,གདུང་བ་,གདུངས་,,PH,GT,KN
གདེང་བ་,གདེངས་པ་,གདེང་བ་,གདེངས་,,,,KN
གདེང་བ་,གདེངས་པ་,གདེང་བ་,གདེངས་,TDC,,GT,
བདག་པ་,བདག་པ་,བདག་པ་,,TDC,,,
བདག་པ་,བདག་པ་,བདག་པ་,བདག་,,,GT,
བདར་བ་,བདར༼ད༽་བ་,བདར་བ་,བདར༼ད༽་,,,GT,
བདར་བ་,བདར་བ་,བདར་བ་,བདོར་,TDC,,,KN
བདལ་བ་,བདལ་བ་,བདལ་བ་,བདོལ་,TDC,,,
བདུག་པ་,བདུགས་པ་,བདུག་པ་,བདུགས་,TDC,,GT,KN
བདུང་བ་,བདུངས་པ་,བདུང་བ་,བདུངས་,,,,KN
བདུང་བ་,བདུངས་པ་,བདུང་བ་,བདུངས་,TDC,,,
བདོ་བ་,བདོ་བ་,བདོ་བ་,,TDC,,,
བདོ་བ་,བདོ་བ་,བདོ་བ་,བདོ་,,,GT,
བདོད་པ་,བདོད་པ་,བདོད་པ་,བདོད་,,,,KN
མདུད་པ་,མདུད་པ་,མདུད་པ་,མདུད་,TDC,PH,,KN
འདག་པ་,དག་པ་,འདག་པ་,,,,,KN
འདག་པ་,དག་པ་,འདག་པ་,,TDC,PH,,
འདག་པ་,དག་པ་,འདག་པ་,འདག་༼འདགས་༽,,,GT,
འདང་བ་,འདངས་པ་,འདང་བ་,,TDC,,,KN
འདམ་པ་,བཏམ་པ་,གཏམ་པ་,ཐོམ་,TDC,,,
འདམ་པ་,བདམས་པ་,བདམ་པ་,འདོམས་,TDC,,,
འདའ་བ་,འདས་པ་,འདའ་བ་,,,,,KN
འདའ་བ་,འདས་པ་,འདའ་བ་,,TDC,PH,,
འདར་བ་,འདར༼ད༽་བ་,འདར་བ་,འདར་,,,GT,
འདར་བ་,འདར་བ་,འདར་བ་,,TDC,,,
འདལ༼ད༽་བ་,དལ་བ་,འདལ་བ་,དལ༼ད༽་,,,GT,
འདལ་བ་,དལ༼ད༽་བ་,འདལ་བ་,འདོལ༼ད༽་༼འདོལ་༽,,,GT,
འདལ་བ་,འདལ་བ་,འདལ་བ་,,TDC,,,
འདིང་བ་,བཏིང་བ་,གདིང་བ་,ཐིང་,TDC,PH,,
འདིང་བ་,བཏིང་བ་,གདིང་བ་,ཐིངས་,,,,KN
འདིང་བ་༼འདིངས་པ་༽,བཏིང་བ་,གདིང་བ་,ཐིངས་,,,GT,
འདུ་བ་,འདུས་པ་,འདུ་བ་,འདུས་,TDC,PH,,KN
འདུག་པ་,འདུག་པ་,འདུག་པ་,,TDC,PH,,
འདུང་བ་༼བདུང་བ་༽,བདུངས་པ་,བདུང་བ་,བདུངས་,,,GT,
འདུད་པ་,བཏུད་པ་,བཏུད་པ་,འདུད་,,,GT,
འདུད་པ་,བཏུད་པ་,གདུད་པ་,ཐུད་,TDC,PH,,KN
འདུད་པ་,དུད་པ་,འདུད་པ་,དུད་,,,GT,
འདུད་པ་,འདུས་པ་,འདུ་པ་,འདུས་,,,GT,
འདུན་པ་,འདུན༼ད༽་པ་,འདུན་པ་,འདུན༼ད༽་,,,GT,
འདུན་པ་,འདུན་པ་,འདུན་པ་,,TDC,,,
འདུན་པ་,འདུན་པ་,འདུན་པ་,འདུན་,,PH,,
འདུམ་པ་,འདུམས་པ་,འདུམ་པ་,,TDC,PH,,
འདུར་བ་,འདུར་བ་,འདུར་བ་,,TDC,,,
འདུལ་པ་,བཏུལ་པ་,གདུམ་པ་,ཐུལ༼ད༽་,,,GT,
འདུལ་བ་,བཏུལ་བ་,གདུལ་བ་,ཐུལ་,TDC,PH,,KN
འདེགས་པ་,བཏེག་པ་,གདེག་པ་,ཐེག་,TDC,,,
འདེགས་པ་,བཏེག་པ་,གདེག་པ་,འདེགས་,,PH,,
འདེགས་པ་,བཏེགས་པ་,གདེག་པ་,ཐེགས་,,,,KN
འདེགས་པ་༼འདེག་པ་༽,བཏེག་པ་,བདེག་པ་,འདེགས་,,,GT,
འདེང་བ་,དེངས་པ་,དེང་བ་,འདེངས་,,,GT,
འདེད་པ་,བདས་པ་,བདའ་བ་,དེད་,TDC,PH,GT,KN
འདེབས་པ་,བཏབ་པ་,གདབ་པ་,ཐོབ་,,,,KN
འདེབས་པ་,བཏབ་པ་,གདབ་པ་,ཐོབ་,TDC,,,
འདེབས་པ་,བཏབ་པ་,གདབ་པ་,ཐོབས་,,PH,GT,
འདེམ་པ་,བདམས་པ་༼གདམས་པ་༽,བདམ་པ་༼གདམ་པ་༽,འདེམས་,,,GT,
འདེམས་པ་,བདམས་པ་,གདམ་པ་,འདོམས་,,,,KN
འདོགས་པ་,བཏགས་པ་,གདགས་པ་,ཐོགས་,TDC,PH,,KN
འདོང་བ་,དོང་བ་,འདོང་བ་,དེངས་,,,,KN
འདོང་བ་,དོང་བ་,འདོང་བ་,དེངས་,TDC,PH,,
འདོངས་བ་,དོང་བ་,འདོང་བ་,དོངས་,TDC,PH,,
འདོད་པ་,འདོད་པ་,དོད་པ་,,,,,KN
འདོད་པ་,འདོད་པ་,འདོད་པ་,,TDC,,,
འདོད་པ་,འདོད་པ་,འདོད་པ་,འདོད་,,PH,GT,
འདོན་པ་,བཏོན་པ་,གདོན་པ་,ཐོན་,TDC,PH,,KN
འདོན་པ་,བཏོན་པ་,གདོན་པ་,འདོན༼ད༽་,,,GT,
འདོམ་པ་,འདོམས་པ་,འདོམ་པ་,,TDC,,,
འདོམས་པ་,གདམས་པ་,གདམ་པ་,འདོམས་,TDC,PH,GT,KN
འདོར་བ་,དོར༼ད༽་བ་,དོར་བ་,འདོར༼ད༽་,,,GT,
འདོར་བ་,དོར་བ་,དོར་བ་,,,PH,,
འདོར་བ་,དོར་བ་,དོར་བ་,དོར་,TDC,,,KN
འདྲ་བ་,དྲས་པ་,དྲ་བ་,དྲོས་,TDC,PH,,
འདྲ་བ་,འདྲ་པ་,འདྲ་བ་,,,PH,,
འདྲད་པ་,དྲད་པ་,དྲད་པ་,འདྲད་,,,GT,
འདྲད་པ་,དྲེད་པ་,འདྲེད་པ་,དྲེད་,,,GT,
འདྲད་པ་,འདྲད་པ་,འདྲད་པ་,འདྲོད་,TDC,,,KN
འདྲལ་བ་,དྲལ༼ད༽་བ་,དྲལ་བ་,འདྲལ༼ད༽་,,,GT,
འདྲལ་བ་,དྲལ་བ་,དྲལ་བ་,དྲོལ་,TDC,,,KN
འདྲི་བ་,དྲིས་པ་,དྲི་བ་,དྲིས་,,,,KN
འདྲི་བ་,དྲིས་པ་,དྲི་བ་,དྲིས་,TDC,PH,,
འདྲིད་པ་,དྲིད་པ་,དྲིད་པ་,འདྲིད་,,,GT,
འདྲིད་པ་,བྲིད་པ་,བྲིད་པ་,བྲིད་,TDC,,,
འདྲིན་པ་,བགྲངས་པ་,བགྲང་པ་,འདྲིན༼ད༽་,,,GT,
འདྲིལ༼ད༽་བ་,དྲིལ་བ་,འདྲིལ་བ་,དྲིལ༼ད༽་,,,GT,
འདྲིལ་བ་,དྲིལ་བ་,དྲིལ་བ་,དྲིལ་,TDC,PH,,
འདྲིལ་བ་,འདྲིལ་བ་,འདྲིལ་བ་,,TDC,PH,,
འདྲིས་པ་,འདྲིས་པ་,འདྲིས་པ་,,TDC,,,KN
འདྲིས་པ་,འདྲིས་པ་,འདྲིས་པ་,འདྲིས་,,,GT,
འདྲུ་བ་,དྲུས་པ་,དྲུ་བ་,འདྲུས་,,,GT,
འདྲུ་བ་,དྲུས་པ་,འདྲུ་བ་,དྲུས་,TDC,,,KN
འདྲུད་པ་,དྲུད་པ་,དྲུད་པ་,དྲུད་,,,GT,
འདྲུད་པ་,དྲུད་པ་,འདྲུད་པ་,དྲུད་,TDC,,,KN
འདྲུབ་པ་,དྲུབས་པ་,དྲུབ་པ་,དྲུབས་,,,,KN
འདྲུབ་པ་,དྲུབས་པ་,དྲུབ་པ་,འདྲུབས་,,,GT,
འདྲེ་བ་,འདྲེས་པ་,འདྲེ་བ་,,TDC,PH,,KN
འདྲེད་པ་,འདྲེད་པ་,འདྲེད་པ་,,TDC,,,
འདྲེན་པ་,དྲངས་པ་,དྲང་བ་,དྲོངས་,TDC,PH,,
འདྲེན་པ་,དྲངས་པ་,དྲང་བ་,དྲོངས་༼འདྲོན༼ད༽་༽,,,GT,
འདྲེན་པ་,དྲངས་པ་,དྲངས་པ་,དྲོངས་,,,,KN
འདྲེས་པ་༼འདྲེ་བ་༽,འདྲེས་པ་,འདྲེས་པ་༼འདྲེ་བ་༽,འདྲེས་,,,GT,
འདྲོག་པ་,འདྲོགས་པ་,འདྲོག་པ་,,TDC,,,
འདྲོག་པ་,འདྲོགས་པ་,འདྲོག་པ་,འདྲོགས་,,,GT,
འདྲོང་བ་,དྲོངས་པ་,འདྲོང་བ་,འདྲོངས་,,,GT,
འདྲོང་བ་,འདྲོངས་པ་,འདྲོང་བ་,,TDC,,,
རྡར་བ་,བརྡར་བ་,བརྡར་བ་,རྡོར་,TDC,PH,,KN
རྡལ་བ་,བརྡལ༼ད༽་བ་,བརྡལ་བ་,རྡལ༼ད༽་,,,GT,
རྡལ་བ་,བརྡལ་བ་,བརྡལ་བ་,རྡོལ་,TDC,,,KN
རྡིབ་པ་,རྡིབ་པ་,རྡིབ་པ་,,TDC,,,
རྡིབ་པ་,རྡིབས་པ་,རྡིབ་པ་,རྡིབས་,,,GT,
རྡིབ་པ་,བརྡིབས་པ་,བརྡིབ་པ་,,,,,KN
རྡིབ་པ་,བརྡིབས་པ་,བརྡིབ་པ་,རྡིབས་,,,GT,
རྡུག་པ་,བརྡུགས་པ་,བརྡུག་པ་,རྡུགས་,,PH,GT,
རྡུགས་པ་,རྡུགས་པ་,རྡུགས་པ་,,TDC,,,
རྡུང་བ་,བརྡུངས་པ་,བརྡུང་བ་,རྡུངས་,TDC,PH,GT,KN
རྡུལ་བ་,བརྡུལ༼ད༽་བ་,བརྡུལ་བ་,རྡུལ༼ད༽་,,,GT,
རྡེག་པ་,བརྡེགས་པ་,བརྡེག་པ་,རྡེགས་,TDC,PH,GT,KN
རྡེབ་པ་,བརྡབས་པ་,བརྡབ་པ་,རྡོབས་,,,,KN
རྡེབ་པ་,བརྡབས་པ་,བརྡབ་པ་,རྡོབས་,TDC,,,
རྡེབ་པ་༼རྡབ་པ་༽,བརྡབས་པ་,བརྡབ་པ་,རྡེབས་,,,GT,
རྡོར་བ་༼རྡར་བ་༽,བརྡར༼ད༽་བ་,བརྡར་བ་,རྡོར༼ད༽་,,,GT,
རྡོལ་བ་,རྡོལ༼ད༽་བ་,རྡོལ་བ་,རྡོལ༼ད༽་,,,GT,
རྡོལ་བ་,རྡོལ་བ་,རྡོལ་བ་,,TDC,PH,,
རྡོལ་བ་,བརྡོལ༼ད༽་བ་,བརྡོལ་བ་,རྡོལ༼ད༽་,,,GT,
རྡོལ་བ་,བརྡོལ་བ་,བརྡོལ་བ་,,,,,KN
རྡོས་པ་,རྡོས་པ་,རྡོས་པ་,,TDC,,,
རྡོས་པ་,རྡོས་པ་,རྡོས་པ་,རྡོས་,,,GT,
ལྡག་པ་,བལྡགས་པ་,བལྡག་པ་,ལྡགས་,,,GT,
ལྡག་པ་,བལྡགས་པ་,བལྡག་པ་,ལྡོགས་,TDC,,,KN
ལྡང་བ་,ལྡངས་པ་,ལྡང་བ་,,TDC,,,
ལྡང་བ་,ལྡངས་པ་,ལྡང་བ་,ལྡངས་,,,GT,
ལྡང་བ་,ལྡངས་པ་,ལྡང་བ་,ལྡོངས་,TDC,,,
ལྡད་པ་,བལྡད་པ་,བལྡད་པ་,ལྡད་,,,GT,
ལྡད་པ་,བལྡད་པ་,བལྡད་པ་,ལྡོད་,TDC,,,KN
ལྡན་པ་,ལྡན་པ་,ལྡན་པ་,ལྡན་,,PH,,
ལྡབ་པ་,བལྡབས་པ་,བལྡབ་པ་,ལྡབས་,,,GT,
ལྡབ་པ་,བལྡབས་པ་,བལྡབ་པ་,ལྡོབས་,TDC,,,
ལྡས་པ་,ལྡས་པ་,ལྡས་པ་,ལྡས་པ་,,,GT,
ལྡིང་བ་,ལྡིངས་པ་,ལྡིང་བ་,,TDC,,,
ལྡིང་བ་,ལྡིངས་པ་,ལྡིང་བ་,ལྡིང་,,,,KN
ལྡིར་བ་,ལྡིར་བ་,ལྡིར་བ་,,TDC,PH,,
ལྡིར་བ་,བལྡིར་བ་,བལྡིར་བ་,ལྡིར་,,,,KN
ལྡུག་པ་,ལྡུགས་པ་,ལྡུག་པ་,ལྡུགས་,TDC,,GT,KN
ལྡུད་པ་,ལྡུད་པ་,ལྡུད་པ་,ལྡུད་,,,,KN
ལྡུད་པ་,ལྡུད་པ་,ལྡུད་པ་,ལྡུད་,TDC,,,
ལྡུར་བ་,ལྡུར་བ་,ལྡུར་བ་,,TDC,,,
ལྡེ་བ་,ལྡེས་པ་,ལྡེ་བ་,ལྡེས་,TDC,,,KN
ལྡེ་བ་,བལྡེས་པ་,བལྡེ་བ་,ལྡེས་,,,GT,
ལྡེག་པ་,བལྡེགས་པ་,བལྡེག་པ་,,TDC,,,
ལྡེག་པ་,བལྡེགས་པ་,བལྡེག་པ་,ལྡེགས་,,,GT,
ལྡོག་པ་,ལྡོག་པ་,ལྡོག་པ་,,TDC,,,
ལྡོག་པ་,ལྡོག་པ་,ལྡོག་པ་,ལྡོག་,,,,KN
ལྡོག་པ་,ལྡོགས་པ་,ལྡོག་པ་,ལྡོགས་,,PH,GT,
ལྡོང་བ་,ལྡོངས་པ་,ལྡོང་བ་,ལྡོངས་,,,GT,
ལྡོབ་པ་,ལྡོབས་པ་,ལྡོབ་པ་,,TDC,,,
སྡང་བ་,སྡང་བ་,སྡང་བ་,,TDC,,,
སྡང་བ་,སྡང་བ་,སྡང་བ་,སྡང་,,,,KN
སྡང་བ་,སྡངས་བ་,སྡང་བ་,སྡངས་,,PH,GT,
སྡམ་པ་༼སྡེམ་པ་༽,བསྡམས་པ་,བསྡམ་པ་,སྡམས་༼སྡེམས་༽,,,GT,
སྡར་བ་,སྡར་བ་,སྡར་བ་,,TDC,,,
སྡིག་པ་,བསྡིགས་པ་,བསྡིག་པ་,སྡིགས་,TDC,PH,GT,KN
སྡུག་པ་,སྡུག་པ་,སྡུག་པ་,,,PH,,
སྡུག་པ་,སྡུག་པ་,སྡུག་པ་,སྡུག་,,,,KN
སྡུད་པ་,བསྡུས་པ་,བསྡུ་བ་,སྡུས་,TDC,PH,GT,KN
སྡུམ་པ་,བསྡུམ་པ་,བསྡུམ་པ་,སྡུམས་,,,GT,
སྡུམ་པ་,བསྡུམས་པ་,བསྡུམ་པ་,སྡུམས་,TDC,PH,,KN
སྡུར་བ་,བསྡུར༼ད༽་བ་,བསྡུར་བ་,སྡུར༼ད༽་,,,GT,
སྡུར་བ་,བསྡུར་བ་,བསྡུར་བ་,སྡུར་,TDC,PH,,KN
སྡེབ་པ་,བསྡེབས་པ་,བསྡེབ་པ་,སྡེབས་,,,,KN
སྡེབ་པ་,བསྡེབས་པ་,བསྡེབ་པ་,སྡེབས་,TDC,PH,GT,
སྡོ་བ་,བསྡོས་པ་,བསྡོ་བ་,སྡོས་,TDC,,GT,KN
སྡོག་པ་,བསྡོགས་པ་,བསྡོག་པ་,སྡོགས་,,,,KN
སྡོག་པ་,བསྡོགས་པ་,བསྡོག་པ་,སྡོགས་,TDC,PH,GT,
སྡོང་བ་,བསྡོངས་པ་,བསྡོང་བ་,སྡོངས་,TDC,,GT,KN
སྡོད་པ་,བསྡད་པ་,བསྡད་པ་,སྡོད་,,,,KN
སྡོད་པ་,བསྡད་པ་,བསྡད་པ་,སྡོད་,TDC,PH,GT,
སྡོམ་པ་,བསྡམས་པ,བསྡམ་པ་,སྡོམས་,TDC,PH,GT,
སྡོམ་པ་,བསྡམས་པ་,བསྡམ་པ་,སྡོམས་,,,,KN
སྡོམ་པ་,བསྡོམས་པ་,བསྡོམ་པ་,སྡོམས་,TDC,PH,GT,KN
བརྡབ་པ་,བརྡབས་པ་,བརྡབ་པ་,,TDC,PH,,
ན་བ་,ན་བ་,ན་བ་,,TDC,PH,,
ན་བ་,ན་བ་,ན་བ་,ན་,,,GT,
ནབ་པ་,མནབས་པ་,མནབ་པ་,ནོབས་,TDC,,,KN
ནུ་བ་,ནུད་པ་,ནུ་བ་,ནུད་,,,GT,
ནུ་བ་,ནུས་པ་,ནུ་བ་,ནུས་,TDC,,,KN
ནུད་པ་,ནུད་པ་,ནུད་པ་,ནུད་,TDC,,GT,
ནུབ་པ་,ནུབ་པ་,ནུབ་པ་,,TDC,PH,,
ནུབ་པ་,ནུབ་པ་,ནུབ་པ་,ནུབ་,,,GT,KN
ནུར་བ་,ནུར༼ད༽་བ་,ནུར་བ་,ནུར༼ད༽་,,,GT,
ནུས་པ་,ནུས་པ་,ནུས་པ་,ནུས་,,PH,GT,
ནེན་པ་,ནེན༼ད༽་པ་,ནེན་པ་,ནེན༼ད༽་,,,GT,
ནེམ་པ་,ནེམས་པ་,ནེམ་པ་,ནེམས་,,,GT,
ནེར་བ་,ནེར༼ད༽་བ་,ནེར་བ་,ནེར༼ད༽་,,,GT,
ནོག་པ་,ནོགས་པ་,ནོག་པ་,ནོགས་,TDC,,,
ནོགས་པ་,ནོགས་པ་,ནོགས་པ་,,TDC,,,
ནོང་བ་,ནོངས་པ་,ནོང་བ་,,TDC,,,
ནོང་བ་,ནོངས་པ་,ནོང་བ་,ནོངས་,,,GT,
ནོངས་བ་,ནོངས་པ་,ནོངས་བ་,,TDC,,,
ནོད་པ་,ནོད་པ་,ནོད་པ་,,TDC,,,
ནོད་པ་,ནོས་པ་,ནོད་པ་,,,PH,,
ནོད་པ་,ནོས་པ་,ནོད་པ་,ནོས་,,,GT,
ནོད་པ་,མནོས་པ་,མནོ་བ་,ནོད་,,,,KN
ནོད་པ་,མནོས་པ་,མནོ་བ་,ནོས་,TDC,,,
ནོན་པ་,ནོན༼ད༽་པ་,ནོན་པ་,ནོན༼ད༽་,,,GT,
ནོན་པ་,ནོན་པ་,ནོན་པ་,,TDC,PH,,
ནོམ་པ་,ནོམས་པ་,ནོམ་པ་,ནོམས་,,,GT,
ནོམ་པ་,མནམས་པ་,མནམ་པ་,ནོམས་,,,,KN
ནོམ་པ་,མནམས་པ་,མནམ་པ་,ནོམས་,TDC,,,
ནོར་བ་,ནོར༼ད༽་བ་,ནོར་བ་,ནོར༼ད༽་,,,GT,
ནོར་བ་,ནོར་བ་,ནོར་བ་,,TDC,PH,,KN
ནོལ་བ་,ནོལ༼ད༽་བ་,ནོལ་བ་,ནོལ༼ད༽་,,,GT,
གནང་བ་,གནང་བ་,གནང་བ་,གནངས་,,,GT,
གནང་བ་,གནང་བ་,གནང་བ་,གནོངས་,TDC,PH,,
གནས་པ་,གནས་པ་,གནས་པ་,གནས་,,PH,GT,KN
གནོང་བ་,གནོངས་པ་,གནོང་བ་,,TDC,,,
གནོད་པ་,གནོད་པ་,གནོད་པ་,,TDC,,,
གནོད་པ་,གནོད་པ་,གནོད་པ་,གནོད་,TDC,PH,GT,KN
གནོན་པ་,མནན༼ད༽་པ་,མནན་པ་,གནོན༼ད༽་,,,GT,
གནོན་པ་,མནན་པ་,མནན་པ་,ནོན་,TDC,PH,,
གནོན་པ་,མནན་པ་,མནན་པ་,གནོན་,,,,KN
མནག་པ་,མནགས་པ་,མནག་པ་,མནོག་,,,,KN
མནང་བ་,མནངས་པ་,མནང་བ་,མནངས་,,,GT,
མནབ་པ་,མནབས་པ་,མནབ་པ་,མནབས་,,,GT,
མནམ་པ་,མནམ་པ་,མནམ་པ་,,TDC,,,
མནམ་པ་,མནམས་པ་,མནམ་པ་,མནམས་,,,GT,
མནར་བ་,མནར༼ད༽་བ་,མནར་བ་,མནར༼ད༽་,,,GT,
མནར་བ་,མནར་བ་,མནར་བ་,,TDC,,,
མནར་བ་,མནར་བ་,མནར་བ་,མནར་,,PH,,KN
མནལ་བ་,མནལ༼ད༽་བ་,མནལ་བ་,མནལ༼ད༽་,,,GT,
མནལ་བ་,མནལ་བ་,མནལ་བ་,མནོལ་,TDC,,,
མནོ་བ་,མནོས་པ་,མནོ་པ་,,,PH,,
མནོ་བ་,མནོས་པ་,མནོ་བ་,མནོས་,,,GT,
མནོད་པ་,མནོས་པ་,མནོ་བ་,ནོས་,,PH,,
མནོད་པ་,མནོས་པ་,མནོ་བ་,མནོད་,,,GT,
མནོལ་བ་,མནོལ༼ད༽་བ་,མནོལ་བ་,མནོལ༼ད༽་,,,GT,
མནོལ་བ་,མནོལ་བ་,མནོལ་བ་,,TDC,,,
རྣག་པ་,བརྣགས་པ་,བརྣག་པ་,རྣགས་,,,GT,
རྣང་བ་བ་,རྣངས་པ་,བརྣང་བ་,རྣངས་,,,GT,
རྣན་པ་,བརྣན༼ད༽་པ་,བརྣན་པ་,རྣན༼ད༽་,,,GT,
རྣན་པ་,བརྣན་པ་,བརྣན་པ་,རྣོན་,,PH,,
རྣབ་པ་,བརྣབས་པ་,བརྣབ་པ་,,TDC,,,
རྣབ་པ་,བརྣབས་པ་,བརྣབ་པ་,རྣབས་,,,GT,
རྣབ་པ་,བརྣབས་པ་,བརྣབ་པ་,རྣོབས་,,,,KN
རྣུར་བ་,བརྣུར༼ད༽་བ་,བརྣུར་བ་,རྣུར༼ད༽་,,,GT,
རྣོ་བ་,རྣོ་བ་,རྣོ་བ་,,,PH,,
རྣོག་པ་,བརྣགས་པ་,བརྣག་པ་,རྣོགས་,TDC,,,KN
རྣོག་པ་,བརྣོགས་པ་,བརྣོག་པ་,རྣོགས་,TDC,,GT,
རྣོང་བ་,བརྣངས་པ་,བརྣང་བ་,རྣོངས་,,,,KN
རྣོན་པ་,བརྣན་པ་,བརྣན་པ་,རྣོན་,,,,KN
སྣང་བ་,སྣང་བ་,སྣང་བ་,,TDC,,,KN
སྣང་བ་,སྣང་བ་,སྣང་བ་,སྣང་,,PH,GT,
སྣད་པ་,བསྣད་པ་,བསྣད་པ་,,TDC,,,
སྣད་པ་,བསྣད་པ་,བསྣད་པ་,སྣད་,,,GT,
སྣར་བ་,བསྣར༼ད༽་བ་,བསྣར་བ་,སྣོར༼ད༽་,,,GT,
སྣར་བ་,བསྣར་བ་,བསྣར་བ་,སྣོར་,TDC,,,KN
སྣུད་པ་,བསྣུད་པ་,བསྣུད་པ་,སྣུད་,TDC,,,
སྣུན་པ་,བསྣུན་པ་,བསྣུན་པ་,སྣུན་,TDC,PH,,KN
སྣུབ་པ་,བསྣུབས་པ་,བསྣུབ་པ་,སྣུབས་,,,,KN
སྣུབ་པ་,བསྣུབས་པ་,བསྣུབ་པ་,སྣུབས་,TDC,PH,,
སྣུར་བ་,བསྣུར་བ་,བསྣུར་བ་,སྣུར་,TDC,,,KN
སྣེམ་པ་,བསྣེམས་པ་,བསྣེམ་པ་,སྣེམས་,TDC,,GT,
སྣོ་བ་,བསྣོས་པ་,བསྣོ་བ་,སྣོས་,TDC,,GT,KN
སྣོག་པ་,བསྣོགས་པ་,བསྣོག་པ་,སྣོགས་,,,,KN
སྣོག་པ་,བསྣོགས་པ་,བསྣོག་པ་,སྣོགས་,TDC,,,
སྣོན་པ་,བསྣན་པ་,བསྣན་པ་,སྣོན༼ད༽་,,,GT,
སྣོན་པ་,བསྣན་པ་,བསྣན་པ་,སྣོན་,TDC,PH,,KN
སྣོམ་པ་,བསྣམས་པ་,བསྣམ་པ་,སྣོམས་,,,,KN
སྣོམ་པ་,བསྣམས་པ་,བསྣམ་པ་,སྣོམས་,,PH,GT,
སྣོར་བ་,བསྣོར༼ད༽་བ་,བསྣོར་བ་,སྣོར་༼ད༽,,,GT,
སྣོར་བ་,བསྣོར་བ་,བསྣོར་བ་,སྣོར་,TDC,,,KN
སྣོལ་བ་,བསྣོལ༼ད༽་བ་,བསྣོལ་བ་,སྣོལ༼ད༽་,,,GT,
སྣོལ་བ་,བསྣོལ་བ་,བསྣོལ་བ་,སྣོལ་,TDC,,,KN
བརྣན་པ་,བརྣན་པ་,བརྣན་པ་,རྣོན་,TDC,,,
དཔའ་བ་,དཔའ་བ་,དཔའ་བ་,དཔའ་,,,GT,
དཔོག་པ་,དཔགས་པ་,དཔག་པ་,དཔོགས་,TDC,PH,,KN
དཔོག་པ་,དཔགས་པ་༼དཔག་པ་༽,དཔག་པ་,དཔོགས་༼དཔག་༽,,,GT,
དཔོད་པ་,དཔུད་པ་,དཔུད་པ་,དཔུད་,,PH,,
དཔོད་པ་,དཔོད་པ་,དཔོད་པ་,དཔོད་,TDC,,GT,
དཔྱ་བ་,དཔྱས་པ་,དཔྱ་བ་,དཔྱོས་,TDC,,,
དཔྱོ་བ་,དཔྱས་པ་,དཔྱ་བ་,དཔྱོས་,,,GT,
དཔྱོང་བ་,དཔྱངས་པ་,དཔྱང་བ་,དཔྱོངས་,TDC,,GT,KN
དཔྱོད་པ་,དཔྱད་པ་,དཔྱད་པ་,དཔྱོད་,,,,KN
དཔྱོད་པ་,དཔྱད་པ་,དཔྱད་པ་,དཔྱོད་,TDC,,GT,
སྤ་བ་,སྤ་བ་,སྤ་བ་,,TDC,,,
སྤ་བ་,སྤས་བ་,སྤ་བ་,སྤས་,,PH,GT,
སྤག་པ་,སྤགས་པ་,སྤག་པ་,སྤགས་,,,GT,
སྤུང་བ་,སྤུངས་པ་,སྤུང་བ་,སྤུངས་,TDC,,GT,KN
སྤུད་པ་,སྤུད་པ་,སྤུད་པ་,སྤུད་,TDC,PH,GT,
སྤུབ་པ་,སྤུབས་པ་,སྤུབ་པ་,སྤུབས་,,,GT,
སྤུར་བ་,སྤུར༼ད༽་བ་,སྤུར་བ་,སྤུར༼ད༽་,,,GT,
སྤུར་བ་,སྤུར་བ་,སྤུར་བ་,སྤུར་,TDC,,,
སྤེལ་བ་,སྤེལ༼ད༽་བ་,སྤེལ་བ་,སྤེལ༼ད༽་,,,GT,
སྤེལ་བ་,སྤེལ་བ་,སྤེལ་བ་,སྤེལ་,TDC,PH,,KN
སྤོ་བ་,སྤོས་པ་,སྤོ་བ་,སྤོས་,,,,KN
སྤོ་བ་,སྤོས་པ་,སྤོ་བ་,སྤོས་,TDC,PH,GT,
སྤོག་པ་,སྤགས་པ་,སྤག་པ་,སྤོགས་,TDC,,GT,
སྤོང་བ་,སྤངས་པ་,སྤང་བ,སྤོངས་,TDC,PH,GT,
སྤོང་བ་,སྤངས་པ་,སྤང་བ་,སྤོངས་,,,,KN
སྤོར་བ་,སྤར༼ད༽་བ་,སྤར་བ་,སྤོར༼ད༽་,,,GT,
སྤོར་བ་,སྤར་བ་,སྤར་བ་,སྤོར་,TDC,,,KN
སྤྱིང་བ་,སྤྱིངས་པ་,སྤྱིང་བ་,སྤྱིངས་,,,,KN
སྤྱིང་བ་,སྤྱིངས་པ་,སྤྱིང་བ་,སྤྱིངས་,TDC,,GT,
སྤྱུག་པ་,སྤྱུགས་པ་,སྤྱུག་པ་,སྤྱུགས་,TDC,,GT,KN
སྤྱོ་བ་,སྤྱོས་པ་,སྤྱོ་བ་,སྤྱོས་,,,,KN
སྤྱོ་བ་,སྤྱོས་པ་,སྤྱོ་བ་,སྤྱོས་,TDC,,GT,
སྤྱོད་པ་,སྤྱད་པ་,སྤྱད་པ་,སྤྱོད་,TDC,PH,GT,KN
སྤྱོན་པ་,སྤྱོན༼ད༽་པ་,སྤྱོན་པ་,སྤྱོན༼ད༽་,,,GT,
སྤྱོན་པ་,སྤྱོན་པ་,སྤྱོན་པ་,སྤྱོན་,TDC,,,
སྤྱོམ་པ་,སྤྱོམས་པ་,སྤྱོམ་པ་,སྤྱོམས་,TDC,,GT,
སྤྲས་པ་,སྤྲས་པ་,སྤྲས་པ་,སྤྲས་,,,GT,KN
སྤྲས་པ་,སྤྲས་པ་,སྤྲས་པ་,སྤྲོས་,TDC,PH,,
སྤྲིང་བ་,སྤྲིངས་པ་,སྤྲིང་བ་,སྤྲིངས་,TDC,,GT,KN
སྤྲིབས་པ་,སྤྲིབས་པ་,སྤྲིབས་པ་,སྤྲིབས་,,,,KN
སྤྲུག་པ་,སྤྲུགས་པ་,སྤྲུག་པ་,སྤྲུགས་,TDC,,GT,KN
སྤྲུལ་བ་,སྤྲུལ༼ད༽་བ་,སྤྲུལ་བ་,སྤྲུལ༼ད༽་,,,GT,
སྤྲུལ་བ་,སྤྲུལ་བ་,སྤྲུལ་བ་,སྤྲུལ་,TDC,PH,,KN
སྤྲོ་བ་,སྤྲོ་བ་,སྤྲོ་བ་,,TDC,PH,,
སྤྲོ་བ་,སྤྲོས་པ་,སྤྲོ་བ་,སྤྲོས་,TDC,PH,GT,KN
སྤྲོད་པ་,སྤྲད་པ་,སྤྲད་པ་,སྤྲོད་,,,,KN
སྤྲོད་པ་,སྤྲད་པ་,སྤྲད་པ་,སྤྲོད་,TDC,PH,GT,
ཕན་པ་,ཕན༼ད༽་པ་,ཕན་པ་,ཕན༼ད༽་,,,GT,
ཕན་པ་,ཕན་པ་,ཕན་པ་,,TDC,PH,,
ཕན་པ་,ཕན་པ་,ཕན་པ་,ཕན་,,,,KN
ཕིགས་པ་,ཕིགས་པ་,ཕིགས་པ་,,TDC,,,
ཕུང་བ་,ཕུང་བ་,འཕུང་བ་,ཕུང་,,,,KN
ཕུད་པ་,ཕུད་པ་,ཕུད་པ་,,,PH,,
ཕུད་པ་,ཕུད་པ་,ཕུད་པ་,ཕུད་,TDC,,,
ཕེད་པ་,ཕེད་པ་,ཕེད་པ་,ཕེད་,TDC,PH,GT,
ཕེབས་པ་,ཕེབས་པ་,ཕེབས་པ་,ཕེབས་,TDC,,GT,
ཕོག་པ་,ཕོག་པ་,ཕོག་པ་,,TDC,PH,,
ཕོང་བ་,ཕོངས་པ་,ཕོང་བ་,,TDC,PH,,
ཕྱུག་པ་,ཕྱུག་པ་,ཕྱུག་པ་,,TDC,,,
ཕྱུག་པ་,ཕྱུག་པ་,ཕྱུག་པ་,ཕྱུག་,,,GT,
ཕྱེད་པ་,ཕྱེད་པ་,ཕྱེད་པ་,,TDC,PH,,
ཕྱོ་བ་,ཕྱོ་བ་,ཕྱོ་བ་,ཕྱོ་,,,GT,
ཕྱོགས་པ་,ཕྱོགས་པ་,ཕྱོགས་པ་,,TDC,PH,,
ཕྱོགས་པ་,ཕྱོགས་པ་,ཕྱོགས་པ་,ཕྱོགས་,,,GT,
ཕྲལ་བ་,ཕྲལ་བ་,ཕྲལ་བ་,ཕྲོལ་,TDC,PH,,KN
ཕྲུལ་པ་,ཕྲུལ་པ་,ཕྲུལ་པ་,,TDC,,,
འཕག་པ་,འཕགས་པ་,འཕག་པ་,འཕགས་,,,GT,KN
འཕག་པ་,འཕགས་པ་,འཕག་པ་,འཕོགས་,TDC,,,
འཕགས་པ་,འཕགས་པ་,འཕགས་པ་,,TDC,,,
འཕང་བ་,ཕངས་པ་,ཕང་བ་,ཕངས་,,,GT,
འཕམ་པ་,ཕམ་པ་,འཕམ་པ,,TDC,,,
འཕམ་པ་,ཕམ་པ་,འཕམ་པ,ཕམས་,,PH,GT,
འཕམ་པ་,ཕམ་པ་,འཕམ་པ་,ཕམ་,,,,KN
འཕར༼ད༽་བ་,ཕར་བ་,འཕར་བ་,ཕར༼ད༽་,,,GT,
འཕར་བ་,འཕར༼ད༽་བ་,འཕར་བ་,འཕར༼ད༽་,,,GT,
འཕར་བ་,འཕར་བ་,འཕར་བ་,,TDC,,,KN
འཕིབས་པ་,ཕིབ་པ་,དབིབ་པ་,ཕིབས་,,,GT,
འཕིར༼ད༽་བ་,ཕིར་བ་,འཕིར་བ་,ཕིར༼ད༽་,,,GT,
འཕུང་བ་,ཕུང་བ་,འཕུང་བ་,,TDC,PH,,
འཕུངས་བ་,ཕུང་བ་,འཕུང་བ་,ཕུངས་,,,GT,
འཕུད་པ་,ཕུད་པ་,འཕུད་པ་,ཕུད་,,,,KN
འཕུར་བ་,ཕུར་བ་,འཕུར་བ་,ཕུར་,TDC,PH,,
འཕུར་བ་,ཕུར་བ་,དབུར་བ་,ཕུར༼ད༽་,,,GT,
འཕུར་བ་,འཕུར༼ད༽་བ་,འཕུར་བ་,འཕུར༼ད༽་,,,GT,
འཕུར་བ་,འཕུར་བ་,འཕུར་བ་,,TDC,PH,,
འཕུར་བ་,འཕུར་བ་,འཕུར་བ་,འཕུར་,,,,KN
འཕུལ་བ་,འཕུལ༼ད༽་བ་,འཕུལ་བ་,འཕུལ༼ད༽་,,,GT,
འཕུལ་བ་,འཕུལ་བ་,འཕུལ་བ་,འཕུལ་,TDC,,,KN
འཕེན་པ་,འཕངས་པ་,འཕང་བ་,ཕོངས་,,,,KN
འཕེན་པ་,འཕངས་པ་,འཕང་བ་,འཕོངས་,TDC,PH,,
འཕེན་པ་,འཕངས་པ་,འཕང་བ་,འཕོན༼ད༽་༼ཕོང་༽,,,GT,
འཕེབས་པ་,ཕབ་པ་,དབབ་པ་,ཕོབ་,,,GT,
འཕེར་བ་,ཕེར༼ད༽་བ་,ཕེར་བ་,འཕེར༼ད༽་,,,GT,
འཕེལ༼ད༽་བ་,ཕེལ་བ་,འཕེལ་བ་,ཕེལ༼ད༽་,,,GT,
འཕེལ་བ་,འཕེལ༼ད༽་བ་,འཕེལ་བ་,འཕེལ༼ད༽་,,,GT,
འཕེལ་བ་,འཕེལ་བ་,འཕེལ་བ་,,TDC,PH,,KN
འཕོ་བ་,འཕོས་པ་,འཕོ་བ་,,,,,KN
འཕོ་བ་,འཕོས་པ་,འཕོ་བ་,,TDC,,,
འཕོ་བ་,འཕོས་པ་,འཕོ་བ་,འཕོས་,,PH,GT,
འཕོག་པ་,ཕོག་པ་,འཕོག་པ་,ཕོག་,,,,KN
འཕོགས་པ་,ཕོག་པ་,འཕོག་པ་,ཕོགས་,,,GT,
འཕོངས་པ་,ཕོངས་པ་,འཕོང་བ་,ཕོངས་,,,GT,
འཕོངས་པ་,ཕོངས་པ་,འཕོངས་པ་,,,,,KN
འཕོད་པ་,ཕོད་པ་,འཕོད་པ་,ཕོད་,,PH,GT,
འཕོལ་བ་,ཕོལ༼ད༽་བ་,ཕོལ་བ་,འཕོལ༼ད༽་,,,GT,
འཕྱ་བ་,ཕྱས་པ་,ཕྱ་བ་,འཕྱས་,,,GT,
འཕྱ་བ་,འཕྱས་པ་,འཕྱ་བ་,འཕྱོས་,TDC,,,KN
འཕྱག་པ་,ཕྱགས་པ་,ཕྱག་པ་,འཕྱསག་,,,GT,
འཕྱག་པ་,འཕྱགས་པ་,འཕྱག་པ་,འཕྱོགས་,,,,KN
འཕྱག་པ་,འཕྱགས་པ་,འཕྱག་པ་,འཕྱོསག་,TDC,,,
འཕྱང་བ་,འཕྱངས་པ་,འཕྱང་བ་,,TDC,,,
འཕྱང་བ་,འཕྱངས་པ་,འཕྱང་བ་,འཕྱོངས་,,,,KN
འཕྱངས་བ་,ཕྱང་པ་,འཕྱང་བ་,ཕྱངས་,,,GT,
འཕྱན༼ད༽་པ་,ཕྱན་པ་,འཕྱན་པ་,ཕྱན༼ད༽་,,,GT,
འཕྱན་པ་,འཕྱན་པ་,འཕྱན་པ་,འཕྱོན་,TDC,,,KN
འཕྱར་བ་,ཕྱར༼ད༽་བ་,ཕྱར་བ་,ཕྱོར༼ད༽་,,,GT,
འཕྱར་བ་,ཕྱར་བ་,འཕྱར་བ་,ཕྱོར་,TDC,PH,,KN
འཕྱི་བ་,འཕྱིས་པ་,འཕྱི་བ་,,,,,KN
འཕྱི་བ་,འཕྱིས་པ་,འཕྱི་བ་,,TDC,,,
འཕྱི་བ་,འཕྱིས་པ་,འཕྱི་བ་,འཕྱིས་,,PH,GT,
འཕྱིངས་པ་,ཕྱིང་པ་,འཕྱིང་པ་,ཕྱིངས་,,PH,GT,
འཕྱིངས་པ་,འཕྱིངས་པ་,འཕྱིངས་པ་,,TDC,,,
འཕྱིད་པ་,ཕྱིད་པ་,འཕྱིད་པ་,,TDC,,,
འཕྱིད་པ་,ཕྱིད་པ་,འཕྱིད་པ་,ཕྱིད་,,,GT,
འཕྱུག་པ་,འཕྱུགས་པ་,འཕྱུག་པ་,,TDC,,,KN
འཕྱུག་པ་,འཕྱུགས་པ་,འཕྱུག་པ་,འཕྱུགས་,,,GT,
འཕྱུར༼ད༽་བ་,ཕྱུར་བ་,འཕྱུར་བ་,ཕྱུར༼ད༽་,,,GT,
འཕྱུར་བ་,འཕྱུར་བ་,འཕྱུར་བ་,,TDC,,,KN
འཕྱེ་བ་,ཕྱེས་པ་,འཕྱེ་བ་,འཕྱེས་,,,GT,
འཕྱེ་བ་,འཕྱེས་པ་,འཕྱེ་བ་,,TDC,,,KN
འཕྱོ་བ་,ཕྱོས་པ་,འཕྱོ་བ་,འཕྱོས་,,,GT,
འཕྱོ་བ་,འཕྱོ་བ་,འཕྱོ་བ་,,TDC,,,KN
འཕྱོད་པ་,ཕྱོད་པ་,འཕྱོད་པ་,ཕྱོད་,,,GT,
འཕྱོར་བ་,འཕྱོར་བ་,འཕྱོར་བ་,འཕྱོར་,TDC,PH,,
འཕྲངས་པ་,ཕྲང་བ་,འཕྲང་བ་,ཕྲངས་,,,GT,
འཕྲད་པ་,ཕྲད་པ་,འཕྲད་པ་,,TDC,,,KN
འཕྲད་པ་,ཕྲད་པ་,འཕྲད་པ་,ཕྲད་,,PH,,
འཕྲད་པ་,ཕྲད་པ་,འཕྲད་པ་༼ཕྲད་པ་༽,ཕྲད་,,,GT,
འཕྲབ་པ་,ཕྲབས་པ་,ཕྲབ་པ་,འཕྲབས་,,,GT,
འཕྲལ་བ་,ཕྲལ་བ་,དབྲལ་བ་,ཕྲོལ་,,,GT,
འཕྲི་བ་,ཕྲི་པ་,དབྲི་བ་,ཕྲིས་,,,GT,
འཕྲི་བ་,ཕྲིས་པ་,དབྲི་བ་,ཕྲིས་,,PH,,KN
འཕྲིག་པ་,འཕྲིགས་པ་,འཕྲིག་པ་,,TDC,,,
འཕྲུ་བ་,ཕྲུས་པ་,ཕྲུ་བ་,འཕྲུས་,,,GT,
འཕྲུག་པ་,འཕྲུགས་པ་,འཕྲུག་པ་,ཕྲུགས་,TDC,PH,,KN
འཕྲུགས་པ་,ཕྲུག་པ་,འཕྲུག་པ་,ཕྲུགས་,,,GT,
འཕྲེང་བ་,འཕྲེང་བ་,འཕྲེང་བ་,,TDC,,,
འཕྲེངས་བ་,ཕྲེང་བ་,འཕྲེང་བ་,ཕྲེངས་,,,GT,
འཕྲོ་བ་,འཕྲོས་པ་,འཕྲོ་བ་,,TDC,,,KN
འཕྲོ་བ་,འཕྲོས་པ་,འཕྲོ་བ་,ཕྲོས་,,PH,,
འཕྲོ་བ་༼འཕྲོས་པ་༽,ཕྲོ་བ་,འཕྲོ་བ་,ཕྲོས་,,PH,,
འཕྲོག་པ་,ཕྲོག་པ་,དབྲོག་པ་,ཕྲོགས་,,,GT,
འཕྲོག་པ་,ཕྲོགས་པ་,འཕྲོག་པ་,ཕྲོགས་,TDC,PH,,KN
འཕྲོད་པ་,ཕྲོད་པ་,འཕྲོད་པ་,ཕྲོད་,,PH,GT,
འཕྲོད་པ་,འཕྲོད་པ་,འཕྲོད་པ་,,TDC,,,KN
བང་བ་,བངས་བ་,བང་བ་,,TDC,,,
བད་པ་,བད་པ་,བད་པ་,,TDC,,,
བམ་པ་,བམ་པ་,བམ་པ་,,TDC,,,
བམ་པ་,བམས་པ་,བམ་པ་,བམས་,,,GT,
བུད་པ་,བུད་པ་,བུད་པ་,,TDC,PH,,
བོར་བ་,བོར་བ་,བོར་བ་,,TDC,,,
བྱབ་པ་,བྱབས་པ་,བྱབ་པ་,བྱོབས་,TDC,,,
བྱམས་པ་,བྱམས་པ་,བྱམས་པ་,,TDC,,,
བྱམས་པ་,བྱམས་པ་,བྱམས་པ་,བྱམས་,,,,KN
བྱར་བ་,བུར༼ད༽་བ་,བུར་བ་,བུར༼ད༽་,,,GT,
བྱལ་བ་,བུལ༼ད༽་བ་,བུལ་བ་,བུལ༼ད༽་,,,GT,
བྱི་བ་,བྱི་བ་,བྱི་བ་,,TDC,,,
བྱིལ་བ་,བྱིལ་བ་,བྱིལ་བ་,བྱིལ་,,,,KN
བྱེད་པ་,བྱས་པ་,བྱ་་པ་,བྱོས་,,,,KN
བྱེད་པ་,བྱས་པ་,བྱ་བ་,བྱེད་,,,GT,
བྱེད་པ་,བྱས་པ་,བྱ་བ་,བྱོས་,TDC,PH,,
བྱེར་བ་,བྱེར་བ་,བྱེར་བ་,བྱེར་,,,,KN
བྲན་པ་,བྲན༼ད༽་པ་,བྲན་པ་,བྲན༼ད༽་,,,GT,
བྲན་པ་,བྲན་པ་,བྲན་པ་,བྲོན་,TDC,,,
བྲིན་པ་,བྲིན༼ད༽་པ་,བྲིན་པ་,བྲིན༼ད༽་,,,GT,
བྲིན་པ་,བྲིན་པ་,བྲིན་པ་,,TDC,,,
བྲུག་པ་,བྲུག་པ་,བྲུག་པ་,,TDC,,,
བྲུག་པ་,བྲུགས་པ་,བྲུག་པ་,བྲུགས་,,,GT,
བྲེ་བ་,བྲེས་བ་,བྲེ་བ་,བྲེས་,TDC,PH,,
བྲེད་པ་,བྲེད་པ་,བྲེད་པ་,,TDC,,,
བྲེལ་བ་,བྲེལ༼ད༽་བ་,བྲེལ་བ་,བྲེལ༼ད༽་,,,GT,
བྲེལ་བ་,བྲེལ་བ་,བྲེལ་བ་,,TDC,,,
བྲོ་བ་,བྲོ་བ་,བྲོ་བ་,,TDC,,,KN
བྲོ་བ་,བྲོ་བ་,བྲོ་བ་,བྲོ་,,PH,GT,
བླག་པ་,བླགས་པ་,བླག་པ་,བླགས་,,,GT,
བླག་པ་,བླགས་པ་,བླག་པ་,བློགས་,TDC,,,
བླད་པ་,བླད་པ་,བླད་པ་,བླད་,,,GT,
བླད་པ་,བླད་པ་,བླད་པ་,བློད་,TDC,,,
བླུ་བ་,བླུས་པ་,བླུ་བ་,བླུས་,TDC,,GT,KN
བླུག་པ་,་བླུགས་པ་,བླུག་པ་,བླུགས་,TDC,,GT,
བླུག་པ་,བླུགས་པ་,བླུག་པ་,བླུགས་,,,,KN
བླུད་པ་,བླུད་པ་,བླུད་པ་,བླུད་,TDC,,GT,
བློང་བ་,བློངས་པ་,བློང་བ་,བློངས་,,,GT,
དབང་བ་,དབང་བ་,དབང་བ་,,TDC,,,
དབང་བ་,དབང་བ་,དབང་བ་,དབང་,,PH,GT,KN
དབུར་བ་,དབུར་བ་,དབུར་བ་,དབུར་,,,,KN
དབུར་བ་,དབུར་བ་,དབུར་བ་,དབུར་,TDC,,,
དབུལ་བ་,དབུལ་བ་,དབུལ་བ ,,TDC,PH,,
དབུལ་བ་,དབུལ་བ་,དབུལ་བ་,,,,,KN
དབེན་པ་,དབེན༼ད༽་པ་,དབེན་པ་,དབེན༼ད༽་,,,GT,
དབེན་པ་,དབེན་པ་,དབེན་པ་,,TDC,PH,,
དབེན་པ་,དབེན་པ་,དབེན་པ་,དབེན་,,,,KN
དབོལ་བ་,དབོལ༼ད༽་བ་,དབོལ་བ་,དབོལ༼ད༽་,,,GT,
དབྱུག་པ་,དབྱུགས་པ་,དབྱུག་པ་,དབྱུགས་,TDC,,GT,
དབྲོལ་བ་,དབྲལ་བ་,བྲལ་བ་,དབྲོལ་,,,,KN
དབྲོལ་བ་,དབྲལ་བ་,དབྲལ་བ་,དབྲོལ་,TDC,,,
འབག་པ་,འབགས་པ་,འབག་པ་,,TDC,,,KN
འབག་པ་,འབགས་པ་,འབག་པ་,འབགས་,,,GT,
འབང་བ་,བངས་པ་,འབང་བ་,,TDC,,,
འབང་བ་,བངས་པ་,འབང་བ་,འབོངས་,,,GT,
འབད་པ་,འབད་པ་,འབད་པ་,འབད་,,,GT,
འབད་པ་,འབད་པ་,འབད་པ་,འབོད་,TDC,PH,,KN
འབབ་པ་,བབ་པ་,འབབ་པ་,,TDC,PH,,
འབབ་པ་,བབ་པ་,འབབ་པ་,བོབ་,TDC,,,
འབབ་པ་,བབས་པ་,དབབ་པ་,,,,,KN
འབབ་པ་,འབབས་པ་༼བབས་པ་༽,འབབ་པ་,བོབ་,,PH,,
འབབས་པ་,བབ་པ་,འབབ་པ་,བབས་,,,GT,
འབའ་བ་,འབའ་བ་,འབའ་བ་,,TDC,,,
འབར་བ་,འབར༼ད༽་བ་,འབར་བ་,འབར༼ད༽་,,,GT,
འབར་བ་,འབར་བ་,འབར་བ་,,TDC,,,KN
འབར་བ་,འབར་བ་,འབར་བ་,འབར་,,PH,,
འབལ་བ་,འབལ༼ད༽་བ་,འབལ་བ་,འབོལ༼ད༽་,TDC,,,
འབལ་བ་,འབལ་བ་,འབལ་བ་,འབལ་,,,GT,
འབལ་བ་,འབལ་བ་,འབལ་བ་,འབོལ་,,,,KN
འབིག་པ་,བིག་པ་,འབིག་པ་,བིགས་,,,GT,
འབིགས་པ་,ཕིག་པ་,དབིག་པ་,ཕིགས་,,,GT,
འབིགས་པ་,ཕུག་པ་,དབུག་པ་,ཕུག་,TDC,PH,,
འབིགས་པ་,ཕུག་པ་,དབུག་པ་,ཕུགས་,,,,KN
འབུ་བ་,འབུས་པ་,འབུ་བ་,འབུས་,,,GT,
འབུག་པ་,བུག་པ་,འབུག་པ་,བུགས་པ་,,,GT,
འབུགས་པ་,ཕུག་པ་,དབུག་པ་,ཕུགས་,,,GT,
འབུང་བ་,འབུངས་པ་,འབུང་བ་,འབུངས་,TDC,,GT,KN
འབུད་པ་,ཕུད་པ་,དབུད་པ་,འཕུད་,,PH,GT,
འབུད་པ་,ཕུས་པ་,ཕུ་པ་,འཕུས་,,,GT,
འབུད་པ་,བུད་པ་,འབུད་པ་,བུད་,TDC,,GT,KN
འབུད་པ་,བུས་པ་,འབུད་པ་,བུས་,,,,KN
འབུད་པ་,བུས་པ་,འབུད་པ་,བུས་,TDC,PH,,
འབུབ་པ་,བུབ་པ་,འབུབ་པ་,བུབས་,,,GT,
འབུབས་པ་,ཕུབ་པ་,དབུབ་པ་,ཕུབ་,TDC,,,
འབུབས་པ་,ཕུབ་པ་,དབུབ་པ་,ཕུབས་,,,GT,KN
འབུར་བ་,འབུར༼ད༽་བ་,འབུར་བ་,འབུར༼ད༽་,,,GT,
འབུར་བ་,འབུར་བ་,འབུར་བ་,,TDC,,,
འབུལ་བ་,ཕུལ་བ་,དབུལ་བ་,ཕུལ་,TDC,,,KN
འབུལ་བ་,ཕུལ་བ་,དབུལ་བ་,འབུལ༼ད༽་,,,GT,
འབུས་པ་,འབུས་པ་,འབུས་པ་,,TDC,,,KN
འབེབས་པ་,ཕབ་པ་,དབབ་པ་,ཕོབ་,TDC,PH,,
འབེབས་པ་,ཕབ་པ་,དབབ་པ་,ཕོབས་,,,,KN
འབོ་བ་,ཕོ་པ་,དབོ་བ་,ཕོས་,,,GT,
འབོ་བ་,ཕོ་བ་,དབོ་བ་,ཕོས་,,,,KN
འབོ་བ་,ཕོས་པ་,དབོ་བ་,ཕོས་,TDC,,,
འབོ་བ་,བོ་བ་,འབོ་བ་,བོ་,TDC,,GT,
འབོག་པ་,ཕོག་པ་,དབོག་པ་,ཕོག་,TDC,PH,,
འབོག་པ་,བོག་པ་,འབོག་པ་,,TDC,,,
འབོག་པ་,བོག་པ་,འབོག་པ་,བོག་,,PH,GT,
འབོག་པ་,འབོགས་པ་,འབོག་པ་,འབོགས་,TDC,PH,,
འབོགས་པ་,ཕོག་པ་,དབོག་པ་,ཕོག་,TDC,,,
འབོགས་པ་,ཕོག་པ་,དབོག་པ་,ཕོགས་,,,,KN
འབོགས་པ་,ཕོག་པ་,དབོག་པ་,དབོགས་,,,GT,
འབོད་པ་,བོས་པ་,བོད་པ་,བོས་,,,GT,
འབོད་པ་,བོས་པ་,འབོད་པ་,བོས་,TDC,PH,,KN
འབོན་པ་,བོན༼ད༽་པ་,བོན་པ་,འབོན༼ད༽་,,,GT,
འབོར་བ་,བོར༼ད༽་བ་,བོར་བ་,འབོར༼ད༽་,,,GT,
འབོར་བ་,བོར་བ་,འབོར་བ་,བོར་,TDC,PH,,KN
འབྱང་བ་,བྱང་བ་,འབྱང་བ་,,,,,KN
འབྱང་བ་,བྱང་བ་,འབྱང་བ་,,TDC,,,
འབྱང་བ་,བྱང་བ་,འབྱང་བ་,འབྱོངས་,,PH,,
འབྱངས་བ་,བྱང་བ་,འབྱང་བ་,འབྱོངས་,,,GT,
འབྱབ་པ་,བྱབས་པ་,བྱབ་པ་,འབྱབས་,,,GT,
འབྱམ་པ་,འབྱམས་པ་,འབྱམ་པ་,,TDC,,,
འབྱམ་པ་,འབྱམས་པ་,འབྱམ་པ་,འབྱམས་,,,GT,
འབྱར་བ་,འབྱར༼ད༽་བ་,འབྱར་བ་,འབྱར༼ད༽་,,,GT,
འབྱར་བ་,འབྱར་བ་,འབྱར་བ་,,TDC,,,
འབྱི་བ་,བྱི་བ་,འབྱི་བ་,,,,,KN
འབྱི་བ་,བྱི་བ་,འབྱི་བ་,བྱི་,,,GT,
འབྱིང་བ་,བྱིང་བ་,འབྱིང་བ་,,TDC,,,KN
འབྱིང་བ་,བྱིང་བ་,འབྱིང་བ་,འབྱིངས་,,PH,,
འབྱིང་བ་,འབྱིང་བ་,འབྱིང་བ་,འབྱིངས་,,,GT,
འབྱིད་པ་,ཕྱིད་པ་,ཕྱིད་པ་,ཕྱིད་,,,GT,
འབྱིད་པ་,ཕྱིད་པ་,འབྱིད་པ་,,TDC,,,
འབྱིད་པ་,ཕྱིས་པ་,བྱི་་པ་,ཕྱིས་,,,,KN
འབྱིད་པ་,ཕྱིས་པ་,དབྱི་བ་,ཕྱིས་,TDC,,GT,
འབྱིད་པ་,བྱིད་པ་,འབྱིད་པ་,,TDC,,,
འབྱིད་པ་,བྱིད་པ་,འབྱིད་པ་,འབྱིད་,,,GT,
འབྱིན་པ་,ཕྱུང་བ་,དུདབྱུང་བ་,ཕྱུངས་,,,,KN
འབྱིན་པ་,ཕྱུང་བ་,དབྱུང་བ་,ཕྱུང་,TDC,,,
འབྱིན་པ་,ཕྱུང་བ་,དབྱུང་བ་,ཕྱུང་༼ཕྱུངས་༽,,PH,,
འབྱིན་པ་,ཕྱུང་བ་,དབྱུང་བ་,ཕྱུངས་,,,GT,
འབྱིབ་པ་,བྱིབས་པ་,བྱིབ་པ་,བྱིབས་,,,GT,
འབྱིལ༼ད༽་བ་,བྱིལ་བ་,འབྱིལ་བ་,བྱིལ༼ད༽་,,,GT,
འབྱིལ་བ་,བྱིལ་བ་,འབྱིལ་བ་,བྱིལ་,TDC,,,
འབྱུག་པ་,བྱུགས་པ་,བྱུག་པ་,བྱུགས་,TDC,PH,GT,KN
འབྱུང་བ་,བྱུང་བ་,འབྱུང་བ་,,,,,KN
འབྱུང་བ་,བྱུང་བ་,འབྱུང་བ་,,TDC,,,
འབྱུང་བ་,བྱུང་བ་,འབྱུང་བ་,བྱུང་,,PH,GT,
འབྱེ་བ་,བྱེ་བ་,འབྱེ་བ་,,TDC,PH,,
འབྱེ་བ་,བྱེ་བ་,འབྱེ་བ་,འབྱེས་,,,GT,
འབྱེད་པ་,ཕྱེ་བ་,དབྱེ་་པ་,ཕྱེས་,,,,KN
འབྱེད་པ་,ཕྱེ་བ་,དབྱེ་བ་,ཕྱེས་,TDC,PH,,
འབྱེད་པ་,ཕྱེ་བ་,དབྱེ་བ་,འབྱེད་༼ཕྱེས་༽,,,GT,
འབྱེར༼ད༽་བ་,བྱེར་བ,་འབྱེར་བ་,བྱེར༼ད༽་,,,GT,
འབྱེར་བ་,བྱེར་བ,་འབྱེར་བ་,བྱེར་,TDC,,,
འབྱོ་བ་,བྱོས་པ་,བྱོ་བ་,བྱོས་,TDC,,,
འབྱོ་བ་,བྱོས་པ་,བྱོ་བ་,འབྱོས་,,,GT,
འབྱོ་བ་,བྱོས་པ་,འབྱོ་བ་,བྱོས་,,,,KN
འབྱོག་པ་,འབྱོགས་པ་,འབྱོག་པ་,འབྱོགས་,TDC,,GT,KN
འབྱོང་བ་,འབྱོངས་པ་,འབྱོང་བ་,,,,,KN
འབྱོང་བ་,འབྱོངས་བ་,འབྱོང་བ་,,TDC,,,
འབྱོན༼ད༽་པ་,བྱོན་པ་,འབྱོན་པ་,བྱོན༼ད༽་,,,GT,
འབྱོན་པ་,བྱོན་པ་,འབྱོན་པ་,བྱོན་,TDC,PH,,KN
འབྱོན་པ་,འབྱོན༼ད༽་པ་,འབྱོན་པ་,འབྱོན༼ད༽་,,,GT,
འབྱོར་བ་,འབྱོར༼ད༽་བ་,འབྱོར་བ་,འབྱོར༼ད༽་,,,GT,
འབྱོར་བ་,འབྱོར་བ་,འབྱོར་བ་,,TDC,,,
འབྱོར་བ་,འབྱོར་བ་,འབྱོར་བ་,འབྱོར་,,PH,,
འབྱོལ་བ་,བྱོལ༼ད༽་བ་,བྱོལ་བ་,འབྱོལ༼ད༽་,,,GT,
འབྱོལ་བ་,བྱོལ་བ་,འབྱོལ་བ་,བྱོལ་,TDC,,,KN
འབྲང་བ་,འབྲངས་པ་,འབྲང་བ་,འབྲོངས་,,,,KN
འབྲང་བ་,འབྲངས་པ་,འབྲང་བ་,འབྲོངས་,TDC,PH,GT,
འབྲད་པ་,བྲད་པ་,དབྲད་པ་,བྲོད་,TDC,,GT,
འབྲད་པ་,དབྲད་པ་,བྲད་པ་,བྲོད་,,,,KN
འབྲབ་པ་,བྲབས་པ་,བྲབ་པ་,བྲབ་,,,GT,
འབྲབ་པ་,བྲབས་པ་,བྲབ་པ་,བྲོབས་,TDC,,,KN
འབྲལ༼ད༽་བ་,བྲལ་བ་,འབྲལ་བ་,བྲལ༼ད༽་,,PH,GT,
འབྲལ་བ་,ཕྲལ་བ་,དབྲལ་བ་,ཕྲོལ་,,,,KN
འབྲལ་བ་,བྲལ་བ་,འབྲལ་བ་,,TDC,,,KN
འབྲལ་བ་,བྲལ་བ་,འབྲལ་བ་,བྲལ་,,PH,,
འབྲི་བ་,བྲི་བ་,འབྲི་བ་,,TDC,PH,,
འབྲི་བ་,བྲི་བ་,འབྲི་བ་,བྲི་,,,GT,
འབྲི་བ་,བྲིས་པ་,བྲི་བ་,བྲིས་,TDC,PH,GT,KN
འབྲིད་པ་,ཕྲིས་པ་,དབྲི་བ་,ཕྲིས་,TDC,,,
འབྲིད་པ་,བྲིད་པ་,བྲིད་བ་,འབྲིད་,,,GT,
འབྲིད་པ་,བྲིད་པ་,འབྲིད་པ་,བྲིད་,,,,KN
འབྲིམ་པ་,བྲིམས་པ་,བྲིམ་པ་,བྲིམས་,TDC,,GT,KN
འབྲུ་བ་,བྲུས་པ་,་བྲུ་བ་,བྲུས་,,PH,,
འབྲུ་བ་,བྲུས་པ་,་བྲུ་བ་,བྲུས་༼འབྲུས་༽,,,GT,
འབྲུ་བ་,བྲུས་པ་,་འབྲུ་བ་,བྲུས་,TDC,,,
འབྲུ་བ་,བྲུས་པ་,བྲུ་བ་,བྲུས་,,,,KN
འབྲུད་པ་,བྲུད་པ་,བྲུད་བ་,འབྲུད་,TDC,,GT,
འབྲུད་པ་,བྲུས་པ་,བྲུ་བ་,བྲུས་,TDC,,,
འབྲུབ་པ་,བྲུབས་པ་,བྲུབ་པ་,བྲུབས་,TDC,,,
འབྲུབ་པ་,བྲུབས་པ་,འབྲུབ་པ་,,TDC,,,KN
འབྲུབ་པ་,བྲུབས་པ་,འབྲུབ་པ་,བྲུབས་,,,GT,
འབྲུབས་པ་,བྲུབས་པ་,བྲུབ་པ་,བྲུབས་,,,GT,
འབྲུལ༼ད༽་བ་,བྲུལ་བ་,འབྲུལ་བ་,བྲུལ༼ད༽་,,,GT,
འབྲུལ་བ་,བྲུལ་བ་,འབྲུལ་བ་,,TDC,,,
འབྲེ་བ་,བྲེས་པ་,བྲེ་བ་,འབྲེས་,,,GT,
འབྲེག་པ་,བྲེགས་པ་,བྲེག་པ་,འབྲེགས་༼བྲེགས་༽,,,GT,
འབྲེག་པ་,བྲེགས་པ་,འབྲེག་པ་,བྲེགས་,TDC,,,KN
འབྲེད་པ་,བྲེད་པ་,འབྲེད་པ་,བྲེད་,,,GT,
འབྲེལ་བ་,འབྲེལ༼ད༽་བ་,འབྲེལ་བ་,འབྲེལ༼ད༽་,,,GT,
འབྲེལ་བ་,འབྲེལ་བ་,འབྲེལ་བ་,,TDC,,,
འབྲེལ་བ་,འབྲེལ་བ་,འབྲེལ་བ་,འབྲེལ་,,PH,,KN
འབྲོང་བ་,འབྲོངས་པ་,འབྲོང་བ་,བྲོངས་,,,,KN
འབྲོས་པ་,བྲོས་པ་,འབྲོས་པ་,བྲོས་,,,GT,KN
འབྲོས་པ་,བྲོས་པ་,འབྲོས་པ་,བྲོས་,TDC,PH,,
རྦད་པ་,རྦད་པ་,རྦད་པ་,རྦོད་པ་,,,GT,
རྦོད་པ་,རྦད་པ་,རྦད་པ་,རྦོད་,TDC,,,
སྦ་བ་༼སྦེད་པ་༽,སྦས་པ་,སྦ་བ་,སྦས་,,,GT,
སྦག་པ་,སྦགས་པ་,་སྦག་པ་,སྦགས་,,,GT,
སྦག་པ་,སྦགས་པ་,་སྦག་པ་,སྦོགས་,TDC,,,
སྦག་པ་,སྦགས་པ་,སྦག་པ་,སྦོགས་,,,,KN
སྦམ་པ་,སྦམས་པ་,སྦམ་པ་,སྦོམས་,,,GT,
སྦིར་བ་,སྦིར༼ད༽་བ་,སྦིར་བ་,སྦིར༼ད༽་,,,GT,
སྦུང་བ་,སྦུངས་པ་,སྦུང་བ་,སྦུངས་,,,GT,
སྦུད་པ་,སྦུད་པ་,སྦུད་པ་,སྦུད་,,,GT,
སྦུབ་པ་,སྦུབས་པ་,སྦུབ་པ་,སྦུབས་,TDC,,,KN
སྦེ་བ་,སྦེས་པ་,སྦེ་བ་,སྦེས་,,,GT,
སྦེད་པ་,སྦས་པ་,སྦ་བ་,སྦོས་,TDC,PH,,KN
སྦོ་བ་,སྦོས་པ་,སྦོ་བ་,སྦོས་,,,GT,
སྦོང་བ་,སྦངས་པ་,སྦང་བ་,སྦོངས་,TDC,,,KN
སྦོང་བ་༼སྦང་བ་༽,སྦངས་པ་,སྦང་བ་,སྦོངས་,,,GT,
སྦོན་པ་,སྦོན༼ད༽་པ་,སྦོན་པ་,སྦོན༼ད༽་,,,GT,
སྦོམ་པ་,སྦམས་པ་,སྦམ་པ་,སྦོམས་,TDC,PH,,
སྦོར་བ་,སྦར༼ད༽་བ་,སྦར་བ་,སྦོར༼ད༽་,,,GT,
སྦོར་བ་,སྦར་བ་,སྦར་བ་,སྦོར་,TDC,,,KN
སྦོལ་བ་,སྦོལ་བ་,སྦོལ་བ་,སྦོལ་,TDC,,,
སྦོས་པ་,སྦོས་པ་,སྦོས་པ་,,TDC,PH,,
སྦྱིན་པ་,བྱིན་པ་,སྦྱིན་པ་,སྦྱིན་,TDC,PH,,KN
སྦྱིན་པ་,བྱིན་པ་༼སྦྱིན༼ད༽༽,སྦྱིན་པ་,བྱིན༼ད༽་༼སྦྱིན༼ད༽༽,,,GT,
སྦྱོང་བ་,སྦྱངས་པ་,སྦྱང་བ་,སྦྱོངས་,TDC,PH,GT,KN
སྦྱོར་བ་,སྦྱར༼ད༽་བ་,སྦྱར་བ་,སྦྱོར༼ད༽་,,,GT,
སྦྱོར་བ་,སྦྱར་བ་,སྦྱར་བ་,སྦྱོར་,TDC,PH,,KN
སྦྲག་པ་,སྦྲགས་པ་,སྦྲག་པ་,སྦྲགས་,,,GT,
སྦྲག་པ་,སྦྲགས་པ་,སྦྲག་པ་,སྦྲོགས་,TDC,PH,,KN
སྦྲིད་པ་,སྦྲིད་པ་,སྦྲིད་པ་,,,,,KN
སྦྲིད་པ་,སྦྲིད་པ་,སྦྲིད་པ་,,TDC,,,
སྦྲིད་པ་,སྦྲིད་པ་,སྦྲིད་པ་,སྦྲིད་,,,GT,
སྦྲིབ་པ་,སྦྲིབས་པ་,སྦྲིབ་པ་,སྦྲིབས་,,,GT,
སྦྲུ་བ་,་སྦྲུས་པ་,སྦྲུ་བ་,སྦྲུས་,TDC,,,
སྦྲུད་པ་,སྦྲུས་པ་,སྦྲུ་བ་,སྦྲུས་,,,GT,
སྦྲུམ་པ་,སྦྲུམ་པ་,སྦྲུམ་པ་,,TDC,,,
སྦྲུམ་པ་,སྦྲུམས་པ་,སྦྲུམ་པ་,སྦྲུམས་,,,GT,
སྦྲེ་བ་,སྦྲེས་པ་,སྦྲེ་བ་,སྦྲེས་,,,GT,
སྦྲེག་པ་,སྦྲེགས་པ་,སྦྲེག་པ་,སྦྲེགས་,,,GT,
སྦྲེང་བ་,སྦྲེངས་པ་,སྦྲེང་བ་,སྦྲེངས་,TDC,,GT,
སྦྲེབ་པ་,སྦྲེབས་པ་,སྦྲེབ་པ་,སྦྲེབས་,,,GT,
སྦྲེལ་བ་,སྦྲེལ༼ད༽་བ་,སྦྲེལ་བ་,སྦྲེལ༼ད༽་,,,GT,
སྦྲེལ་བ་,སྦྲེལ་བ་,སྦྲེལ་བ་,སྦྲེལ་,TDC,,,KN
སྦྲོན་པ་,སྦྲན༼ད༽་པ་,སྦྲན་པ་,སྦྲོན༼ད༽་,,,GT,
སྦྲོན་པ་,སྦྲན་པ་,སྦྲན་པ་,སྦྲོན་,TDC,,,
མལ་བ་,མལ༼ད༽་བ་,མལ་བ་,མལ༼ད༽་,,,GT,
མིད་པ་,མིད་པ་,མིད་པ་,མིད་,TDC,,,KN
མིད་པ་,མིད་པ་,མིད་པ་,མེད་,,,GT,
མིན་པ་,མིན༼ད༽་པ་,མིན་པ་,མིན༼ད༽་,,,GT,
མིན་པ་,མིན་པ་,མིན་པ་,,,PH,,
མུར་བ་,མུར་བ་,མུར་བ་,མུར་,TDC,,,
མུལ་བ་,མུལ༼ད༽་བ་,མུལ་བ་,མུལ༼ད༽་,TDC,,,
མེད་པ་,མེད་པ་,མེད་པ་,,,PH,,
མེད་པ་,མེད་པ་,མེད་པ་,མེད་,,,GT,
མེར་བ་,མེར༼ད༽་བ་,མེར་བ་,མེར༼ད༽་,,,GT,
མེར་བ་,མེར་བ་,མེར་བ་,,TDC,,,
མོག་པ་,མོགས་པ་,མོག་པ་,མོགས་,,,GT,
མོལ་བ་,མོལ༼ད༽་བ་,མོལ་བ་,མོལ༼ད༽་,,,GT,
མོལ་བ་,མོལ་བ་,མོལ་བ་,མོལ་,TDC,,,KN
མོས་པ་,མོས་པ་,མོས་,མོས་,,PH,GT,
མོས་པ་,མོས་པ་,མོས་པ་,,TDC,,,
མོས་པ་,མོས་པ་,མོས་པ་,མོས་,,,,KN
མྱག་པ་,མྱགས་པ་,མྱག་པ་,,TDC,,,
མྱག་པ་,མྱགས་པ་,མྱག་པ་,མྱགས་,,,GT,
མྱིད་པ་,མྱིད་པ་,མྱིད་པ་,མྱིད་,,,GT,
མྱུག་པ་,མྱུགས་པ་,མྱུག་པ་,མྱུགས,TDC,,,
མྱུལ་བ་,མྱུལ་བ་,མྱུལ་བ་,,TDC,,,
མྱུལ་བ་,མྱུལ་བ་,མྱུལ་བ་,མྱུལ་,TDC,,,
མྱོང་བ,མྱངས་པ་,མྱང་བ་,མྱོངས་,TDC,PH,GT,
མྱོང་བ་,མྱངས་པ་,མྱང་བ་,མྱོངས་,,,,KN
མྱོང་བ་,མྱོང་བ་,མྱོང་བ་,,TDC,,,
མྱོས་པ་,མྱོས་པ་,མྱོས་པ་,,TDC,,,
མྱོས་པ་,མྱོས་པ་,མྱོས་པ་,མྱོས་,,,GT,KN
དམན་པ་,དམན་པ་,དམན་པ་,,TDC,PH,,
དམན་པ་,དམན་པ་,དམན་པ་,དམན་,,,,KN
དམའ་པ་,དམས་པ་,དམའ་པ་,དམས་,,,GT,
དམས་པ་,དམས་པ་,དམས་པ་,,TDC,,,
དམིགས་པ་,དམིགས་པ་,དམིགས་པ་,,TDC,,,
དམིགས་པ་,དམིགས་པ་,དམིགས་པ་,དམིགས་,TDC,PH,GT,KN
དམུར་བ་,མུར༼ད༽་བ་,མུར་བ་,དམུར༼ད༽་,,,GT,
དམུལ་བ་,དམུལ༼ད༽་བ་,དམུལ་བ་,དམུལ༼ད༽་,,,GT,
དམུལ་བ་,དམུལ་བ་,དམུལ་བ་,དམུལ་,TDC,PH,,KN
དམུས་པ་,དམུས་པ་,དམུས་པ་,,TDC,,,
དམེ་བ་,དམེས་པ་,དམེ་བ་,དམེས་,,,GT,KN
དམོད་པ་,དམོད་པ་,དམོད་པ་,དམོད་,,,,KN
དམོད་པ་,དམོད་པ་,དམོད་པ་,དམོད་,TDC,,GT,
དམྱུག་པ་,མྱུགས་པ་,མྱུག་པ་,དམྱུགས་,,,GT,
དམྱུག་པ་,དམྱུགས་པ་,དམྱུག་པ་,,TDC,,,
དམྱུག་པ་,དམྱུགས་པ་,དམྱུག་པ་,དམྱུགས་,TDC,,,KN
རྨ་པ་,རྨས་པ་,རྨ་པ་,རྨས་,TDC,,GT,
རྨས་པ་,རྨས་པ་,རྨས་པ་,,TDC,,,
རྨི་བ་,རྨིས་པ་,རྨི་བ་,,TDC,,,
རྨི་བ་,རྨིས་པ་,རྨི་བ་,རྨིས་,TDC,,GT,
རྨུག་པ་,རྨུགས་པ་,རྨུག་པ་,རྨུགས་,TDC,,GT,KN
རྨུར་བ་,རྨུར༼ད༽་བ་,རྨུར་བ་,རྨུར༼ད༽་,,,GT,
རྨུར་བ་,རྨུར་བ་,རྨུར་བ་,རྨུར་,TDC,,,
རྨུས་བ་,རྨུས་བ་,རྨུས་བ་,རྨུས་,,,GT,
རྨེ་བ་,རྨེས་བ་,རྨེ་བ་,རྨེས་,,,GT,
རྨེལ༼ད༽་བ་,རྨེལ་བ་,རྨེལ་བ་,རྨེལ༼ད༽་,,,GT,
རྨེལ་བ་,རྨེལ་བ་,རྨེལ་བ་,རྨེལ་,TDC,,,KN
རྨོང་པ་,རྨོངས་པ་,རྨོང་པ་,རྨོངས་,,,GT,
རྨོངས་པ་,རྨོངས་པ་,རྨོངས་པ་,,TDC,PH,,
རྨོད་པ་,རྨས་པ་,རྨད་པ་,རྨེད་,,,GT,
རྨོད་པ་,རྨོས་པ་,རྨོ་བ་,རྨོས་,TDC,,,KN
རྨོད་པ་༼རྨོ་བ་༽,རྨོས་པ་,རྨོ་བ་,རྨོས་,,,GT,
རྨྱ་བ་,རྨྱ་བ་,རྨྱ་བ་,རྨྱ་,,,GT,
རྨྱ་བ་,རྨྱས་པ་,རྨྱ་བ་,,,,,KN
རྨྱོ་བ་,རྨྱས་པ་,རྨྱ་བ་,རྨྱོས་,,,GT,
རྨྱོང་བ་,རྨྱངས་པ་,རྨྱང་བ་,རྨྱོངས་,TDC,,GT,
སྨན་པ་,སྨན༼ད༽་པ་,སྨན་པ་,སྨན༼ད༽་,,,GT,
སྨན་པ་,སྨན་པ་,སྨན་པ་,,TDC,,,
སྨན་པ་,སྨན་པ་,སྨན་པ་,སྨན་,,PH,,
སྨིན་པ་,སྨིན༼ད༽་པ་,སྨིན་པ་,སྨིན༼ད༽་,,,GT,
སྨིན་པ་,སྨིན་པ་,སྨིན་པ་,,TDC,,,
སྨིན་པ་,སྨིན་པ་,སྨིན་པ་,སྨིན་,,PH,,
སྨོ་བ་,སྨོས་པ་,སྨོ་བ་,སྨོ་,,,GT,
སྨོད་པ་,སྨད་པ་,སྨད་པ་,སྨོད་,TDC,PH,GT,KN
སྨོན་པ་,སྨོན༼ད༽་པ་,སྨོན་པ་,སྨོན༼ད༽་,,,GT,
སྨོན་པ་,སྨོན་པ་,སྨོན་པ་,སྨོན་,TDC,PH,,KN
སྨོས་པ་,སྨོས་པ་,སྨོས་པ་,སྨོས་,TDC,PH,,
སྨྱན་པ་,སྨྱན༼ད༽་པ་,སྨྱན་པ་,སྨྱན༼ད༽་,,,GT,
སྨྱུག་བ་,སྨྱུགས་པ་,སྨྱུག་བ་,སྨྱུགས་,,,GT,
སྨྱུང་བ་,སྨྱུངས་པ་,སྨྱུང་བ་,སྨྱུངས་,TDC,,GT,
སྨྱུར་བ་,སྨྱུར༼ད༽་བ་,སྨྱུར་བ་,སྨྱུར༼ད༽་,,,GT,
སྨྱོ་བ་,སྨྱོ་བ་,སྨྱོ་བ་,,,PH,,
སྨྱོ་བ་,སྨྱོས་པ་,སྨྱོ་བ་,,,,,KN
སྨྱོ་བ་,སྨྱོས་པ་,སྨྱོ་བ་,སྨྱོ་,,,GT,
སྨྲ་བ་,སྨྲས་པ་,སྨྲ་བ་,སྨྲོས་,TDC,PH,GT,KN
སྨྲང་བ་,སྨྲངས་པ་,སྨྲང་བ་,སྨྲེངས་,,,GT,
སྨྲེ་བ་,སྨྲེས་པ་,སྨྲེ་བ་,སྨྲེས་,,,GT,
གཙག་པ་,གཙགས་པ་,གཙག་པ་,གཙགས་,,,GT,
གཙག་པ་,གཙགས་པ་,གཙག་པ་,གཙོགས་,TDC,,,KN
གཙབ་པ་,བཙབས་པ་,བཙབ་པ་,གཙབས་,,,GT,
གཙབ་པ་,བཙབས་པ་,བཙབ་པ་,གཙོབས་,TDC,,,KN
གཙིག་པ་,གཙིགས་པ་,གཙིག་པ་,གཙིགས་,,,GT,
གཙིགས་པ་,གཙིགས་པ་,གཙིགས་པ་,,TDC,,,
གཙིགས་པ་,གཙིགས་པ་,གཙིགས་པ་,གཙིགས་,,,,KN
གཙིར་པ་,གཙིར༼ད༽་པ་,བཙིར་པ་,གཙིར༼ད༽་,,,GT,
གཙུབ་པ་,གཙུབས་པ་,གཙུབ་པ་,གཙུབས་,TDC,,GT,KN
གཙེ་བ་,གཙེས་པ་,གཙེ་བ་,གཙེས་,,,,KN
གཙེ་བ་,གཙེས་པ་,གཙེ་བ་,གཙེས་,TDC,PH,,
གཙེར་བ་,གཙེར་བ་,གཙེར་བ་,གཙེར་,TDC,,,
བཙན་པ་༼གཙན་པ་༽,བཙན༼ད༽་པ་,བཙན་པ་,གཙན༼ད༽་,,,GT,
བཙའ་བ་,བཙའ་བ་,བཙའ་བ་,,TDC,,,
བཙའ་བ་,བཙས་པ་,བཙའ་བ་,,TDC,,,KN
བཙའ་བ་,བཙས་པ་,བཙའ་བ་,བཙས་,TDC,PH,GT,
རྩབ་པ་,བརྩབས་པ་,བརྩབ་པ་,རྩབས་,,,GT,
རྩལ་བ་,རྩལ་བ་,རྩལ་བ་,,,PH,,
རྩི་བ་,བརྩིས་པ་,བརྩི་བ་,རྩིས་,TDC,PH,GT,KN
རྩིག་པ་,བརྩིགས་པ་,བརྩིག་པ་,རྩིགས་,,,,KN
རྩིག་པ་,བརྩིགས་པ་,བརྩིག་པ་,རྩིགས་,,,GT,
རྩུ་བ་,བརྩུས་པ་,བརྩུ་པ་,རྩུས་,,,GT,
རྩེ་བ་,རྩེས་པ་,རྩེ་བ་,རྩེས་,,,GT,
རྩེ་བ་,བརྩེས་པ་,བརྩེ་བ་,རྩེས་,TDC,PH,,KN
རྩེག་པ་,བརྩེགས་པ་,བརྩེག་པ་,རྩེགས་,,,,KN
རྩེག་པ་,བརྩེགས་པ་,བརྩེག་པ་,རྩེགས་,TDC,,,
རྩེང་བ་,བརྩེངས་པ་,བརྩེང་བ་,རྩེངས་,TDC,,GT,
རྩེན་པ་,རྩེན༼ད༽་པ་,རྩེན་པ་,རྩེན༼ད༽་,,,GT,
རྩེན་པ་,རྩེན་པ་,རྩེན་པ་,,,PH,,
རྩོད་པ་,བརྩད་པ་,བརྩད་པ་,རྩོད་,TDC,PH,GT,KN
རྩོམ་པ་,བརྩམས་པ་,བརྩམ་པ་,རྩོམས་,,,,KN
རྩོམ་པ་,བརྩམས་པ་,བརྩམ་པ་,རྩོམས་,TDC,PH,GT,
རྩོལ་བ་,བརྩལ༼ད༽་བ་,བརྩལ་བ་,རྩོལ༼ད༽་,,,GT,
རྩོལ་བ་,བརྩལ་བ་,བརྩལ་བ་,རྩོལ་,TDC,PH,,KN
སྩལ་བ་,བསྩལ་བ་,བསྩལ་བ་,སྩོལ་,,PH,,
སྩེལ་བ་,བསྩལ༼ད༽་བ་,བསྩལ་བ་,སྩེལ༼ད༽་,,,GT,
སྩོག་པ་,བསྩགས་པ་,བསྩག་པ་,སྩོགས་,,,GT,
སྩོལ་བ་,བསྩལ༼ད༽་བ་,བསྩལ་བ་,སྩོལ༼ད༽་,,,GT,
སྩོལ་བ་,བསྩལ་བ་,བསྩལ་བ་,སྩོལ་,TDC,,,KN
བརྩེ་བ་,བརྩེ་བ་,བརྩེ་བ་,,TDC,PH,,
བརྩེ་བ་,བརྩེ་བ་,བརྩེ་བ་,བརྩེ་,,,,KN
བརྩེ་བ་,བརྩེས་བ་,བརྩེ་བ་,བརྩེས་,,,GT,
བརྩེད་པ་,བརྩེད་པ་,བརྩེད་པ་,,TDC,,,
བརྩོན་པ་,བརྩོན༼ད༽་པ་,བརྩོན་པ་,བརྩོན༼ད༽་,,,GT,
བརྩོན་པ་,བརྩོན་པ་,བརྩོན་པ་,བརྩོན་,TDC,PH,,KN
ཚ་བ་,ཚ་བ་,ཚ་བ་,,TDC,,,
ཚ་བ་,ཚ་བ་,ཚ་བ་,ཚ་,TDC,,GT,
ཚགས་པ་,ཚགས་པ་,འཚག་པ་,ཚགས་,,,,KN
ཚང་བ་,ཚང་བ་,ཚང་བ་,,TDC,PH,,
ཚང་བ་,ཚང་བ་,ཚང་བ་,ཚང་,,,GT,
ཚངས་བ་,ཚངས་བ་,ཚངས་བ་,ཚངས་,,,GT,
ཚད་པ་,ཚད་པ་,ཚད་པ་,ཚད་,,,GT,
ཚད་པ་,ཚད་པ་,ཚད་པ་,ཚོད་,TDC,,,KN
ཚམ་པ་༼འཚམ་པ་༽,བཙམས་པ་,བཙམ་པ་,ཚམས་,,,GT,
ཚར་བ་,ཚར༼ད༽་བ་,ཚར་བ་,ཚར༼ད༽་,,,GT,
ཚར་བ་,ཚར་བ་,ཚར་བ་,,TDC,,,KN
ཚིམ་པ་,ཚིམས་པ་,ཚིམ་པ་,,,,,KN
ཚིམ་པ་,ཚིམས་པ་,ཚིམ་པ་,,TDC,,,
ཚིམ་པ་,ཚིམས་པ་,ཚིམ་པ་,ཚིམས་,,PH,GT,
ཚུགས་པ་,ཚུགས་པ་,ཚུགས་པ་,,TDC,,,
ཚུགས་པ་,ཚུགས་པ་,ཚུགས་པ་,ཚུགས་,,PH,GT,
ཚུད་པ་,ཚུད་པ་,ཚུད་པ་,,TDC,PH,,
ཚུམ་པ་,བསུམས་པ་,བསུམ་པ་,ཚུམས་,,,GT,
ཚེང་བ་,ཚེངས་པ་,ཚེང་བ་,ཚེངས་,,,GT,
ཚེས་པ་,ཚེས་པ་,ཚེས་པ་,,TDC,,,
ཚོགས་པ་,ཚོགས་པ་,ཚོགས་པ་,,TDC,PH,,
ཚོར་བ་,ཚོར༼ད༽་བ་,ཚོར་བ་,ཚོར༼ད༽་,,,GT,
ཚོར་བ་,ཚོར་བ་,ཚོར་བ་,,TDC,,,KN
ཚོར་བ་,ཚོར་བ་,ཚོར་བ་,ཚོར་,,PH,,
ཚོས་པ་,ཚོས་པ་,ཚོས་པ་,,TDC,,,
མཚན་པ་,མཚན༼ད༽་པ་,མཚན་པ་,མཚན༼ད༽་,,,GT,
མཚན་པ་,མཚན་པ་,མཚན་པ་,མཚོན་,TDC,PH,,
མཚར་བ་,མཚར༼ད༽་བ་,མཚར་བ་,མཚར༼ད༽་,,PH,GT,
མཚར་བ་,མཚར་བ་,མཚར་བ་,མཚར་,,PH,,
མཚུངས་པ་,མཚུངས་པ་,མཚུངས་པ་,,,PH,,
མཚུངས་པ་༼མཚུང་བ་༽,མཚུངས་པ་,མཚུངས་པ་༼མཚུང་བ་༽,མཚུངས་,,,GT,
མཚེར་བ་,མཚེར༼ད༽་བ་,མཚེར་བ་,མཚེར༼ད༽་,,,GT,
མཚེར་བ་,མཚེར་བ་,མཚེར་བ་,མཚེར་,TDC,,,
མཚོན་པ་,མཚོན༼ད༽་པ་,མཚོན་པ་,མཚོན༼ད༽་,,,GT,
མཚོན་པ་,མཚོན་པ་,མཚོན་པ་,མཚོན་,TDC,PH,,KN
འཚག་པ་,བཙགས་པ་,བཙག་པ་,ཚོགས་,,,,KN
འཚག་པ་,བཙགས་པ་,བཙག་པ་,ཚོགས་,TDC,PH,,
འཚག་པ་,བཙགས་པ་,བཙག་པ་,འཚགས་,,,GT,
འཚག་པ་,འཚགས་པ་,འཚག་པ་,འཚགས་,,,GT,
འཚག་པ་,འཚགས་པ་,འཚག་པ་,འཚོགས་,TDC,PH,,
འཚག་པ་༼གསབ་པ་༽,བསབས་པ་,བསབ་པ་,འཚོབས་༼གསབས་༽,,,GT,
འཚང་བ་,བཙངས་པ་,བཙང་བ་,ཚོངས་,TDC,PH,,KN
འཚང་བ་,བཙངས་པ་,བཙང་བ་,འཚངས་,,,GT,
འཚང་བ་,འཚངས་པ་,འཚང་བ་,,TDC,PH,,
འཚང་བ་,འཚངས་པ་,འཚང་བ་,འཚོངས་,TDC,,GT,
འཚབ་པ་,འཚབས་པ་,འཚབ་པ་,,,,,KN
འཚབ་པ་,འཚབས་པ་,འཚབ་པ་,འཚོབས་,TDC,,,KN
འཚབས་པ་,ཚབ་པ་,འཚབ་པ་,ཚབས་,,,GT,
འཚམ་པ་,བཙམས་པ་,བཙམ་པ་,ཚོམས་,TDC,,,
འཚམ་པ་,འཚམས་པ་,འཚམ་པ་,,TDC,,,
འཚམ་པ་,འཚམས་པ་,འཚམ་པ་,འཚམས་,,,GT,
འཚར་བ་,འཚར༼ད༽་བ་,འཚར་བ་,འཚར༼ད༽་,,,GT,
འཚར་བ་,འཚར་བ་,འཚར་བ་,,TDC,,,
འཚལ་བ,བཙལ༼ད༽་བ་,བཙལ་བ་,འཚལ༼ད༽་,,,GT,
འཚལ་བ,བཙལ་བ་,བཙལ་བ་,འཚོལ་,TDC,PH,,
འཚལ་བ་,བཙལ་བ་,བཙལ་བ་,འཚོལ་,,,,KN
འཚལ་བ་,འཚལ་བ་,འཚལ་བ་,,TDC,PH,,
འཚིག་པ་,ཚིག་པ་,ཚིག་པ་,འཚིགས་,,,GT,
འཚིག་པ་,ཚིག་པ་,འཚིག་པ་,,TDC,,,KN
འཚིག་པ་,ཚིག་པ་,འཚིག་པ་,འཚིགས་,,PH,,
འཚིར༼ད༽་བ་,ཚིར་བ་,འཚིར་བ་,ཚིར༼ད༽་,,,GT,
འཚིར་བ་,བཙིར་བ་,བཙིར་བ་,ཚིར་,TDC,,,KN
འཚུགས་པ་,ཚུག་པ་,འཚུག་པ་,འཚུགས་,,,GT,
འཚུད་པ་,ཚུད་པ་,འཚུད་པ་,,,,,KN
འཚུད་པ་,ཚུད་པ་,འཚུད་པ་,ཚུད་,,,GT,
འཚུབ་པ་,འཚུབས་པ་,འཚུབ་པ་,,TDC,,,KN
འཚུབས་པ་,ཚུབ་པ་,འཚུབ་པ་,ཚུབས་,,,GT,
འཚུམ་པ་,བཙུམས་པ་,བཙུམ་པ་,ཚུམས་,,,,KN
འཚེ་བ་,བཙེས་པ་,གཙེ་བ་,གཙེས་,,PH,,
འཚེ་བ་,བཙེས་པ་༼གཙེས་པ་༽,གཙེ་བ་,གཙེས་,,,GT,
འཚེ་བ་,འཚེས་པ་,འཚེ་བ་,,,,,KN
འཚེང་བ་,འཚེངས་པ་,འཚེང་བ་,,,,,KN
འཚེང་བ་,འཚེངས་བ་,འཚེང་བ་,,TDC,,,
འཚེང་བ་,འཚེངས་བ་,འཚེང་བ་,འཚེངས་,,,GT,
འཚེད་བ་,བཙོས་བ་,བཙོ་བ་,འཚོད་,,,GT,
འཚེམ་པ་,བཙེམས་པ་,བཙེམ་པ་,ཚེམས་,TDC,,,KN
འཚེམ་པ་,བཙེམས་པ་,བཙེམ་པ་,འཚེམས་,,,GT,
འཚེམ་པ་,ཚེམས་པ་,ཚེམ་པ,འཚེམས་,,,GT,
འཚེམ་པ་,འཚེམས་པ་,འཚེམ་པ,,TDC,,,
འཚེར༼ད༽་བ་,ཚེར་བ་,འཚེར་བ་,ཚེར༼ད༽་,,,GT,
འཚེར་བ་,འཚེར་བ་,འཚེར་བ་,,TDC,,,
འཚེས་པ་,ཚེས་པ་,འཚེས་པ་,ཚེས་,,,GT,
འཚོ་བ་,འཚོ་པ་,འཚོ་བ་,འཚོ་,,,GT,
འཚོ་བ་,འཚོས་པ་,འཚོ་བ་,,TDC,,,KN
འཚོ་བ་,འཚོས་པ་,འཚོ་བ་,འཚོས་,,,,KN
འཚོ་བ་,འཚོས་པ་,འཚོ་བ་,འཚོས་,TDC,PH,,
འཚོག་པ་,བཙོག་པ་,གཙོག་པ་,ཚོག་,,,GT,
འཚོག་པ་,བཙོགས་པ་,བཙོག་པ་,ཚོགས་,,,,KN
འཚོག་པ་,བཙོགས་པ་,བཙོག་པ་,འཚོགས་,TDC,PH,,
འཚོག་པ་,འཚོགས་པ་,འཚོག་པ་,འཚོགས་,TDC,PH,,KN
འཚོགས་པ་,ཚོགས་པ་,འཚོག་པ་,ཚོགས་,,,GT,
འཚོང་བ་,བཙོངས་པ་,བཙོང་བ་,ཚོངས་,TDC,PH,GT,KN
འཚོད་པ་,བཙོས་པ་,བཙོ་བ་,ཚོས་,,,,KN
འཚོད་པ་,བཙོས་པ་,བཙོ་བ་,ཚོས་,TDC,PH,,
འཚོབ་པ་,ཚོབས་པ་,ཚོབ་པ་,འཚོབས་,,,GT,
འཚོབ་པ་,འཚོབས་པ་,འཚོབ་པ་,,TDC,,,
འཚོམས་པ་,ཚོམ་པ་,འཚོམ་པ་,ཚོམས་,,,GT,
འཚོལ་བ་,བཙལ་བ་,བཙལ་བ་,ཚོལ་,TDC,PH,,
འཚོལ་བ་༼འཚེལ་བ་༽,བཙལ༼ད༽་བ་,བཙལ་བ་,ཚོལ༼ད༽་,,,GT,
འཚོས་བ་,ཚོས་བ་,འཚོས་བ་,ཚོ་,,,GT,
མཛངས་པ་,མཛངས་པ་,མཛངས་པ་,མཛངས་,,,,KN
མཛད་པ་,མཛད་པ་,མཛད་པ་,མཛོད་,TDC,PH,GT,KN
མཛའ་པ་,མཛའ་པ་,མཛའ་པ་,མཛའ་,,,GT,
མཛེས་པ་,མཛེས་པ་,མཛེས་པ་,མཛེས་,,PH,,
འཛག་པ་,ཟག་པ་,འཛག་པ་,,TDC,,,KN
འཛག་པ་,ཟག་པ་,འཛག་པ་,ཟགས་,,PH,GT,
འཛགས་པ་,བཟག་པ་,གཟག་པ་,གཟགས་,,,GT,
འཛད་པ་,ཟད་པ་,འཛད་པ་,,TDC,PH,,KN
འཛད་པ་,ཟད་པ་,འཛད་པ་,ཟད་,,,GT,
འཛབ་པ་,ཛབས་པ་,ཛབ་བ་,འཛབས་,,,GT,
འཛའ་བ་,ཟོས་པ་,འཛའ་བ་,,TDC,,,KN
འཛའ་བ་༼ཟ་བ་༽,ཟོས་པ་,འཛའ་བ་,,,PH,,
འཛར༼ད༽་བ་,བཟར་བ་,གཟར་བ་,གཟར༼ད༽་,,,GT,
འཛར་བ་,ཛར་བ་,འཛར་བ་,ཛར༼ད༽་,,,GT,
འཛར་བ་,འཛར་བ་,འཛར་བ་,,TDC,PH,,
འཛིང་བ་,འཛིངས་པ་,འཛིང་བ་,,TDC,PH,,
འཛིང་བ་,འཛིངས་པ་,འཛིང་བ་,འཛིངས་,TDC,PH,GT,KN
འཛིན་པ་,བཟུང་བ་,གཟུང་བ་,ཟུངས་,,,,KN
འཛིན་པ་,བཟུང་བ་,གཟུང་བ་,ཟུངས་,TDC,PH,GT,
འཛིར༼ད༽་བ་,ཛིར་བ་,འཛིར་བ་,ཛིར༼ད༽་,,,GT,
འཛིར་བ་,འཛིར་བ་,འཛིར་བ་,,TDC,,,
འཛུགས་པ་,བཙུགས་པ་,གཟུག་པ་,ཚུགས་,,,,KN
འཛུགས་པ་,བཙུགས་པ་,གཟུགས་པ་,ཚུགས་,TDC,PH,GT,
འཛུད་པ་,བཙུད་པ་,གཟུད་པ་,གཙུད་༼འཛུད་༽,,,GT,
འཛུད་པ་,བཙུད་པ་,གཟུད་པ་,ཚུད་,TDC,PH,,KN
འཛུམ་པ་,བཙུམས་པ་,བཙུམ་པ་,ཚུམས་,TDC,,,
འཛུམ་པ་,བཙུམས་པ་༼བཙུམ་པ་༽,གཟུམ་པ་,ཚུམས་,,,GT,
འཛུམ་པ་,འཛུམས་པ་,འཛུམ་པ་,འཛུམས་,TDC,,GT,KN
འཛུར་བ་,བཟུར༼ད༽་བ་,བཟུར་བ་,ཟུར༼ད༽་,,,GT,
འཛུར་བ་,བཟུར་བ་,གཟུར་བ་,ཟུར་,TDC,,,KN
འཛུལ་བ་,འཛུལ་བ་,འཛུལ་བ་,འཛུལ་,,,,KN
འཛུལ་བ་,འཛུལ་བ་,འཛུལ་བ་,འཛུལ་,TDC,,,
འཛེག་པ་,འཛེགས་པ་,འཛེག་པ་,འཛེགས་,TDC,PH,GT,KN
འཛེད་པ་,བཟེད་པ་,གཟེད་པ་,ཟེད་,,,GT,
འཛེད་པ་,བཟེད་པ་,བཟེད་པ་,ཟེད་,TDC,,,
འཛེམ་པ་,འཛེམས་པ་,འཛེམ་པ་,འཛེམས་,TDC,PH,,KN
འཛེམ་པ་,འཛེམས་པ་༼ཟེམ་པ་༽,འཛེམ་པ་,འཛེམས་,,,GT,
འཛེམས་པ་,བཟེམ་པ་,གཟེམ་པ་,གཟེམས་,,,GT,
འཛེར༼ད༽་བ་,བཙེར༼ད༽་བ་,བཙེར་བ་,ཛེར༼ད༽་,,,GT,
འཛེར༼ད༽་བ་,ཛེར་བ་,འཛེར་བ་,ཛེར༼ད༽་,,,GT,
འཛེར་བ་,འཛེར་བ་,འཛེར་བ་,,TDC,,,
འཛོམ་པ་,འཛོམས་པ་,འཛོམ་པ་,འཛོམས་,TDC,,GT,KN
འཛོལ༼ད༽་བ་,ཛོལ་བ་,འཛོལ་བ་,ཛོལ༼ད༽་,,,GT,
འཛོལ་བ་,འཛོལ་བ་,འཛོལ་བ་,,TDC,,,KN
རྫི་བ་,བརྫིས་པ་,བརྫི་བ་,རྫིས,TDC,,GT,
རྫི་བ་,བརྫིས་པ་,བརྫི་བ་,རྫིས་,,,,KN
རྫུ་བ་,བརྫུས་པ་,བརྫུ་བ་,རྫུས་,TDC,,GT,KN
རྫུན་བ་,བརྫུན༼ད༽་པ་,བརྫུན་བ་,རྫུན༼ད༽་,,,GT,
རྫུན་བ་,བརྫུན་པ་,བརྫུན་བ་,,,PH,,
རྫེ་བ་,བརྫེས་པ་,བརྫེ་བ་,རྫེས་,TDC,,GT,KN
རྫོགས་པ་,རྫོགས་པ་,རྫོགས་པ་,,,,,KN
རྫོགས་པ་,རྫོགས་པ་,རྫོགས་པ་,རྫོགས་,TDC,PH,GT,
རྫོང་བ་,བརྫངས་པ་,བརྫང་བ་,རྫོངས་,TDC,,GT,KN
རྫོད་པ་,བརྫད་པ་,བརྫད་པ་,རྫོད་,TDC,,,
རྫོབ་པ་,བརྫབས་པ་,བརྫབ་པ་,རྫོབས་,TDC,,GT,
ཞ་བ་,ཞ་བ་,ཞ་བ་,,TDC,PH,,
ཞར་བ་,ཞར༼ད༽་བ་,ཞར་བ་,ཞར༼ད༽་,,,GT,
ཞར་བ་,ཞར་བ་,ཞར་བ་,,TDC,,,
ཞི་བ་,ཞི་བ་,ཞི་བ་,,TDC,,,KN
ཞི་བ་,ཞི་བ་,ཞི་བ་,ཞི་,,PH,GT,
ཞུ་བ་,ཞུ་བ་,ཞུ་བ་,,TDC,PH,,
ཞུ་བ་,ཞུས་པ་,ཞུ་བ་,ཞུས་,TDC,PH,GT,KN
ཞུ་བ་,བཞུས་པ་,བཞུ་བ་,ཞུས་,,,,KN
ཞུད་པ་,ཞུད་པ་,ཞུད་པ་,,TDC,,,
ཞུད་པ་,ཞུད་པ་,ཞུད་པ་,ཞུད་,,,GT,
ཞུམ་པ་,ཞུམ་པ་,ཞུམ་པ་,,TDC,,,
ཞེད་པ་,ཞེད་པ་,ཞེད་པ་,,TDC,,,KN
ཞེད་པ་,ཞེད་པ་,ཞེད་པ་,ཞེད་,,,GT,
ཞེན་པ་,ཞེན༼ད༽་པ་,ཞེན་པ་,ཞེན༼ད༽་,,,GT,
ཞེན་པ་,ཞེན་པ་,ཞེན་པ་,,TDC,,,KN
ཞེན་པ་,ཞེན་པ་,ཞེན་པ་,ཞེན་,,PH,,
ཞོན་པ་,བཞོན༼ད༽་པ་,བཞོན་པ་,ཞོན༼ད༽་,,,GT,
ཞོན་པ་,བཞོན་པ་,བཞོན་པ་,ཞོན་,TDC,PH,,KN
ཞོམ་པ་,ཞོམ་པ་,ཞོམ་པ་,,TDC,,,
གཞགས་པ་,བཞགས་པ་,གཞགས་པ་,གཞགས་,,,GT,
གཞམ་པ་,བཞམས་པ་,བཞམ་བ་,གཞམས་,,,GT,
གཞར་བ་,བཞར༼ད༽་བ་,བཞར་བ་,གཞར༼ད༽་,,,GT,
གཞར་བ་,བཞར་བ་,གཞར་བ་,གཞོར་,TDC,,,KN
གཞིག་པ་,གཞིགས་པ་,གཞིག་པ་,གཞིགས་,,,,KN
གཞིག་པ་,གཞིགས་པ་,གཞིག་པ་,གཞིགས་,TDC,PH,GT,
གཞིབས་པ་,བཞིབས་པ་,གཞིབ་པ་,གཞིབས་,,,GT,
གཞུ་བ་,གཞུས་པ་,གཞུ་བ་,གཞུས་,,,,KN
གཞུ་བ་,བཞུས་པ་,གཞུ་བ་,གཞུས་,TDC,,,
གཞུན་པ་,བཞུན༼ད༽་པ་,བཞུན་པ་,གཞུན༼ད༽་,,,GT,
གཞུར་བ་,གཞུར་བ་,གཞུར་བ་,གཞུར་,TDC,,,
གཞུར་བ་,བཞུར༼ད༽་བ་,བཞུར་བ་,གཞུར༼ད༽་,,,GT,
གཞེན་པ་,གཞེན་པ་,གཞེན་པ་,གཞེན་,,,,KN
གཞེར་བ་,གཞེར་བ་,གཞེར་བ་,གཞེར་,,,,KN
གཞེས་པ་,གཞེས་པ་,གཞེས་པ་,གཞེས་,,,,KN
གཞོག་པ་,བཞོགས་པ་,གཞོག་པ་,གཞོགས་,,,,KN
གཞོབ་པ་,གཞོབ་པ་,གཞོབ་པ་,,TDC,,,
གཞོལ་བ་,གཞོལ༼ད༽་བ་༼ཞོལ་བ་༽,གཞོལ་བ་,གཞོལ༼ད༽་,,,GT,
གཞོལ་བ་,གཞོལ་བ་,གཞོལ་བ་,,TDC,,,
གཞོལ་བ་,གཞོལ་བ་,གཞོལ་བ་,གཞོལ་,TDC,PH,,KN
གཞོལ་བ་,བཞོལ༼ད༽་བ་,བ༹ཞོལ་བ་,གཞོལ༼ད༽་,,,GT,
བཞད་པ་,བཞད་པ་,བཞད་པ་,,,,,KN
བཞད་པ་,བཞད་པ་,བཞད་པ་,བཞད་,,,GT,
བཞད་པ་,བཞད་པ་,བཞད་པ་,བཞོད་,TDC,,,
བཞར་བ་,བཞར་བ་,བཞར་བ་,བཞོར་,TDC,,,KN
བཞུ་བ་,བཞུས་པ་,བཞུ་བ་,བཞུས་,TDC,PH,,
བཞུགས་པ་,བཞུགས་པ་,བཞུགས་པ་,,,PH,,
བཞུགས་པ་,བཞུགས་པ་,བཞུགས་པ་,བཞུགས་,TDC,,,KN
བཞུད་པ་,བཞུད་པ་,བཞུད་པ་,བཞུད་,,,,KN
བཞུད་པ་,བཞུད་པ་,བཞུད་པ་,བཞུད་,TDC,,,
བཞུར་བ་,བཞུར་བ་,བཞུར་བ་,བཞུར་,TDC,,,
བཞེང་པ་,བཞེངས་པ་,བཞེང་པ་,བཞེངས་,,,GT,
བཞེངས་པ་,བཞེངས་པ་,བཞེངས་པ་,བཞེངས་,TDC,,,KN
བཞེངས་པ་,བཞེངས་པ་,བཞེངས་པ་,བཞེངས་,TDC,PH,,
བཞེད་པ་,བཞེད་པ་,བཞེད་པ་,བཞེད་,TDC,PH,,KN
བཞེས་པ,བཞེས་པ་,བཞེས་པ་,བཞེས་,TDC,,GT,
བཞེས་པ་,བཞེས་པ་,བཞེས་པ་,བཞེས་,,,,KN
ཟ་པ་,བཟས་པ་,བཟའ་བ་,ཟོ་,,,,KN
ཟ་བ་,ཟ་བ་,ཟ་བ་,,TDC,PH,,
ཟ་བ་,ཟ་བ་,ཟ་བ་,ཟ་,,,GT,
ཟ་བ་,བཟས་པ་,ཟ་བ་,,TDC,PH,,
ཟ་བ་,བཟས་པ་,བཟའ་བ་,ཟོ་,TDC,,,
ཟ་བ་,བཟས་པ་,བཟའ་བ་,ཟོས་,,,GT,
ཟ་བ་,བཟས་པ་༼བཟས་པ་༽,བཟའ་བ་,ཟོ་,,PH,,
ཟག་པ་,ཟག་པ་,ཟག་པ་,,,,,KN
ཟག་པ་,ཟགས་པ་,ཟག་པ་,,TDC,PH,,
ཟན་པ་,བཟན༼ད༽་པ་,བཟན་པ་,ཟན༼ད༽་,,,GT,
ཟིང་བ་,ཟིང་བ་,ཟིང་བ་,,TDC,,,
ཟིན་པ་,ཟིན༼ད༽་པ་,ཟིན་པ་,ཟིན་,,,GT,
ཟིན་པ་,ཟིན་པ་,ཟིན་པ་,,TDC,PH,,
ཟུག་པ་,ཟུག་པ་,ཟུག་པ་,,TDC,,,
ཟུབ་པ་,ཟུབ་པ་,ཟུབ་པ་,,TDC,,,
ཟུབ་པ་,ཟུབས་པ་,ཟུབ་པ་,ཟུབས་,,,GT,
ཟུམ་པ་,ཟུམ་པ་,ཟུམ་པ་,,TDC,PH,,KN
ཟེར༼ད༽་བ་༼མཛེར༼ད༽་བ་༽,ཟེར་བ་༼འཛེར་བ་༽,ཟེར་བ་༼མཛེར་བ་༽,ཛེར༼ད༽་༼འཛེར༼ད༽་བ་༽,,,GT,
ཟེར་བ་,ཟེར་བ་,ཟེར་བ་,,TDC,PH,,KN
ཟོན་པ་,ཟོན༼ད༽་པ་,ཟོན་པ་,ཟོན༼ད༽་,,,GT,
ཟླུག་པ་,བཟླུགས་པ་,བཟླུག་པ་,ཟླུགས་,TDC,,GT,KN
ཟླུམ་པ་,བཟླུམས་པ་,བཟླུམ་པ་,ཟླུམས་,,,,KN
ཟླུམ་པ་,བཟླུམས་པ་,བཟླུམ་པ་,ཟླུམས་,TDC,,GT,
ཟློ་བ་,བཟླས་པ་,བཟླ་བ་,ཟློ་,,,GT,
ཟློ་བ་,བཟླས་པ་,བཟླ་བ་,ཟློས་,TDC,PH,,KN
ཟློག་པ་,བཟློག་པ་,བཟློག་པ་,ཟློག་,,,,KN
ཟློག་པ་,བཟློག་པ་,བཟློག་པ་,ཟློག་,TDC,PH,,
ཟློག་པ་,བཟློགས་པ་,བཟློག་པ་,ཟློགས་,,,GT,
ཟློས་པ་,ཟློས་པ་,ཟློས་པ་,,TDC,,,
ཟློས་པ་,བཟློས་པ་,བཟློ་པ་,ཟློས་,,,GT,
གཟགས་པ་,གཟགས་པ་,གཟགས་པ་,གཟོགས་,TDC,,,
གཟན༼ད༽་པ་,གཟན་པ་,གཟན་པ་,གཟན༼ད༽་,,,GT,
གཟན་པ་,གཟན་པ་,གཟན་པ་,,,,,KN
གཟབ་པ་,གཟབས་པ་,གཟབ་པ་,གཟོབས་,,,,KN
གཟབ་པ་,བཟབས་པ་,གཟབ་པ་,གཟོབས་,TDC,,,
གཟར་བ་,གཟར་བ་,གཟར་བ་,གཟར་,TDC,PH,,
གཟར་བ་,གཟར་བ་,གཟར་བ་,གཟོར་,,,,KN
གཟས་པ་,གཟས་པ་,གཟས་པ་,གཟས་,TDC,PH,GT,KN
གཟིགས་པ་,གཟིགས་པ་,གཟིགས་པ་,གཟིགས་,,,,KN
གཟིགས་པ་,གཟིགས་པ་,གཟིགས་པ་,གཟིགས་,TDC,PH,GT,
གཟིང་བ་,གཟིངས་པ་,གཟིང་བ་,,TDC,,,
གཟིང་བ་,བཟིངས་པ་,བཟིང་བ་,གཟིངས་,,,GT,
གཟིམ་པ་,གཟིམས་པ་,གཟིམ་པ་,གཟིམས་,,,,KN
གཟིམ་པ་,གཟིམས་པ་,གཟིམས་པ་,གཟིམས་,,,GT,
གཟིམས་པ་,གཟིམས་པ་,གཟིམས་པ་,གཟིམས་,TDC,,,
གཟིར་བ་,གཟིར་བ་,གཟིར་བ་,,,,,KN
གཟིར་བ་,གཟིར་བ་,གཟིར་བ་,གཟིར་,TDC,PH,,
གཟིར་བ་,བཟིར༼ད༽་བ་,བཟིར་བ་,གཟིར༼ད༽་,,,GT,
གཟེངས་པ་,གཟེངས་པ་,གཟེངས་པ་,གཟེངས་,TDC,,,
གཟེད་པ་,གཟེད་པ་,གཟེད་པ་,གཟེད་,TDC,,,
གཟེད་པ་,བཟེད་པ་,གཟེད་པ་,གཟེད་,,,,KN
གཟོ་བ་,གཟོ་བ་,གཟོ་བ་,གཟོ་,TDC,PH,,KN
གཟོན་པ་,གཟན་པ་,གཟན་པ་,གཟོན་,TDC,,,
གཟོབ་པ་,གཟབས་པ་,གཟབ་པ་,གཟོབས་,TDC,,,
གཟོབ་པ་,བཟབ་པ་,གཟབ་པ་,གཟབས་,,,GT,
བཟི་བ་,བཟི་བ་,བཟི་བ་,,TDC,,,
བཟི་བ་,བཟི་བ་,བཟི་བ་,བཟི་,,,GT,KN
བཟོ་བ་,བཟོས་པ་,བཟོ་བ་,བཟོས་,,,,KN
བཟོ་བ་,བཟོས་བ་,བཟོ་བ་,བཟོས་,TDC,PH,,
བཟོད་པ་,བཟོད་པ་,བཟོད་པ་,,TDC,PH,,
བཟོད་པ་,བཟོད་པ་,བཟོད་པ་,བཟོད་,,,GT,KN
འུབ་པ་,འུབས་པ་,འུབ་པ་,འུབས་,,,GT,
འུར་བ་,འུར༼ད༽་བ་,འུར་བ་,འུར༼ད༽་བ་,,,GT,
འོང་བ་,འོངས་པ་,འོང་བ་,,TDC,,,
འོང་བ་,འོངས་པ་,འོང་བ་,འོངས་,,PH,,
འོན་པ་,འོན༼ད༽་པ་,འོན་པ་,འོན༼ད༽་,,,GT,
འོན་པ་,འོན་པ་,འོན་པ་,,TDC,,,
འོར་བ་,འོར་བ་,འོར་བ་,འོར་,TDC,,,
འོས་པ་,འོས་པ་,འོས་པ་,,,PH,,
འོས་པ་,འོས་པ་,འོས་པ་,འོས་,,,GT,
ཡན་པ་,ཡན་པ་,ཡན་པ་,,TDC,,,
ཡར་བ་,ཡར༼ད༽་བ་,ཡར་བ་,ཡར༼ད༽་,,,GT,
ཡར་བ་,ཡར་བ་,ཡར་བ་,,TDC,PH,,
ཡལ་བ་,ཡལ༼ད༽་བ་,ཡལ་བ་,ཡལ༼ད༽་,TDC,,,
ཡལ་བ་,ཡལ་བ་,ཡལ་བ་,,TDC,PH,,KN
ཡས་པ་,ཡས་པ་,ཡས་པ་,ཡས་,,,GT,
ཡིན་པ་,ཡིན༼ད༽་པ་,ཡིན་པ་,ཡིན༼ད༽་,,,GT,
ཡིན་པ་,ཡིན་པ་,ཡིན་པ་,ཡིན,,PH,,
ཡིབ་པ་,ཡིབས་པ་,ཡིབ་པ་,ཡིབས,TDC,,GT,
ཡིབ་པ་,ཡིབས་པ་,ཡིབ་པ་,ཡིབས་,,,,KN
ཡུམ་པ་,ཡུམས་པ་,ཡུམ་པ་,ཡུམས་,,,GT,
ཡུར་བ་,ཡུར༼ད༽་བ་,ཡུར་བ་,ཡུར༼ད༽་,,,GT,
ཡུར་བ་,ཡུར་བ་,ཡུར་བ་,,TDC,,,
ཡེང་བ་,ཡེངས་པ་,ཡེང་བ་,,TDC,,,
ཡེང་བ་,ཡེངས་པ་,ཡེང་བ་,ཡེངས་,,PH,GT,
ཡེར་བ་,ཡེར༼ད༽་བ་,ཡེར་བ་,ཡེར༼ད༽་,,,GT,
ཡེར་བ་,ཡེར་བ་,ཡེར་བ་,,TDC,,,
ཡེར་བ་,ཡེར་བ་,ཡེར་བ་,ཡེར་,TDC,,,
ཡོ་བ་,ཡོ་བ་,ཡོ་བ་,,TDC,,,
ཡོ་བ་,ཡོ་བ་,ཡོ་བ་,ཡོ་,,,GT,
ཡོག་པ་,ཡོགས་པ་,ཡོག་པ་,ཡོགས་,TDC,,,
ཡོང་བ་,ཡོང་བ་,ཡོང་བ་,,TDC,,,
ཡོང་བ་,ཡོང་བ་,ཡོང་བ་,ཡོང་,,,GT,
ཡོད་པ་,ཡོད་པ་,ཡོད་པ་,ཡོད་,,PH,GT,
ཡོབ་པ་,ཡབས་པ་,ཡབ་པ་,ཡོབས་,,,GT,
ཡོམ་པ་,ཡོམས་པ་,ཡོམ་པ་,ཡོམས་,,,GT,
ཡོར་བ་,ཡོར་བ་,ཡོར་བ་,,TDC,,,
ཡོལ་བ་,ཡོལ༼ད༽་བ་,ཡོལ་བ་,ཡོད༼ད༽་,,,GT,
ཡོལ་བ་,ཡོལ་བ་,ཡོལ་བ་,,TDC,,,KN
གཡན་པ་,གཡན༼ད༽་པ་,གཡན་པ་,གཡན༼ད༽་,,,GT,
གཡབ་པ་,གཡབས་པ་,གཡབ་པ་,གཡོབས་,,,,KN
གཡའ་བ་,གཡའ་བ་,གཡའ་བ་,,TDC,,,
གཡའ་བ་,གཡའ་བ་,གཡའ་བ་,གཡའ་,,,GT,
གཡར་བ་,གཡར༼ད༽་བ་,གཡར་བ་,གཡོར༼ད༽་,,,GT,
གཡར་བ་,གཡར་བ་,གཡར་བ་,གཡོར་,TDC,,,KN
གཡལ་བ་,གཡལ༼ད༽་བ་,གཡལ་བ་,གཡལ༼ད༽་,,,GT,
གཡལ་བ་,གཡལ་བ་,གཡལ་བ་,,TDC,,,
གཡིག་པ་,གཡིགས་པ་,གཡིག་པ་,,TDC,,,
གཡིག་པ་,གཡིགས་པ་,གཡིག་པ་,གཡིགས་,,,GT,
གཡུག་པ་,གཡུགས་པ་,གཡུག་པ་,གཡུགས་,TDC,,GT,KN
གཡུང་བ་,གཡུངས་པ་,གཡུང་བ་,གཡུངས་,,,GT,
གཡེང་བ་,གཡེངས་པ་,གཡེང་བ་,,TDC,PH,,KN
གཡེང་བ་,གཡེངས་པ་,གཡེང་བ་,གཡེངས་,,,GT,
གཡེམ་པ་,གཡེམས་པ་,གཡེམ་པ་,གཡེམས་,,,GT,
གཡེར་བ་,གཡེར༼ད༽་བ་,གཡེར་བ་,གཡེར༼ད༽་,,,GT,
གཡེལ་བ་,གཡེལ༼ད༽་བ་,གཡེལ་བ་,གཡེལ༼ད༽་,,,GT,
གཡེལ་བ་,གཡེལ་བ་,གཡེལ་བ་,,TDC,PH,,
གཡེལ་བ་,གཡེལ་བ་,གཡེལ་བ་,གཡེལ་,,,,KN
གཡོ་བ་,གཡོས་པ་,གཡོ་བ་,,TDC,PH,,
གཡོ་བ་,གཡོས་པ་,གཡོ་བ་,གཡོས་,TDC,PH,GT,KN
གཡོག་པ་,གཡོགས་པ་,གཡོག་པ་,གཡོགས་,,,,KN
གཡོག་པ་,གཡོགས་པ་,གཡོག་པ་,གཡོགས་,TDC,PH,GT,
གཡོབ་པ་,གཡབས་པ་,གཡབ་པ་,གཡོབས་,TDC,,GT,
གཡོར་བ་,གཡོར༼ད༽་བ་,གཡོར་བ་,གཡོར༼ད༽་,,,GT,
གཡོར་བ་,གཡོར་བ་,གཡོར་བ་,གཡོར་,TDC,,,
གཡོལ་བ་,གཡོལ༼ད༽་བ་,གཡོལ་བ་,གཡོལ༼ད༽་,,,GT,
གཡོལ་བ་,གཡོལ་བ་,གཡོལ་བ་,གཡོལ་,TDC,,,
རག་པ་,རག་པ་,རག་པ་,,TDC,,,
རག་པ་,རག་པ་,རག་པ་,རག་,,,GT,
རང་བ་,རང་བ་,རང་བ་,,TDC,,,
རང་བ་,རངས་པ་,རང་བ་,,,PH,,
རང་བ་,རངས་པ་,རང་བ་,རངས་,,,GT,
རན་པ་,རན༼ད༽་པ་,རན་པ་,རན༼ད༽་,,,GT,
རལ་བ་,རལ༼ད༽་བ་,རལ་བ་,རལ༼ད༽་,,,GT,
རལ་བ་,རལ་བ་,རལ་བ་,,TDC,,,
རི་བ་,རི་བ་,རི་བ་,,TDC,,,
རི་བ་,རི་བ་,རི་བ་,རི,,,GT,
རིག་པ་,རིག་པ་,རིག་པ་,,TDC,,,
རིག་པ་,རིག་པ་,རིག་པ་,རིག,,PH,GT,
རིགས་པ་,རིགས་པ་,རིགས་པ་,,TDC,,,
རིགས་པ་,རིགས་པ་,རིགས་པ་,རིགས་,,PH,GT,
རིངས་པ་,རིངས་པ་,རིངས་པ་,རིངས་,,,GT,
རིད་པ་,རིད་པ་,རིད་པ་,རིད་,,,GT,
རིལ་བ་,རིལ༼ད༽་བ་,རིལ་བ་,རིལ༼ད༽་,,,GT,
རིལ་བ་,རིལ་བ་,རིལ་བ་,,TDC,,,
རུག་པ་,རུག་པ་,རུག་པ་,རུག་,TDC,,,
རུག་པ་,རུགས་པ་,རུག་པ་,རུགས་,,,GT,
རུང་བ་,རུང་བ་,རུང་བ་,,TDC,PH,,
རུང་བ་,རུང་བ་,རུང་བ་,རུང་,,,GT,
རུད་པ་,རུད་པ་,རུད་པ་,,TDC,,,
རུབ་པ་,རུབས་པ་,རུབ་པ་,,TDC,,,
རུབ་པ་,རུབས་པ་,རུབ་པ་,རུབས་,TDC,,GT,
རུམ་པ་,རུམ་པ་,རུམ་པ་,རུམ་,TDC,,,
རུལ་བ་,རུལ་བ་,རུལ་བ་,,TDC,,,
རེ་བ་,རེ་བ་,རེ་བ་,,TDC,,,
རེ་བ་,རེ་བ་༼རེས་པ་༽,རེ་བ་,རེ་༼རེས་༽,,,GT,
རེག་པ་,རེག་པ་,རེག་པ་,རེག་,TDC,PH,GT,
རེག་པ་,རེགས་པ་,རེགས་པ་,རེགས་,,,GT,
རེང་བ་,རེངས་པ་,རེང་བ་,,TDC,,,
རེང་བ་,རེངས་པ་,རེང་བ་,རེངས་,,,GT,
རེད་པ་,རེད་པ་,རེད་པ་,,TDC,,,
རེད་པ་,རེད་པ་,རེད་པ་,རེད་,,,GT,
རེམ་པ་,རེམས་པ་,རེམ་པ་,རེམས་,TDC,,GT,
རོལ་བ་,རོལ༼ད༽་བ་,རོལ་བ་,རོལ༼ད༽་,,,GT,
རོལ་བ་,རོལ་བ་,རོལ་བ་,,TDC,PH,,
རླག་པ་,བརླགས་པ་,བརླག་པ་,,,,,KN
རླམ་པ་,རླམས་པ་,རླམ་པ་,རླམས་,,,GT,
རླུག་པ་,རླུགས་པ་,རླུག་པ་,རླུགས་,TDC,,GT,
རླུག་པ་,བརླུགས་པ་,བརླུག་པ་,རླུགས་,TDC,,,
རློག་པ་,བརླག་པ་,བརླག་པ་,རློགས་,TDC,,,
རློག་པ་,བརླགས་པ་,བརླག་པ་,རློགས་,,PH,GT,KN
རློན་པ་,བརླན༼ད༽་པ་,བརླན་པ་,རློན༼ད༽་,,,GT,
རློན་པ་,བརླན་པ་,བརླན་པ་,རློན་,TDC,PH,,KN
རློབ་པ་,བརླབས་པ་,བརླབ་པ་,རློབས་,,,,KN
རློབ་པ་,བརླབས་པ་,བརླབ་པ་,རློབས་,TDC,PH,GT,
རློམ་པ་,རློམས་པ་,རློམ་པ་,རློམས་,,,GT,
རློམ་པ་,བརླམས་པ་,བརླམ་པ་,,TDC,,,
རློམ་པ་,བརླམས་པ་,བརླམ་པ་,རློམས་,TDC,PH,,KN
བརླག་པ་,བརླགས་པ་,བརླག་པ་,,TDC,PH,,
ལགས་པ་,ལགས་པ་,ལགས་པ་,,,PH,,
ལགས་པ་,ལགས་པ་,ལགས་པ་,ལགས་,,,GT,
ལང་བ་,ལངས་པ་,ལང་བ་,,TDC,,,
ལང་བ་,ལངས་པ་,ལང་བ་,ལོངས་,TDC,PH,,
ལང་བ་,ལོངས་པ་,ལང་བ་,,TDC,PH,,
ལང་བ་༼ལོང་བ་༽,ལངས་པ་,ལང་བ་,ལོངས་,,,GT,
ལད་པ་,ལད་པ་,ལད་པ་,,TDC,PH,,
ལབ་པ་,ལབ་པ་,ལབ་པ་,ལོབ་,TDC,,,
ལབ་པ་,ལབ་པ་༼ལབས་པ་༽,ལབ་པ་,ལོབ་,,,GT,
ལམ་པ་,ལམས་པ་,ལམ་པ་,ལམས་,,,GT,
ལས་པ་,ལས་པ་,ལས་པ་,ལོས་,TDC,PH,GT,
ལུ་བ་,ལུ་བ་,ལུ་བ་,,TDC,,,
ལུ་བ་,ལུ་བ་,ལུ་བ་,ལུ་,,,GT,
ལུག་པ་,ལུག་པ་,ལུག་པ་,,TDC,,,
ལུག་པ་,ལུགས་པ་,ལུག་པ་,ལུགས་,TDC,,,
ལུད་པ་,ལུད་པ་,ལུད་པ་,,TDC,,,
ལུམ་པ་,ལུམ་པ་,ལུམ་པ་,ལུམ་,,,GT,
ལུས་པ་,ལུས་པ་,ལུས་པ་,,TDC,PH,,
ལེན་པ་,བླངས་པ་,བླང་བ་,ལེན༼ད༽་,,,GT,
ལེན་པ་,བླངས་པ་,བླང་བ་,ལོངས་,TDC,PH,,
ལོ་བ་,ལོ་བ་,ལོ་བ་,ལོ་,,,GT,
ལོག་པ་,ལོག་པ་,ལོག་པ་,,TDC,PH,,
ལོང་བ་,ལོང་པ་,ལོང་བ་,ལོང་,,,GT,
ལོང་བ་,ལོངས་པ་,ལོང་བ་,,TDC,PH,,
ལོན་པ་,ལོན༼ད༽་པ་,ལོན་པ་,ལོན༼ད༽་,,,GT,
ལོན་པ་,ལོན་པ་,ལོན་པ་,ལོན་,TDC,PH,,
ལོབས་པ་,ལོབས་པ་,ལོབས་པ་,,TDC,PH,,
ཤད་པ་,ཤད་པ་,ཤད་པ་,ཤད་,,,GT,
ཤད་པ་,བཤད་པ་,བཤད་པ་,ཤོད་,TDC,,,
ཤབ་པ་,ཤབས་པ་,ཤབ་པ་,ཤོབས་,TDC,,,
ཤལ་བ་,ཤལ༼ད༽་བ་,ཤལ་བ་,ཤལ༼ད༽་,,,GT,
ཤིག་པ་,བཤིགས་པ་,བཤིག་པ་,ཤིགས་,,,GT,KN
ཤིབ་པ་,ཤིབས་པ་,ཤིབ་པ་,ཤིབས་,,,GT,
ཤིལ་བ་,ཤིལ༼ད༽་བ་,ཤིལ་བ་,ཤིལ༼ད༽་,,,GT,
ཤིས་པ་,ཤིས་པ་,ཤིས་པ་,ཤིས་,,,GT,KN
ཤུ་བ་,བཤུས་པ་,བཤུ་བ་,ཤུས་,,,GT,
ཤུག་པ་,བཤུགས་པ་,གཤུབ་པ་༼བཤུབ་པ་༽,ཤུབས་,,PH,,
ཤུག་པ་,བཤུགས་པ་,བཤུག་པ་,ཤུགས་,TDC,PH,,KN
ཤུད་པ་,བཤུད་པ་,སཤུད་པ་,ཤུད་,,,GT,
ཤུབ་པ་,ཤུབས་པ་,ཤུབ་པ་,ཤུབས་,,,GT,
ཤུམ་པ་,བཤུམས་པ་,བཤུམ་པ་,ཤུམས་,,,GT,
ཤུལ་བ་,བཤུལ༼ད༽་བ་,བཤུལ་བ་,ཤུལ༼ད༽་,,,GT,
ཤེར་བ་,བཤེར༼ད༽་བ་,བཤེར་བ་,ཤེར༼ད༽་,,,GT,
ཤེར་བ་,བཤེར་བ་,བཤེར་བ་,ཤེར་,TDC,,,KN
ཤེས་པ་,ཤེས་པ་,ཤེས་པ་,,,,,KN
ཤེས་པ་,ཤེས་པ་,ཤེས་པ་,,TDC,,,
ཤེས་པ་,ཤེས་པ་,ཤེས་པ་,ཤེས་,,PH,GT,
ཤོང་བ་,ཤོང་བ་,ཤོང་བ་,,TDC,,,
ཤོང་བ་,ཤོངས་བ་,ཤོང་བ་,ཤོངས་,,,GT,
ཤོད་པ་,བཤད་པ་,བཤད་པ་,ཤོད་,TDC,,,
ཤོལ་བ་,བཤོལ༼ད༽་བ་,བཤོལ་བ་,ཤོལ༼ད༽་,,,GT,
གཤང་བ་,བཤངས་པ་,བཤང་བ་,གཤངས་,,,GT,
གཤར་བ་,བཤར་བ་,གཤར་བ་,གཤོར་,TDC,,,KN
གཤལ་བ་,བཤལ༼ད༽་བ་,བཤལ་བ་,གཤལ༼ད༽་,,,GT,
གཤིན་པ་,བཤིན༼ད༽་པ་,བཤིན་པ་,གཤིན༼ད༽་,,,GT,
གཤིབ་པ་,གཤིབས་པ་,གཤིབ་པ་,གཤིབས་,TDC,,,KN
གཤིབ་པ་,བཤིབས་པ་,བཤིབ་པ་,གཤིབས་,,,GT,
གཤུག་པ་,བཤུགས་པ་,བཤུག་པ་,གཤུགས་,,,GT,
གཤུང་བ་,བཤུངས་པ་,བཤུང་བ་,ཤུངས་,TDC,,,KN
གཤུང་བ་,བཤུངས་པ་,བཤུང་བ་,གཤུངས་,,,GT,
གཤེ་བ་,གཤེ་བ་,གཤེ་བ་,གཤེ་,TDC,,,KN
གཤེ་བ་,གཤེས་བ་,གཤེ་བ་,གཤེས་,,,GT,
གཤེགས་པ་,གཤེགས་པ་,གཤེགས་པ་,,TDC,,,
གཤེགས་པ་,གཤེགས་པ་,གཤེགས་པ་,གཤེགས་,,PH,GT,
གཤེར་བ་,གཤེར༼ད༽་བ་,ཤེར་བ་,གཤེར༼ད༽་,,,GT,
གཤེར་བ་,གཤེར་བ་,གཤེར་བ་,གཤེར་,,,,KN
གཤོ་བ་,བཤོས་པ་,བཤོ་བ་,ཤོས་,TDC,,,KN
གཤོ་བ་,བཤོས་པ་,བཤོ་བ་,གཤོས་,,,GT,
གཤོག་པ་,གཤགས་པ་,གཤག་པ་,གཤོགས་,,,,KN
གཤོག་པ་,བཤགས་པ་,གཤག་པ་,གཤོགས་,TDC,PH,,
གཤོང་བ་,བཤངས་པ་,བཤང་བ་,ཤོངས,TDC,,,
གཤོང་བ་,བཤངས་པ་,བཤང་བ་,ཤོངས་,,,,KN
གཤོམ་པ་,བཤམས་པ་,བཤམ་པ་,ཤོམས་,TDC,PH,,KN
གཤོར་བ་,བཤར༼ད༽་བ་,བཤར་བ་,གཤོར༼ད༽་,,,GT,
གཤོར་བ་,བཤར་བ་,བཤར་བ་,གཤོར་,TDC,,,
གཤོར་བ་,བཤར་བ་,བཤར་བ་,བཤོར་,,,,KN
གཤོར་བ་,བཤོར་བ་,བཤོར་བ་,གཤོར་,TDC,,,KN
བཤའ་བ་,བཤས་པ་,བཤའ་བ་,བཤས་,,,GT,
བཤའ་བ་,བཤས་པ་,བཤའ་བ་,བཤོས་,TDC,,,KN
བཤལ་བ་,བཤལ་བ་,བཤལ་བ་,,TDC,,,
བཤལ་བ་,བཤལ་བ་,བཤལ་བ་,བཤོལ་,TDC,,,KN
བཤུ་བ་,བཤུས་པ་,བཤུ་བ་,ཤུས་,,,,KN
བཤུ་བ་,བཤུས་པ་,བཤུ་བ་,ཤུས་,TDC,PH,,
བཤུད་པ་,བཤུད་པ་,བཤུད་པ་,,TDC,,,
བཤུད་པ་,བཤུད་པ་,བཤུད་པ་,ཤུད་,TDC,,,KN
བཤུམ་པ་,བཤུམས་པ་,བཤུམ་པ་,ཤུམས་,,,,KN
བཤུམ་པ་,བཤུམས་པ་,བཤུམ་པ་,ཤུམས་,TDC,,,
བཤུར་བ་,བཤུར་བ་,བཤུར་བ་,ཤུར་,TDC,,,KN
བཤོལ་བ་,བཤོལ་བ་,བཤོལ་བ་,ཤོལ་,,,,KN
བཤོལ་བ་,བཤོལ་བ་,བཤོལ་བ་,ཤོལ་,TDC,,,
སངས་པ་,སངས་པ་,སངས་པ་,,TDC,,,
སངས་པ་,སངས་པ་,སངས་པ་,སངས་,,,GT,KN
སངས་པ་,བསངས་པ་,བསང་པ་,སངས་,,,GT,
སད་པ་,སད་པ་,སད་པ་,,TDC,,,
སད་པ་,སད་པ་,སད་པ་,སད་,TDC,PH,GT,KN
སིམ་པ་,སིམས་པ་,སིམ་པ་,,TDC,PH,,
སིམ་པ་,སིམས་པ་,སིམ་པ་,སིམ་,,,,KN
སིམ་པ་,སིམས་པ་,སིམ་པ་,སིམས་,,,GT,
སིལ་བ་,གསིལ༼ད༽་བ་,གསིལ་བ་,སིལ༼ད༽་,,,GT,
སུན་པ་,སུན་པ་,སུན་པ་,,TDC,,,
སུན་པ་,སུན་པ་,སུན་པ་,སུན་,,,,KN
སུན་པ་,བསུན༼ད༽་པ་,བསུན་པ་,སུན༼ད༽་,,,GT,
སུན་པ་,བསུན་པ་,བསུན་པ་,སུན་,,PH,,
སུབ་པ་,བསུབས་པ་,བསུབ་པ་,སུབས་,TDC,,GT,KN
སུམ་པ་,བསུམས་པ་,བསུམ་པ་,སུམས་,,,,KN
སུམ་པ་,བསུམས་པ་,བསུམ་པ་,སུམས་,TDC,,,
སེག་པ་,སེག་པ་,སེག་པ་,,TDC,,,
སེང་བ་,སེངས་པ་,སེང་བ་,,TDC,PH,,
སེམས་པ་,བསམས་པ་,བསམ་པ་,སོམས་,TDC,PH,GT,KN
སེལ་བ་,བསལ༼ད༽་བ་,བསལ་བ་,སེལ༼ད༽་,,,GT,
སེལ་བ་,བསལ་བ་,གསལ་བ་,སོལ་,,,,KN
སེལ་བ་,བསལ་བ་,བསལ་བ་,སེལ་༼སོལ་༽,,PH,,
སེལ་བ་,བསལ་བ་,བསལ་བ་,སོལ་,TDC,,,
སོགས་པ་,སོགས་པ་,སོགས་པ་,,TDC,,,
སོང་བ་,སོང་བ་,སོང་བ་,,,PH,,
སོང་བ་,སོང་བ་,སོང་བ་,སོང་,,,GT,
སོན་པ་,སོན༼ད༽་པ་,སོན་པ་,སོན༼ད༽་,,,GT,
སོན་པ་,སོན་པ་,སོན་པ་,,TDC,PH,,KN
སོན་པ་,བསོན༼ད༽་པ་,བསོན་པ་,སོན༼ད༽་,,,GT,
སོས་པ་,སོས་པ་,སོས་པ་,,TDC,PH,,
སོས་པ་,སོས་པ་,སོས་པ་,སོས་,,,GT,
སྲ་བ་,བསྲ་བ་,བསྲ་བ་,སྲ་,,,GT,
སྲན་པ་,བསྲན༼ད༽་པ་,བསྲན་པ་,སྲན༼ད༽་,,,GT,
སྲན་པ་,བསྲན་པ་,བསྲན་པ་,སྲོན་,TDC,,,KN
སྲབ་པ་,བསྲབས་པ་,བསྲབ་པ་,སྲབས་,,,GT,
སྲབ་པ་,བསྲབས་པ་,བསྲབ་པ་,སྲོབས་,TDC,PH,,
སྲི་བ་,བསྲིས་པ་,བསྲི་བ་,སྲིས་,TDC,,GT,KN
སྲིང་བ་,བསྲིངས་པ་,བསྲིང་བ་,སྲིངས་,,,,KN
སྲིང་བ་,བསྲིངས་པ་,བསྲིང་བ་,སྲིངས་,TDC,PH,GT,
སྲིད་པ་,སྲིད་པ་,སྲིད་པ་,སྲིད་,,,GT,
སྲིབ་པ་,སྲིབ་པ་,སྲིབ་པ་,,TDC,,,
སྲུང་བ་,བསྲུངས་པ་,བསྲུང་བ་,སྲུངས་,TDC,PH,GT,KN
སྲུན་བ་,བསྲུན༼ད༽་པ་,བསྲུན་བ་,སྲུན༼ད༽་,,,GT,
སྲུན་བ་,བསྲུན་པ་,བསྲུན་བ་,སྲུན་,,PH,,
སྲུབ་པ་,བསྲུབས་པ་,བསྲུབ་པ་,སྲུབས་,TDC,,GT,KN
སྲུལ་བ་,བསྲུལ༼ད༽་བ་,བསྲུལ་བ་,སྲུལ༼ད༽་,,,GT,
སྲེ་བ་,བསྲེས་པ་,བསྲེ་བ་,སྲེས་,TDC,PH,GT,KN
སྲེག་པ་,བསྲེགས་པ་,བསྲེག་པ་,སྲེགས་,,,,KN
སྲེག་པ་,བསྲེགས་པ་,བསྲེག་པ་,སྲེགས་,TDC,PH,GT,
སྲེད་པ་,སྲེད་པ་,སྲེད་པ་,,TDC,,,
སྲེད་པ་,སྲེད་པ་,སྲེད་པ་,སྲེད་,,PH,GT,
སྲེལ་བ་,བསྲེལ༼ད༽་བ་,བསྲེལ་བ་,སྲེལ༼ད༽་,,,GT,
སྲེལ་བ་,བསྲེལ་བ་,སྲེལ་བ་,སྲེལ་,,,,KN
སྲེལ་བ་,བསྲེལ་བ་,བསྲེལ་བ་,སྲེལ་,TDC,PH,,
སྲོ་བ་,བསྲོས་པ་,བསྲོ་བ་,སྲོས་,TDC,,GT,KN
སྲོང་བ་,བསྲངས་པ་,བསྲང་བ་,སྲོངས་,,,,KN
སྲོང་བ་,བསྲངས་པ་,བསྲང་བ་,སྲོངས་,TDC,,GT,
སྲོས་པ་,སྲོས་པ་,སྲོས་པ་,,TDC,,,
སླ་བ་,སླ་བ་,སླ་བ་,,,PH,,
སླ་བ་,བསླས་པ་,བསླ་བ་,སླས་,,,GT,
སླ་བ་,བསླས་པ་,བསླ་བ་,སློས་,TDC,PH,,
སླག་པ་,བསླགས་པ་,གསླག་པ་,སླགས་,,,GT,
སླང་བ་,སླངས་པ་,སླང་བ་,,,PH,,
སླད་པ་,བསླད་པ་,བསླད་པ་,སླད་,,PH,GT,
སླུ་བ་,བསླུས་པ་,བསླུ་བ་,སླུས་,TDC,PH,GT,KN
སླེབ་པ་,སླེབས་པ་,སླེབ་པ་,,TDC,PH,,
སླེབ་པ་,སླེབས་པ་,སླེབ་པ་,སླེབས་,,,GT,
སླེབ་པ་,བསླེབས་པ་,བསླེབ་པ་,,,,,KN
སླེབ་པ་,བསླེབས་པ་,བསླེབ་པ་,སླེབས་,,,GT,
སློག་པ་,བསློགས་པ་,བསློག་པ་,སློགས་,TDC,,GT,KN
སློང་བ་,བསླངས་པ་,བསླང་བ་,སློངས་,,,,KN
སློང་བ་,བསླངས་པ་,བསླང་བ་,སློངས་,TDC,PH,,
སློང་བ་༼སླང་བ་༽,བསླངས་པ་,བསླང་བ་,སློངས་,,,GT,
སློད་པ་,བསླད་པ་,བསླད་པ་,སློད་,TDC,,,KN
སློན་པ་,བསླན༼ད༽་པ་,བསླན་པ་,སློན༼ད༽་,,,GT,
སློན་པ་,བསླན་པ་,བསླན་པ་,སློན་,TDC,,,KN
སློབ་པ་,བསླབས་པ་,བསླབ་པ་,སློབས་,,,,KN
སློབ་པ་,བསླབས་པ་,བསླབ་པ་,སློབས་,TDC,PH,GT,
གསང་བ་,གསངས་པ་,གསང་བ་,གསོངས་,TDC,,,KN
གསན་པ་,བསན༼ད༽་པ་,བསན་པ་,གསན༼ད༽་,,,GT,
གསན་པ་,གསན༼ད༽་པ་,གསན་པ་,གསོན༼ད༽་,,,GT,
གསན་པ་,གསན་པ་,གསན་པ་,གསོན་,TDC,PH,,
གསལ་བ་,གསལ༼ད༽་བ་,གསལ་བ་,གསལ༼ད༽་,,,GT,
གསལ་བ་,གསལ་བ་,གསལ་བ་,,,PH,,
གསིག་པ་,གསིགས་པ་༼བསིགས་པ་༽,གསིག་པ་༼བསིག་པ་༽,གསིགས་,,,GT,
གསིག་པ་,བསིགས་པ་,བསིག་པ་,སིགས་,TDC,,,KN
གསིར་བ་,གསིར་བ་,གསིར་བ་,གསིར་,TDC,,,
གསིལ་བ་,གསིལ༼ད༽་བ་,གསིལ་བ་,གསིལ༼ད༽་,,,GT,
གསིལ་བ་,གསིལ་བ་,གསིལ་བ་,གསིལ་,TDC,PH,,KN
གསིལ་བ་,བསིལ་བ་,གསིལ་བ་,གསིལ་,,,,KN
གསིལ་བ་,བསིལ་བ་,གསིལ་བ་,གསིལ་,TDC,,,
གསུང་བ་,གསུངས་པ་,གསུང་བ་,གསུངས་,TDC,PH,GT,KN
གསེ་བ་,གསེས་པ་,གསེ་བ་,གསེས་,,,,KN
གསེ་བ་,གསེས་པ་,གསེ་བ་,གསེས་,TDC,,,
གསེད་པ་,གསེད་པ་,གསེད་པ་,སེད་,,,,KN
གསེད་པ་,བསེད་པ་,གསེད་པ་,སེད་,TDC,,,
གསེས་པ་,བསེད་པ་,གསེད་པ་,སེས་,,,GT,
གསོ་བ་,གསོས་པ་,གསོ་བ་,གསོས་,TDC,PH,,KN
གསོ་བ་,བསོས་པ་,བསོ་བ་,གསོས་,TDC,,,
གསོག་པ་,བསགས་པ་,བསག་པ་,སོག་,TDC,PH,,KN
གསོག་པ་,བསགས་པ་,བསག་པ་,གསོགས་,,,GT,
གསོག་པ་,བསོགས་པ་,བསོག་པ་,སོག་,TDC,,,
གསོང་བ་,གསངས་པ་,གསང་བ་,གསོངས་,,,GT,
གསོད་པ་,བསད་པ་,གསད་པ་,སོད་,TDC,PH,GT,KN
གསོན་པ་,གསན་པ་,གསན་པ་,གསོན་,,,,KN
གསོན་པ་,གསན་པ་,གསན་པ་,གསོན་,TDC,PH,,
གསོན་པ་,གསོན༼ད༽་པ་,གསོན་པ་,གསོན༼ད༽་,,,GT,
གསོན་པ་,གསོན་པ་,གསོན་པ་,,TDC,,,
གསོབ་པ་,བསབས་པ་,བསབ་པ་,སོབས་,TDC,,,KN
གསོར་བ་,གསོར་བ་,གསོར་བ་,གསོར་,,,,KN
གསོར་བ་,གསོར་བ་,གསོར་བ་,གསོར་,TDC,PH,,
གསོར་བ་,བསར༼ད༽་བ་,བསར་བ་,གསོར༼ད༽་,,,GT,
གསོར་བ་,བསར་བ་,བསར་བ་,གསོར་,TDC,PH,,KN
གསོལ་བ་,གསོལ་བ་,གསོལ་བ་,གསོལ་,,,,KN
གསོལ་བ་,གསོལ་བ་,གསོལ་བ་,གསོལ་,TDC,,,
གསོས་པ་,བསོས་པ་,བསོ་བ་,གསོས་,,PH,,
གསོས་པ་༼འཚོ་བ་༽,བསོས་པ་,གསོ་བ་༼བསོ་བ་༽,གསོས་,,,GT,
བསང་བ་,བསངས་པ་,བསང་བ་,སོངས་,TDC,,,KN
བསིང་བ་,བསིངས་པ་,བསིང་བ་,བསིངས་,,,,KN
བསིང་བ་,བསིངས་པ་,བསིང་བ་,བསིངས་,TDC,,,
བསིར་བ་,བསིར་བ་,བསིར་བ་,བསིར་,TDC,,,
བསིལ་བ་,བསིལ༼ད༽་བ་,བསིལ་བ་,བསིལ༼ད༽་,,,GT,
བསིལ་བ་,བསིལ་བ་,བསིལ་བ་,,,PH,,
བསིལ་བ་,བསིལ་བ་,བསིལ་བ་,བསིལ་,TDC,,,KN
བསུ་བ་,བསུས་པ་,བསུ་བ་,བསུས་,,,,KN
བསུ་བ་,བསུས་པ་,བསུ་བ་,བསུས་,TDC,PH,GT,
ཧང་བ་,ཧངས་པ་,ཧང་བ་,ཧངས་,,,GT,
ཧབ་,ཧབས་པ་,ཧབ་,ཧབ་,,,GT,
ཧར་བ་,ཧར༼ད༽་བ་,ཧར་བ་,ཧར༼ད༽་,,,GT,
ཧས་པ་,ཧས་པ་,ཧས་པ་,ཧས་,,,GT,
ཧྲལ་བ་,ཧྲལ༼ད༽་བ་,ཧྲལ་བ་,ཧྲོལ༼ད༽་,,,GT,
ཧྲིངས་པ་,ཧྲིངས་པ་,ཧྲིངས་པ་,,TDC,,,
ཧྲུལ་བ་,ཧྲུལ༼ད༽་བ་,ཧྲུལ་བ་,ཧྲུལ༼ད༽་,,,GT,
ཧྲེང་བ་,ཧྲེངས་པ་,ཧྲེང་བ་,ཧྲེངས་,,,GT,
ཧྲེམ་པ་,ཧྲེམས་པ་,ཧྲེམ་པ་,ཧྲེམས་,,,GT,
ལྷག་པ་,ལྷག་པ་,ལྷག་པ་,,TDC,,,
ལྷག་པ་,ལྷག་པ་,ལྷག་པ་,ལྷག་,,PH,GT,
ལྷགས་པ་,ལྷགས་པ་,ལྷགས་པ་,,TDC,,,
ལྷགས་པ་,ལྷགས་པ་,ལྷགས་པ་,ལྷགས་,,,GT,
ལྷུང་བ་,ལྷུངས་པ་,ལྷུང་བ་,,TDC,,,
ལྷུང་བ་,ལྷུངས་པ་,ལྷུང་བ་,ལྷུངས་,,PH,GT,
ལྷོང་བ་,ལྷོངས་པ་,ལྷོང་བ་,,TDC,,,
ལྷོང་བ་,ལྷོངས་པ་,ལྷོང་བ་,ལྷོངས་,,,GT,
ལྷོད་པ་,ལྷོད་པ་,ལྷོད་པ་,ལྷོད་,TDC,PH,,
ལྷོན་པ་,ལྷོན་པ་,ལྷོན་པ་,,TDC,,,
